,dataset,criteria,avg_test_error,precision_at_k,ground_truth_hit,avg_size
0,BFGS_cluster_results_f4_100_2,MSE_train_opt,0.001279125598188305,0.4406779661016949,0.0,55.67796610169491
1,BFGS_cluster_results_f4_100_2,AIC,0.0007714772172968965,0.7966101694915254,1.0,33.76271186440678
2,BFGS_cluster_results_f4_100_2,BIC,0.0007652148149482781,0.7966101694915254,1.0,33.57627118644068
3,BFGS_cluster_results_f4_100_2,AICc,0.0007714772172968965,0.7966101694915254,1.0,33.76271186440678
4,BFGS_cluster_results_f4_100_2,MDL,0.0007065007180474271,0.8305084745762712,1.0,33.16949152542373
5,BFGS_cluster_results_f4_100_2,Err_in,0.0007907549557613255,0.7627118644067796,1.0,41.3728813559322
