,dataset,criteria,avg_test_error,precision_at_k,ground_truth_hit,avg_size
0,BFGS_pert_results_f3_100_1,MSE_train_opt,0.0011194778201902866,0.9318181818181818,0.0,47.09090909090909
1,BFGS_pert_results_f3_100_1,AIC,0.0011266648195396526,0.7727272727272727,1.0,40.06818181818182
2,BFGS_pert_results_f3_100_1,BIC,0.001133087379307682,0.75,1.0,39.38636363636363
3,BFGS_pert_results_f3_100_1,AICc,0.0011266648195396524,0.7727272727272727,1.0,40.06818181818182
4,BFGS_pert_results_f3_100_1,MDL,0.0015817000363778874,0.5227272727272727,1.0,29.272727272727273
5,BFGS_pert_results_f3_100_1,Err_in,0.002004547622273437,0.5454545454545454,1.0,42.70454545454545
