,dataset,criteria,avg_test_error,precision_at_k,ground_truth_hit,avg_size
0,BFGS_cluster_results_f7_100_2,MSE_train_opt,0.008827483078025384,0.967741935483871,1.0,28.881720430107528
1,BFGS_cluster_results_f7_100_2,AIC,0.008754637988730427,0.978494623655914,1.0,27.483870967741936
2,BFGS_cluster_results_f7_100_2,BIC,0.008754637988730427,0.978494623655914,1.0,27.483870967741936
3,BFGS_cluster_results_f7_100_2,AICc,0.008754637988730427,0.978494623655914,1.0,27.483870967741936
4,BFGS_cluster_results_f7_100_2,MDL,0.008700816253886244,0.978494623655914,1.0,27.526881720430108
5,BFGS_cluster_results_f7_100_2,Err_in,0.00874541839015864,0.978494623655914,1.0,28.763440860215052
