,dataset,criteria,avg_test_error,precision_at_k,ground_truth_hit,avg_size
0,BFGS_pert_results_f2_100_2,MSE_train_opt,0.0117342547284452,0.0,0.0,64.33333333333333
1,BFGS_pert_results_f2_100_2,AIC,0.0117342547284452,0.0,0.0,64.33333333333333
2,BFGS_pert_results_f2_100_2,BIC,0.011689753272420235,0.0,0.0,58.666666666666664
3,BFGS_pert_results_f2_100_2,AICc,0.0117342547284452,0.0,0.0,64.33333333333333
4,BFGS_pert_results_f2_100_2,MDL,0.011878223278743069,0.0,0.0,25.0
5,BFGS_pert_results_f2_100_2,Err_in,0.01394234563562203,0.3333333333333333,0.0,33.333333333333336
