,dataset,criteria,avg_test_error,precision_at_k,ground_truth_hit,avg_size
0,BFGS_cluster_results_f4_100_2,MSE_train_opt,0.001432474997005552,0.125,0.0,60.645833333333336
1,BFGS_cluster_results_f4_100_2,AIC,0.0007969053045071855,0.7083333333333334,1.0,32.833333333333336
2,BFGS_cluster_results_f4_100_2,BIC,0.0007378418538089125,0.7291666666666666,1.0,32.354166666666664
3,BFGS_cluster_results_f4_100_2,AICc,0.0007535956169254125,0.7291666666666666,1.0,32.5625
4,BFGS_cluster_results_f4_100_2,MDL,0.0006253490538855854,0.8333333333333334,1.0,31.270833333333332
5,BFGS_cluster_results_f4_100_2,Err_in,0.0006951970130931583,0.7916666666666666,1.0,39.479166666666664
