,dataset,criteria,avg_test_error,precision_at_k,ground_truth_hit,avg_size
0,BFGS_orig_results_f6_100_2,MSE_train_opt,0.0005906316788817552,0.7945205479452054,0.0,48.657534246575345
1,BFGS_orig_results_f6_100_2,AIC,0.0006242119920567631,0.7671232876712328,1.0,36.342465753424655
2,BFGS_orig_results_f6_100_2,BIC,0.0006242119920567631,0.7671232876712328,1.0,36.342465753424655
3,BFGS_orig_results_f6_100_2,AICc,0.0006242119920567631,0.7671232876712328,1.0,36.342465753424655
4,BFGS_orig_results_f6_100_2,MDL,0.0006205468509277124,0.7671232876712328,1.0,36.3013698630137
5,BFGS_orig_results_f6_100_2,Err_in,0.0005906316788817552,0.7945205479452054,0.0,48.657534246575345
