,dataset,criteria,avg_test_error,precision_at_k,ground_truth_hit,avg_size
0,BFGS_cluster_results_f2_100_2,MSE_train_opt,5.156941270037064e-05,0.8571428571428571,0.0,42.32142857142857
1,BFGS_cluster_results_f2_100_2,AIC,3.0566288473948584e-05,0.9523809523809523,1.0,32.73809523809524
2,BFGS_cluster_results_f2_100_2,BIC,3.0566288473948584e-05,0.9523809523809523,1.0,32.73809523809524
3,BFGS_cluster_results_f2_100_2,AICc,3.0566288473948584e-05,0.9523809523809523,1.0,32.73809523809524
4,BFGS_cluster_results_f2_100_2,MDL,2.9331849728673852e-05,0.9642857142857143,1.0,32.88095238095238
5,BFGS_cluster_results_f2_100_2,Err_in,2.8825873868566582e-05,0.9523809523809523,1.0,35.357142857142854
