,dataset,criteria,avg_test_error,precision_at_k,ground_truth_hit,avg_size
0,BFGS_cluster_results_f1_100_10,MSE_train_opt,0.028130104046735594,0.8148148148148148,1.0,43.96296296296296
1,BFGS_cluster_results_f1_100_10,AIC,0.023865287324958993,0.8641975308641975,1.0,38.74074074074074
2,BFGS_cluster_results_f1_100_10,BIC,0.01926570024268674,0.9135802469135802,1.0,37.48148148148148
3,BFGS_cluster_results_f1_100_10,AICc,0.02094342853075183,0.9012345679012346,1.0,37.93827160493827
4,BFGS_cluster_results_f1_100_10,MDL,0.02073142937523239,0.9012345679012346,1.0,37.02469135802469
5,BFGS_cluster_results_f1_100_10,Err_in,0.01835657482536377,0.9259259259259259,1.0,39.864197530864196
