,dataset,criteria,avg_test_error,precision_at_k,ground_truth_hit,avg_size
0,BFGS_cluster_results_f1_100_10,MSE_train_opt,0.029546307835167714,0.72,0.0,45.013333333333335
1,BFGS_cluster_results_f1_100_10,AIC,0.021376591571740603,0.8133333333333334,1.0,38.22666666666667
2,BFGS_cluster_results_f1_100_10,BIC,0.019672019654752886,0.84,1.0,36.68
3,BFGS_cluster_results_f1_100_10,AICc,0.019747570268696307,0.84,1.0,37.16
4,BFGS_cluster_results_f1_100_10,MDL,0.019556870949575245,0.8533333333333334,1.0,35.56
5,BFGS_cluster_results_f1_100_10,Err_in,0.016583713674946182,0.9333333333333333,1.0,38.74666666666667
