,dataset,criteria,avg_test_error,precision_at_k,ground_truth_hit,avg_size
0,BFGS_pert_results_f5_100_3,MSE_train_opt,0.04154926938624125,0.32432432432432434,0.0,46.67567567567568
1,BFGS_pert_results_f5_100_3,AIC,0.0415642825452047,0.4594594594594595,1.0,37.5945945945946
2,BFGS_pert_results_f5_100_3,BIC,0.0415642825452047,0.4594594594594595,1.0,37.5945945945946
3,BFGS_pert_results_f5_100_3,AICc,0.0415642825452047,0.4594594594594595,1.0,37.5945945945946
4,BFGS_pert_results_f5_100_3,MDL,0.04063283494498575,0.5405405405405406,1.0,34.729729729729726
5,BFGS_pert_results_f5_100_3,Err_in,3.87463707898665,0.35135135135135137,0.0,50.729729729729726
