,dataset,criteria,avg_test_error,precision_at_k,ground_truth_hit,avg_size
0,BFGS_orig_results_f2_100_2,MSE_train_opt,1.4939094110032986e-05,0.0,0.0,36.74074074074074
1,BFGS_orig_results_f2_100_2,AIC,4.6435221521543036e-06,0.25925925925925924,1.0,24.62962962962963
2,BFGS_orig_results_f2_100_2,BIC,4.6435221521543036e-06,0.25925925925925924,1.0,24.62962962962963
3,BFGS_orig_results_f2_100_2,AICc,4.6435221521543036e-06,0.25925925925925924,1.0,24.62962962962963
4,BFGS_orig_results_f2_100_2,MDL,6.771254706531355e-06,0.25925925925925924,1.0,24.37037037037037
5,BFGS_orig_results_f2_100_2,Err_in,1.4939094110032986e-05,0.0,0.0,36.74074074074074
