,dataset,criteria,avg_test_error,precision_at_k,ground_truth_hit,avg_size
0,BFGS_pert_results_f7_100_2,MSE_train_opt,0.008550469297870334,0.06666666666666667,1.0,32.6
1,BFGS_pert_results_f7_100_2,AIC,0.008421340184996606,0.13333333333333333,1.0,24.166666666666668
2,BFGS_pert_results_f7_100_2,BIC,0.008421340184996606,0.13333333333333333,1.0,24.166666666666668
3,BFGS_pert_results_f7_100_2,AICc,0.008421340184996606,0.13333333333333333,1.0,24.166666666666668
4,BFGS_pert_results_f7_100_2,MDL,0.008421336543814472,0.16666666666666666,1.0,23.5
5,BFGS_pert_results_f7_100_2,Err_in,0.008403205315661381,0.3,0.0,27.766666666666666
