,dataset,criteria,avg_test_error,precision_at_k,ground_truth_hit,avg_size
0,BFGS_cluster_results_f1_100_10,MSE_train_opt,0.02690923892825872,0.896551724137931,1.0,43.11494252873563
1,BFGS_cluster_results_f1_100_10,AIC,0.023463823851288146,0.9310344827586207,1.0,39.333333333333336
2,BFGS_cluster_results_f1_100_10,BIC,0.022654409117454602,0.9425287356321839,1.0,39.02298850574713
3,BFGS_cluster_results_f1_100_10,AICc,0.023463823851288146,0.9310344827586207,1.0,39.333333333333336
4,BFGS_cluster_results_f1_100_10,MDL,0.02146380298586137,0.9425287356321839,1.0,38.770114942528735
5,BFGS_cluster_results_f1_100_10,Err_in,0.01998296076714492,0.9655172413793104,1.0,41.04597701149425
