,dataset,criteria,avg_test_error,precision_at_k,ground_truth_hit,avg_size
0,BFGS_orig_results_f3_100_1,MSE_train_opt,1.195909194887644e-06,0.13043478260869565,0.0,44.91304347826087
1,BFGS_orig_results_f3_100_1,AIC,4.3805761744760337e-07,0.41304347826086957,1.0,28.58695652173913
2,BFGS_orig_results_f3_100_1,BIC,4.3805761744760337e-07,0.41304347826086957,1.0,28.58695652173913
3,BFGS_orig_results_f3_100_1,AICc,4.3805761744760337e-07,0.41304347826086957,1.0,28.58695652173913
4,BFGS_orig_results_f3_100_1,MDL,4.276892502378663e-07,0.45652173913043476,1.0,28.391304347826086
5,BFGS_orig_results_f3_100_1,Err_in,1.212560502447188e-06,0.13043478260869565,0.0,42.71739130434783
