,dataset,criteria,avg_test_error,precision_at_k,ground_truth_hit,avg_size
0,BFGS_pert_results_f4_100_2,MSE_train_opt,0.013610131128955788,0.7804878048780488,0.0,46.51219512195122
1,BFGS_pert_results_f4_100_2,AIC,0.5755534713663576,0.7560975609756098,0.0,44.80487804878049
2,BFGS_pert_results_f4_100_2,BIC,0.013863026686499651,0.7560975609756098,1.0,43.75609756097561
3,BFGS_pert_results_f4_100_2,AICc,0.5754751657675736,0.7560975609756098,0.0,44.46341463414634
4,BFGS_pert_results_f4_100_2,MDL,0.5770969553151822,0.5853658536585366,1.0,34.853658536585364
5,BFGS_pert_results_f4_100_2,Err_in,0.020953962701319724,0.5365853658536586,0.0,51.53658536585366
