,dataset,criteria,avg_test_error,precision_at_k,ground_truth_hit,avg_size
0,BFGS_cluster_results_f5_100_3,MSE_train_opt,0.09466825546405866,0.9571428571428572,1.0,47.371428571428574
1,BFGS_cluster_results_f5_100_3,AIC,0.09466825546405866,0.9571428571428572,1.0,47.371428571428574
2,BFGS_cluster_results_f5_100_3,BIC,0.09466200296463761,0.9571428571428572,1.0,47.17142857142857
3,BFGS_cluster_results_f5_100_3,AICc,0.09466200296463761,0.9571428571428572,1.0,47.17142857142857
4,BFGS_cluster_results_f5_100_3,MDL,0.09465213190029205,0.9571428571428572,1.0,46.9
5,BFGS_cluster_results_f5_100_3,Err_in,0.09512096583972164,0.9428571428571428,1.0,46.457142857142856
