,dataset,criteria,avg_test_error,precision_at_k,ground_truth_hit,avg_size
0,BFGS_orig_results_f4_100_2,MSE_train_opt,0.014564924195015795,0.0,0.0,47.38461538461539
1,BFGS_orig_results_f4_100_2,AIC,0.0005068427765817795,0.23076923076923078,1.0,31.76923076923077
2,BFGS_orig_results_f4_100_2,BIC,0.000498083109766276,0.23076923076923078,1.0,31.923076923076923
3,BFGS_orig_results_f4_100_2,AICc,0.0005068427765817795,0.23076923076923078,1.0,31.76923076923077
4,BFGS_orig_results_f4_100_2,MDL,1.8671692318424863e-05,0.3076923076923077,1.0,29.923076923076923
5,BFGS_orig_results_f4_100_2,Err_in,0.014564924195015795,0.0,0.0,47.38461538461539
