,dataset,criteria,avg_test_error,precision_at_k,ground_truth_hit,avg_size
0,BFGS_orig_results_f7_100_2,MSE_train_opt,0.008507990038361104,0.045454545454545456,0.0,35.27272727272727
1,BFGS_orig_results_f7_100_2,AIC,0.008404412029642074,0.0,1.0,23.681818181818183
2,BFGS_orig_results_f7_100_2,BIC,0.008404412029642074,0.0,1.0,23.681818181818183
3,BFGS_orig_results_f7_100_2,AICc,0.008404412029642074,0.0,1.0,23.681818181818183
4,BFGS_orig_results_f7_100_2,MDL,0.008345193515034936,0.045454545454545456,1.0,23.181818181818183
5,BFGS_orig_results_f7_100_2,Err_in,0.008295201651490093,0.13636363636363635,0.0,31.954545454545453
