,dataset,criteria,avg_test_error,precision_at_k,ground_truth_hit,avg_size
0,BFGS_pert_results_f6_100_2,MSE_train_opt,0.1581949938119371,1.0,0.0,55.84615384615385
1,BFGS_pert_results_f6_100_2,AIC,0.1581949938119371,1.0,0.0,55.84615384615385
2,BFGS_pert_results_f6_100_2,BIC,0.1581949938119371,1.0,0.0,55.84615384615385
3,BFGS_pert_results_f6_100_2,AICc,0.1581949938119371,1.0,0.0,55.84615384615385
4,BFGS_pert_results_f6_100_2,MDL,0.16017744382102705,0.9230769230769231,0.0,51.92307692307692
5,BFGS_pert_results_f6_100_2,Err_in,0.919958879711263,0.15384615384615385,1.0,47.07692307692308
