,dataset,criteria,avg_test_error,precision_at_k,ground_truth_hit,avg_size
0,BFGS_cluster_results_f5_100_3,MSE_train_opt,0.010790977208191317,0.7575757575757576,1.0,47.60606060606061
1,BFGS_cluster_results_f5_100_3,AIC,0.006318645529323094,0.8181818181818182,1.0,37.93939393939394
2,BFGS_cluster_results_f5_100_3,BIC,0.005829185057737162,0.8181818181818182,1.0,37.06060606060606
3,BFGS_cluster_results_f5_100_3,AICc,0.0063186455293230935,0.8181818181818182,1.0,37.93939393939394
4,BFGS_cluster_results_f5_100_3,MDL,0.006100798364707839,0.7878787878787878,1.0,34.54545454545455
5,BFGS_cluster_results_f5_100_3,Err_in,0.00851312243850699,0.696969696969697,1.0,36.81818181818182
