,dataset,criteria,avg_test_error,precision_at_k,ground_truth_hit,avg_size
0,BFGS_cluster_results_f6_100_2,MSE_train_opt,0.3140705448824497,0.6590909090909091,1.0,53.47727272727273
1,BFGS_cluster_results_f6_100_2,AIC,0.30671719708102835,0.6818181818181818,1.0,48.0
2,BFGS_cluster_results_f6_100_2,BIC,0.29815718999790847,0.7045454545454546,1.0,45.95454545454545
3,BFGS_cluster_results_f6_100_2,AICc,0.2979880092660267,0.7045454545454546,1.0,46.54545454545455
4,BFGS_cluster_results_f6_100_2,MDL,0.3120228276285084,0.6818181818181818,1.0,39.34090909090909
5,BFGS_cluster_results_f6_100_2,Err_in,0.33699906246331435,0.5681818181818182,1.0,48.84090909090909
