,dataset,criteria,avg_test_error,precision_at_k,ground_truth_hit,avg_size
0,BFGS_orig_results_f3_100_1,MSE_train_opt,1.1746674764348349e-06,0.1276595744680851,0.0,44.680851063829785
1,BFGS_orig_results_f3_100_1,AIC,4.2873724357715186e-07,0.44680851063829785,1.0,28.76595744680851
2,BFGS_orig_results_f3_100_1,BIC,4.2873724357715186e-07,0.44680851063829785,1.0,28.76595744680851
3,BFGS_orig_results_f3_100_1,AICc,4.2873724357715186e-07,0.44680851063829785,1.0,28.76595744680851
4,BFGS_orig_results_f3_100_1,MDL,4.185894791237755e-07,0.48936170212765956,1.0,28.595744680851062
5,BFGS_orig_results_f3_100_1,Err_in,1.1868970572502655e-06,0.1276595744680851,0.0,42.53191489361702
