,dataset,criteria,avg_test_error,precision_at_k,ground_truth_hit,avg_size
0,BFGS_pert_results_f7_100_2,MSE_train_opt,0.008638459356952748,0.0,0.0,33.76190476190476
1,BFGS_pert_results_f7_100_2,AIC,0.008407233829452646,0.0,1.0,23.761904761904763
2,BFGS_pert_results_f7_100_2,BIC,0.008407233829452646,0.0,1.0,23.761904761904763
3,BFGS_pert_results_f7_100_2,AICc,0.008407233829452646,0.0,1.0,23.761904761904763
4,BFGS_pert_results_f7_100_2,MDL,0.008345195426030395,0.047619047619047616,1.0,23.095238095238095
5,BFGS_pert_results_f7_100_2,Err_in,0.008428032733805471,0.23809523809523808,0.0,27.285714285714285
