,dataset,criteria,avg_test_error,precision_at_k,ground_truth_hit,avg_size
0,BFGS_cluster_results_f2_100_2,MSE_train_opt,8.022969483020546e-05,0.0851063829787234,0.0,54.276595744680854
1,BFGS_cluster_results_f2_100_2,AIC,2.054782571415808e-05,0.723404255319149,1.0,26.21276595744681
2,BFGS_cluster_results_f2_100_2,BIC,1.8531461842885244e-05,0.7446808510638298,1.0,25.74468085106383
3,BFGS_cluster_results_f2_100_2,AICc,2.054782571415808e-05,0.723404255319149,1.0,26.21276595744681
4,BFGS_cluster_results_f2_100_2,MDL,1.8359545333169282e-05,0.7659574468085106,1.0,25.595744680851062
5,BFGS_cluster_results_f2_100_2,Err_in,1.5644922150287792e-05,0.8297872340425532,0.0,27.76595744680851
