,dataset,criteria,avg_test_error,precision_at_k,ground_truth_hit,avg_size
0,BFGS_cluster_results_f2_100_2,MSE_train_opt,0.00014295293230467667,0.0,0.0,75.23809523809524
1,BFGS_cluster_results_f2_100_2,AIC,2.0269633465823093e-05,0.3333333333333333,1.0,25.80952380952381
2,BFGS_cluster_results_f2_100_2,BIC,1.5192862441307495e-05,0.38095238095238093,1.0,24.238095238095237
3,BFGS_cluster_results_f2_100_2,AICc,1.9702647330943455e-05,0.3333333333333333,1.0,25.523809523809526
4,BFGS_cluster_results_f2_100_2,MDL,1.5138478558264329e-05,0.3333333333333333,1.0,23.761904761904763
5,BFGS_cluster_results_f2_100_2,Err_in,1.5162164928566211e-05,0.38095238095238093,0.0,27.904761904761905
