,dataset,criteria,avg_test_error,precision_at_k,ground_truth_hit,avg_size
0,BFGS_orig_results_f6_100_2,MSE_train_opt,0.0005605491096761792,0.391304347826087,0.0,56.82608695652174
1,BFGS_orig_results_f6_100_2,AIC,0.0007052938511674873,0.21739130434782608,1.0,30.043478260869566
2,BFGS_orig_results_f6_100_2,BIC,0.0007052938511674873,0.21739130434782608,1.0,30.043478260869566
3,BFGS_orig_results_f6_100_2,AICc,0.0007052938511674873,0.21739130434782608,1.0,30.043478260869566
4,BFGS_orig_results_f6_100_2,MDL,0.0005627599468449627,0.21739130434782608,1.0,29.47826086956522
5,BFGS_orig_results_f6_100_2,Err_in,0.0005605491096761792,0.391304347826087,0.0,56.82608695652174
