,dataset,criteria,avg_test_error,precision_at_k,ground_truth_hit,avg_size
0,BFGS_cluster_results_f7_100_2,MSE_train_opt,0.008838083442867746,0.9560439560439561,1.0,28.912087912087912
1,BFGS_cluster_results_f7_100_2,AIC,0.008690104273974335,0.967032967032967,1.0,27.021978021978022
2,BFGS_cluster_results_f7_100_2,BIC,0.008690104273974335,0.967032967032967,1.0,27.021978021978022
3,BFGS_cluster_results_f7_100_2,AICc,0.008690104273974333,0.967032967032967,1.0,27.021978021978022
4,BFGS_cluster_results_f7_100_2,MDL,0.008690104273974335,0.967032967032967,1.0,27.021978021978022
5,BFGS_cluster_results_f7_100_2,Err_in,0.008570373639366316,0.989010989010989,1.0,28.53846153846154
