,dataset,criteria,avg_test_error,precision_at_k,ground_truth_hit,avg_size
0,BFGS_cluster_results_f1_100_10,MSE_train_opt,0.029294745265250673,0.7368421052631579,0.0,44.86842105263158
1,BFGS_cluster_results_f1_100_10,AIC,0.021232525452550433,0.8157894736842105,1.0,38.223684210526315
2,BFGS_cluster_results_f1_100_10,BIC,0.019584163982096267,0.8421052631578947,1.0,36.73684210526316
3,BFGS_cluster_results_f1_100_10,AICc,0.01970853636509252,0.8421052631578947,1.0,37.19736842105263
4,BFGS_cluster_results_f1_100_10,MDL,0.019534765041811133,0.8552631578947368,1.0,35.828947368421055
5,BFGS_cluster_results_f1_100_10,Err_in,0.01703967154522701,0.9210526315789473,1.0,38.75
