,dataset,criteria,avg_test_error,precision_at_k,ground_truth_hit,avg_size
0,BFGS_cluster_results_f2_100_2,MSE_train_opt,0.00011813268340523285,0.0,0.0,65.72413793103448
1,BFGS_cluster_results_f2_100_2,AIC,1.8860936338104584e-05,0.4482758620689655,1.0,25.344827586206897
2,BFGS_cluster_results_f2_100_2,BIC,1.5184655018578686e-05,0.4482758620689655,1.0,24.275862068965516
3,BFGS_cluster_results_f2_100_2,AICc,1.8450360141533066e-05,0.4482758620689655,1.0,25.17241379310345
4,BFGS_cluster_results_f2_100_2,MDL,1.5127436016413637e-05,0.4827586206896552,1.0,24.03448275862069
5,BFGS_cluster_results_f2_100_2,Err_in,1.5162463988934716e-05,0.5862068965517241,0.0,26.93103448275862
