,dataset,criteria,avg_test_error,precision_at_k,ground_truth_hit,avg_size
0,BFGS_pert_results_f7_100_2,MSE_train_opt,0.008476208266066036,0.44680851063829785,1.0,31.0
1,BFGS_pert_results_f7_100_2,AIC,0.008458854367326496,0.5531914893617021,1.0,24.74468085106383
2,BFGS_pert_results_f7_100_2,BIC,0.008458854367326496,0.5531914893617021,1.0,24.74468085106383
3,BFGS_pert_results_f7_100_2,AICc,0.008458854367326496,0.5531914893617021,1.0,24.74468085106383
4,BFGS_pert_results_f7_100_2,MDL,0.008393780181384937,0.574468085106383,1.0,24.29787234042553
5,BFGS_pert_results_f7_100_2,Err_in,0.008382213247765948,0.5106382978723404,0.0,27.914893617021278
