,dataset,criteria,avg_test_error,precision_at_k,ground_truth_hit,avg_size
0,BFGS_pert_results_f3_100_1,MSE_train_opt,0.000595800153796052,0.9354838709677419,0.0,44.83870967741935
1,BFGS_pert_results_f3_100_1,AIC,0.000595800153796052,0.9354838709677419,0.0,44.83870967741935
2,BFGS_pert_results_f3_100_1,BIC,0.000591061896695294,0.9354838709677419,0.0,43.70967741935484
3,BFGS_pert_results_f3_100_1,AICc,0.000595800153796052,0.9354838709677419,0.0,44.83870967741935
4,BFGS_pert_results_f3_100_1,MDL,0.001357661855435709,0.5806451612903226,1.0,28.193548387096776
5,BFGS_pert_results_f3_100_1,Err_in,0.0018143439282857234,0.4838709677419355,1.0,45.935483870967744
