,dataset,criteria,avg_test_error,precision_at_k,ground_truth_hit,avg_size
0,BFGS_orig_results_f2_100_2,MSE_train_opt,9.705586056805488e-06,0.7974683544303798,0.0,39.43037974683544
1,BFGS_orig_results_f2_100_2,AIC,8.373214684826968e-06,0.8354430379746836,1.0,32.25316455696203
2,BFGS_orig_results_f2_100_2,BIC,8.373214684826968e-06,0.8354430379746836,1.0,32.25316455696203
3,BFGS_orig_results_f2_100_2,AICc,8.373214684826968e-06,0.8354430379746836,1.0,32.25316455696203
4,BFGS_orig_results_f2_100_2,MDL,7.527399082363486e-06,0.8481012658227848,1.0,32.48101265822785
5,BFGS_orig_results_f2_100_2,Err_in,9.705586056805488e-06,0.7974683544303798,0.0,39.43037974683544
