,dataset,criteria,avg_test_error,precision_at_k,ground_truth_hit,avg_size
0,BFGS_pert_results_f2_100_2,MSE_train_opt,0.011711297258472288,0.9,0.0,46.63333333333333
1,BFGS_pert_results_f2_100_2,AIC,0.011711986449462532,0.9,0.0,46.13333333333333
2,BFGS_pert_results_f2_100_2,BIC,0.011711986449462532,0.9,0.0,46.13333333333333
3,BFGS_pert_results_f2_100_2,AICc,0.011711986449462532,0.9,0.0,46.13333333333333
4,BFGS_pert_results_f2_100_2,MDL,0.011811225155815504,0.8333333333333334,0.0,41.333333333333336
5,BFGS_pert_results_f2_100_2,Err_in,0.013962570524976459,0.43333333333333335,0.0,41.1
