,dataset,criteria,avg_test_error,precision_at_k,ground_truth_hit,avg_size
0,BFGS_cluster_results_f5_100_3,MSE_train_opt,0.07009627760687086,0.9655172413793104,1.0,46.94827586206897
1,BFGS_cluster_results_f5_100_3,AIC,0.07009627760687086,0.9655172413793104,1.0,46.94827586206897
2,BFGS_cluster_results_f5_100_3,BIC,0.07009627760687086,0.9655172413793104,1.0,46.94827586206897
3,BFGS_cluster_results_f5_100_3,AICc,0.07009627760687086,0.9655172413793104,1.0,46.94827586206897
4,BFGS_cluster_results_f5_100_3,MDL,0.07009627760687086,0.9655172413793104,1.0,46.94827586206897
5,BFGS_cluster_results_f5_100_3,Err_in,0.07261096459894555,0.9655172413793104,1.0,46.189655172413794
