,dataset,criteria,avg_test_error,precision_at_k,ground_truth_hit,avg_size
0,BFGS_orig_results_f6_100_2,MSE_train_opt,0.000609668403223167,0.8076923076923077,0.0,48.62820512820513
1,BFGS_orig_results_f6_100_2,AIC,0.0006344319795624904,0.8333333333333334,1.0,37.666666666666664
2,BFGS_orig_results_f6_100_2,BIC,0.0006344319795624904,0.8333333333333334,1.0,37.666666666666664
3,BFGS_orig_results_f6_100_2,AICc,0.0006344319795624904,0.8333333333333334,1.0,37.666666666666664
4,BFGS_orig_results_f6_100_2,MDL,0.0006063224472730789,0.8461538461538461,1.0,37.743589743589745
5,BFGS_orig_results_f6_100_2,Err_in,0.000609668403223167,0.8076923076923077,0.0,48.62820512820513
