,dataset,criteria,avg_test_error,precision_at_k,ground_truth_hit,avg_size
0,BFGS_orig_results_f1_100_10,MSE_train_opt,0.012923243816622479,0.7432432432432432,1.0,35.82432432432432
1,BFGS_orig_results_f1_100_10,AIC,0.01269519398070406,0.7702702702702703,1.0,32.554054054054056
2,BFGS_orig_results_f1_100_10,BIC,0.012714716481295166,0.7702702702702703,1.0,32.445945945945944
3,BFGS_orig_results_f1_100_10,AICc,0.012832919243830393,0.7567567567567568,1.0,32.5945945945946
4,BFGS_orig_results_f1_100_10,MDL,0.011595558096017922,0.8648648648648649,1.0,31.7027027027027
5,BFGS_orig_results_f1_100_10,Err_in,0.011197275077157856,0.9054054054054054,1.0,34.66216216216216
