,dataset,criteria,avg_test_error,precision_at_k,ground_truth_hit,avg_size
0,BFGS_orig_results_f5_100_3,MSE_train_opt,8.286188607923838e-05,0.09090909090909091,0.0,51.40909090909091
1,BFGS_orig_results_f5_100_3,AIC,2.5084625875938772e-05,0.4318181818181818,1.0,32.95454545454545
2,BFGS_orig_results_f5_100_3,BIC,2.5084625875938772e-05,0.4318181818181818,1.0,32.95454545454545
3,BFGS_orig_results_f5_100_3,AICc,2.5084625875938772e-05,0.4318181818181818,1.0,32.95454545454545
4,BFGS_orig_results_f5_100_3,MDL,1.4559158304127525e-05,0.5681818181818182,1.0,31.727272727272727
5,BFGS_orig_results_f5_100_3,Err_in,8.286188607923838e-05,0.09090909090909091,0.0,51.40909090909091
