,dataset,criteria,avg_test_error,precision_at_k,ground_truth_hit,avg_size
0,BFGS_orig_results_f3_100_1,MSE_train_opt,2.8747974792450744e-06,0.0,0.0,53.0
1,BFGS_orig_results_f3_100_1,AIC,5.288651879388277e-07,0.125,1.0,25.375
2,BFGS_orig_results_f3_100_1,BIC,5.288651879388277e-07,0.125,1.0,25.375
3,BFGS_orig_results_f3_100_1,AICc,5.288651879388277e-07,0.125,1.0,25.375
4,BFGS_orig_results_f3_100_1,MDL,3.592522207619891e-07,0.1875,1.0,24.125
5,BFGS_orig_results_f3_100_1,Err_in,3.1125942566909955e-06,0.0,0.0,48.875
