,dataset,criteria,avg_test_error,precision_at_k,ground_truth_hit,avg_size
0,BFGS_pert_results_f4_100_2,MSE_train_opt,0.003744325672057314,0.8888888888888888,0.0,43.27777777777778
1,BFGS_pert_results_f4_100_2,AIC,0.003744325672057313,0.8888888888888888,0.0,43.27777777777778
2,BFGS_pert_results_f4_100_2,BIC,0.004733921007817803,0.8333333333333334,0.0,37.833333333333336
3,BFGS_pert_results_f4_100_2,AICc,0.003905538035493419,0.8888888888888888,0.0,40.77777777777778
4,BFGS_pert_results_f4_100_2,MDL,0.006731749535325831,0.7222222222222222,1.0,35.55555555555556
5,BFGS_pert_results_f4_100_2,Err_in,0.026027019061730258,0.16666666666666666,0.0,52.27777777777778
