,dataset,criteria,avg_test_error,precision_at_k,ground_truth_hit,avg_size
0,BFGS_pert_results_f2_100_2,MSE_train_opt,0.012251194259842276,0.8888888888888888,0.0,44.833333333333336
1,BFGS_pert_results_f2_100_2,AIC,0.012249997066282636,0.8888888888888888,1.0,43.69444444444444
2,BFGS_pert_results_f2_100_2,BIC,0.012248490985986966,0.8888888888888888,1.0,43.69444444444444
3,BFGS_pert_results_f2_100_2,AICc,0.012248490985986966,0.8888888888888888,1.0,43.69444444444444
4,BFGS_pert_results_f2_100_2,MDL,0.012362070125229413,0.8333333333333334,1.0,39.02777777777778
5,BFGS_pert_results_f2_100_2,Err_in,0.014152572117886682,0.4166666666666667,0.0,40.80555555555556
