,dataset,criteria,avg_test_error,precision_at_k,ground_truth_hit,avg_size
0,BFGS_orig_results_f7_100_2,MSE_train_opt,0.008394912244242646,0.8194444444444444,1.0,30.76388888888889
1,BFGS_orig_results_f7_100_2,AIC,0.008419454622658149,0.7916666666666666,1.0,25.97222222222222
2,BFGS_orig_results_f7_100_2,BIC,0.008419454622658149,0.7916666666666666,1.0,25.97222222222222
3,BFGS_orig_results_f7_100_2,AICc,0.008419454622658149,0.7916666666666666,1.0,25.97222222222222
4,BFGS_orig_results_f7_100_2,MDL,0.008419204709815085,0.8055555555555556,1.0,25.97222222222222
5,BFGS_orig_results_f7_100_2,Err_in,0.008217138491913354,0.7916666666666666,1.0,30.26388888888889
