,dataset,criteria,avg_test_error,precision_at_k,ground_truth_hit,avg_size
0,BFGS_pert_results_f3_100_1,MSE_train_opt,0.001053703678286724,0.9523809523809523,0.0,47.57142857142857
1,BFGS_pert_results_f3_100_1,AIC,0.0010612175265065503,0.8095238095238095,1.0,40.80952380952381
2,BFGS_pert_results_f3_100_1,BIC,0.0010679459251269456,0.7857142857142857,1.0,40.07142857142857
3,BFGS_pert_results_f3_100_1,AICc,0.0010612175265065503,0.8095238095238095,1.0,40.80952380952381
4,BFGS_pert_results_f3_100_1,MDL,0.0015975744811312226,0.5,1.0,28.88095238095238
5,BFGS_pert_results_f3_100_1,Err_in,0.0019809042783199247,0.5476190476190477,1.0,43.214285714285715
