,dataset,criteria,avg_test_error,precision_at_k,ground_truth_hit,avg_size
0,BFGS_orig_results_f3_100_1,MSE_train_opt,1.0129954622555817e-06,0.32142857142857145,0.0,44.892857142857146
1,BFGS_orig_results_f3_100_1,AIC,5.691314277584251e-07,0.5357142857142857,1.0,30.625
2,BFGS_orig_results_f3_100_1,BIC,5.691314277584251e-07,0.5357142857142857,1.0,30.625
3,BFGS_orig_results_f3_100_1,AICc,5.691314277584251e-07,0.5357142857142857,1.0,30.625
4,BFGS_orig_results_f3_100_1,MDL,4.200006179779095e-07,0.5714285714285714,1.0,30.625
5,BFGS_orig_results_f3_100_1,Err_in,1.021519545582948e-06,0.32142857142857145,0.0,44.69642857142857
