,dataset,criteria,avg_test_error,precision_at_k,ground_truth_hit,avg_size
0,BFGS_cluster_results_f5_100_3,MSE_train_opt,0.009524547596234875,0.868421052631579,1.0,45.526315789473685
1,BFGS_cluster_results_f5_100_3,AIC,0.005753127067985185,0.868421052631579,1.0,41.28947368421053
2,BFGS_cluster_results_f5_100_3,BIC,0.006011217080213298,0.8421052631578947,1.0,38.68421052631579
3,BFGS_cluster_results_f5_100_3,AICc,0.005789194175812439,0.868421052631579,1.0,40.526315789473685
4,BFGS_cluster_results_f5_100_3,MDL,0.005797604264547254,0.8157894736842105,1.0,37.44736842105263
5,BFGS_cluster_results_f5_100_3,Err_in,0.008144266987312734,0.7368421052631579,1.0,37.94736842105263
