,dataset,criteria,avg_test_error,precision_at_k,ground_truth_hit,avg_size
0,BFGS_orig_results_f4_100_2,MSE_train_opt,0.005069309108823727,0.02631578947368421,0.0,45.63157894736842
1,BFGS_orig_results_f4_100_2,AIC,0.000526515224946407,0.3157894736842105,1.0,34.0
2,BFGS_orig_results_f4_100_2,BIC,0.00020396030263269385,0.34210526315789475,1.0,33.5
3,BFGS_orig_results_f4_100_2,AICc,0.00020868582251565174,0.34210526315789475,1.0,33.6578947368421
4,BFGS_orig_results_f4_100_2,MDL,0.004759845318038764,0.39473684210526316,1.0,33.13157894736842
5,BFGS_orig_results_f4_100_2,Err_in,0.005069309108823727,0.02631578947368421,0.0,45.63157894736842
