,dataset,criteria,avg_test_error,precision_at_k,ground_truth_hit,avg_size
0,BFGS_cluster_results_f1_100_10,MSE_train_opt,0.04514443605040469,0.0,0.0,55.333333333333336
1,BFGS_cluster_results_f1_100_10,AIC,0.024947933030078962,0.3888888888888889,1.0,35.97222222222222
2,BFGS_cluster_results_f1_100_10,BIC,0.017516706798636497,0.6666666666666666,1.0,32.55555555555556
3,BFGS_cluster_results_f1_100_10,AICc,0.023575415775681598,0.5,1.0,35.02777777777778
4,BFGS_cluster_results_f1_100_10,MDL,0.012966088507517702,0.75,1.0,30.944444444444443
5,BFGS_cluster_results_f1_100_10,Err_in,0.013074923229041144,0.8611111111111112,1.0,32.22222222222222
