,dataset,criteria,avg_test_error,precision_at_k,ground_truth_hit,avg_size
0,BFGS_orig_results_f2_100_2,MSE_train_opt,1.8538750831760824e-05,0.0,0.0,39.11764705882353
1,BFGS_orig_results_f2_100_2,AIC,2.1476160916863237e-06,0.11764705882352941,1.0,24.41176470588235
2,BFGS_orig_results_f2_100_2,BIC,2.1476160916863237e-06,0.11764705882352941,1.0,24.41176470588235
3,BFGS_orig_results_f2_100_2,AICc,2.1476160916863237e-06,0.11764705882352941,1.0,24.41176470588235
4,BFGS_orig_results_f2_100_2,MDL,9.307004405934077e-06,0.29411764705882354,1.0,24.11764705882353
5,BFGS_orig_results_f2_100_2,Err_in,1.8538750831760824e-05,0.0,0.0,39.11764705882353
