,dataset,criteria,avg_test_error,precision_at_k,ground_truth_hit,avg_size
0,BFGS_cluster_results_f2_100_2,MSE_train_opt,5.48790767750686e-05,0.7532467532467533,0.0,43.83116883116883
1,BFGS_cluster_results_f2_100_2,AIC,2.938285056826781e-05,0.8961038961038961,1.0,30.454545454545453
2,BFGS_cluster_results_f2_100_2,BIC,2.6961668989046534e-05,0.922077922077922,1.0,30.272727272727273
3,BFGS_cluster_results_f2_100_2,AICc,2.938285056826781e-05,0.8961038961038961,1.0,30.454545454545453
4,BFGS_cluster_results_f2_100_2,MDL,2.3076288611125024e-05,0.922077922077922,1.0,30.194805194805195
5,BFGS_cluster_results_f2_100_2,Err_in,2.29275393393257e-05,0.948051948051948,1.0,33.064935064935064
