,dataset,criteria,avg_test_error,precision_at_k,ground_truth_hit,avg_size
0,BFGS_pert_results_f1_100_10,MSE_train_opt,0.016002951371416118,0.09375,1.0,38.65625
1,BFGS_pert_results_f1_100_10,AIC,0.013354652248942224,0.25,1.0,32.46875
2,BFGS_pert_results_f1_100_10,BIC,0.013354652248942226,0.25,1.0,32.46875
3,BFGS_pert_results_f1_100_10,AICc,0.013354652248942223,0.25,1.0,32.46875
4,BFGS_pert_results_f1_100_10,MDL,0.011029291818842053,0.4375,1.0,30.0625
5,BFGS_pert_results_f1_100_10,Err_in,0.011097430030636185,0.40625,0.0,37.5625
