,dataset,criteria,avg_test_error,precision_at_k,ground_truth_hit,avg_size
0,BFGS_cluster_results_f6_100_2,MSE_train_opt,0.3447668391720392,0.6521739130434783,1.0,56.391304347826086
1,BFGS_cluster_results_f6_100_2,AIC,0.47103353538563963,0.5652173913043478,1.0,49.65217391304348
2,BFGS_cluster_results_f6_100_2,BIC,0.5242010498861187,0.5217391304347826,1.0,43.56521739130435
3,BFGS_cluster_results_f6_100_2,AICc,0.4705375260838984,0.5652173913043478,1.0,47.95652173913044
4,BFGS_cluster_results_f6_100_2,MDL,0.5398509570990907,0.30434782608695654,1.0,32.91304347826087
5,BFGS_cluster_results_f6_100_2,Err_in,0.17261137842764826,0.43478260869565216,0.0,48.17391304347826
