,dataset,criteria,avg_test_error,precision_at_k,ground_truth_hit,avg_size
0,BFGS_cluster_results_f6_100_2,MSE_train_opt,0.24828455772915656,0.8387096774193549,1.0,54.016129032258064
1,BFGS_cluster_results_f6_100_2,AIC,0.24824342558189752,0.8387096774193549,1.0,52.983870967741936
2,BFGS_cluster_results_f6_100_2,BIC,0.2474642044747845,0.8387096774193549,1.0,51.87096774193548
3,BFGS_cluster_results_f6_100_2,AICc,0.24824342558189755,0.8387096774193549,1.0,52.983870967741936
4,BFGS_cluster_results_f6_100_2,MDL,0.25760392404992905,0.8225806451612904,1.0,48.54838709677419
5,BFGS_cluster_results_f6_100_2,Err_in,0.2671965835956569,0.8225806451612904,1.0,51.564516129032256
