,dataset,criteria,avg_test_error,precision_at_k,ground_truth_hit,avg_size
0,BFGS_orig_results_f3_100_1,MSE_train_opt,1.2500580739598331e-06,0.06818181818181818,0.0,45.36363636363637
1,BFGS_orig_results_f3_100_1,AIC,4.5724267162090436e-07,0.38636363636363635,1.0,28.15909090909091
2,BFGS_orig_results_f3_100_1,BIC,4.5724267162090436e-07,0.38636363636363635,1.0,28.15909090909091
3,BFGS_orig_results_f3_100_1,AICc,4.5724267162090436e-07,0.38636363636363635,1.0,28.15909090909091
4,BFGS_orig_results_f3_100_1,MDL,4.4008799224948714e-07,0.4318181818181818,1.0,28.045454545454547
5,BFGS_orig_results_f3_100_1,Err_in,1.2471772504471709e-06,0.09090909090909091,0.0,43.34090909090909
