,dataset,criteria,avg_test_error,precision_at_k,ground_truth_hit,avg_size
0,BFGS_pert_results_f3_100_1,MSE_train_opt,0.0010184023377596465,0.975609756097561,0.0,47.63414634146341
1,BFGS_pert_results_f3_100_1,AIC,0.0010260994364284905,0.8292682926829268,1.0,41.19512195121951
2,BFGS_pert_results_f3_100_1,BIC,0.0010329919735895515,0.8048780487804879,1.0,40.46341463414634
3,BFGS_pert_results_f3_100_1,AICc,0.0010329919735895515,0.8048780487804879,1.0,40.46341463414634
4,BFGS_pert_results_f3_100_1,MDL,0.0015755383018928085,0.5121951219512195,1.0,28.853658536585368
5,BFGS_pert_results_f3_100_1,Err_in,0.0019682176036896763,0.5365853658536586,1.0,43.68292682926829
