,dataset,criteria,avg_test_error,precision_at_k,ground_truth_hit,avg_size
0,BFGS_orig_results_f3_100_1,MSE_train_opt,2.3091325299049867e-06,0.0,0.0,50.31818181818182
1,BFGS_orig_results_f3_100_1,AIC,4.24430300042165e-07,0.09090909090909091,1.0,25.363636363636363
2,BFGS_orig_results_f3_100_1,BIC,4.24430300042165e-07,0.09090909090909091,1.0,25.363636363636363
3,BFGS_orig_results_f3_100_1,AICc,4.24430300042165e-07,0.09090909090909091,1.0,25.363636363636363
4,BFGS_orig_results_f3_100_1,MDL,3.1016989501375134e-07,0.22727272727272727,1.0,24.772727272727273
5,BFGS_orig_results_f3_100_1,Err_in,2.316417355006287e-06,0.0,0.0,47.31818181818182
