,dataset,criteria,avg_test_error,precision_at_k,ground_truth_hit,avg_size
0,BFGS_cluster_results_f5_100_3,MSE_train_opt,0.011665409212721486,0.7,1.0,49.56666666666667
1,BFGS_cluster_results_f5_100_3,AIC,0.00602881379134102,0.7666666666666667,1.0,37.233333333333334
2,BFGS_cluster_results_f5_100_3,BIC,0.006262994407978993,0.7333333333333333,1.0,36.3
3,BFGS_cluster_results_f5_100_3,AICc,0.0060288137913410205,0.7666666666666667,1.0,37.233333333333334
4,BFGS_cluster_results_f5_100_3,MDL,0.006510677868709847,0.7333333333333333,1.0,33.333333333333336
5,BFGS_cluster_results_f5_100_3,Err_in,0.007999865122726421,0.6666666666666666,1.0,36.03333333333333
