,dataset,criteria,avg_test_error,precision_at_k,ground_truth_hit,avg_size
0,BFGS_orig_results_f7_100_2,MSE_train_opt,0.00846456848737456,0.1,0.0,33.166666666666664
1,BFGS_orig_results_f7_100_2,AIC,0.00842134009314743,0.13333333333333333,1.0,24.166666666666668
2,BFGS_orig_results_f7_100_2,BIC,0.00842134009314743,0.13333333333333333,1.0,24.166666666666668
3,BFGS_orig_results_f7_100_2,AICc,0.00842134009314743,0.13333333333333333,1.0,24.166666666666668
4,BFGS_orig_results_f7_100_2,MDL,0.008421336366318147,0.16666666666666666,1.0,23.5
5,BFGS_orig_results_f7_100_2,Err_in,0.008308559263433993,0.36666666666666664,0.0,31.1
