,dataset,criteria,avg_test_error,precision_at_k,ground_truth_hit,avg_size
0,BFGS_orig_results_f1_100_10,MSE_train_opt,0.012826006743287046,0.7922077922077922,1.0,35.701298701298704
1,BFGS_orig_results_f1_100_10,AIC,0.012839649167130726,0.7792207792207793,1.0,32.857142857142854
2,BFGS_orig_results_f1_100_10,BIC,0.012588705170931833,0.7922077922077922,1.0,32.61038961038961
3,BFGS_orig_results_f1_100_10,AICc,0.012839649167130726,0.7792207792207793,1.0,32.857142857142854
4,BFGS_orig_results_f1_100_10,MDL,0.01161164871510892,0.8701298701298701,1.0,31.90909090909091
5,BFGS_orig_results_f1_100_10,Err_in,0.011347008227559317,0.8961038961038961,1.0,34.84415584415584
