,dataset,criteria,avg_test_error,precision_at_k,ground_truth_hit,avg_size
0,BFGS_orig_results_f2_100_2,MSE_train_opt,3.0071874506104932e-05,0.0,0.0,63.0
1,BFGS_orig_results_f2_100_2,AIC,9.629120210748377e-08,0.0,0.0,24.0
2,BFGS_orig_results_f2_100_2,BIC,9.629120210748377e-08,0.0,0.0,24.0
3,BFGS_orig_results_f2_100_2,AICc,9.629120210748377e-08,0.0,0.0,24.0
4,BFGS_orig_results_f2_100_2,MDL,7.863350730806332e-06,0.3333333333333333,1.0,22.333333333333332
5,BFGS_orig_results_f2_100_2,Err_in,3.0071874506104932e-05,0.0,0.0,63.0
