,dataset,criteria,avg_test_error,precision_at_k,ground_truth_hit,avg_size
0,BFGS_orig_results_f2_100_2,MSE_train_opt,1.800517367465148e-05,0.0,0.0,36.266666666666666
1,BFGS_orig_results_f2_100_2,AIC,4.3122454308833485e-06,0.26666666666666666,1.0,24.7
2,BFGS_orig_results_f2_100_2,BIC,4.3122454308833485e-06,0.26666666666666666,1.0,24.7
3,BFGS_orig_results_f2_100_2,AICc,4.3122454308833485e-06,0.26666666666666666,1.0,24.7
4,BFGS_orig_results_f2_100_2,MDL,7.546686822639755e-06,0.26666666666666666,1.0,24.5
5,BFGS_orig_results_f2_100_2,Err_in,1.800517367465148e-05,0.0,0.0,36.266666666666666
