,dataset,criteria,avg_test_error,precision_at_k,ground_truth_hit,avg_size
0,BFGS_orig_results_f1_100_10,MSE_train_opt,0.012795253813174192,0.7948717948717948,1.0,35.64102564102564
1,BFGS_orig_results_f1_100_10,AIC,0.012808724920701026,0.7948717948717948,1.0,32.8974358974359
2,BFGS_orig_results_f1_100_10,BIC,0.012532781063711997,0.8076923076923077,1.0,32.57692307692308
3,BFGS_orig_results_f1_100_10,AICc,0.012808724920701026,0.7948717948717948,1.0,32.8974358974359
4,BFGS_orig_results_f1_100_10,MDL,0.011612683116731222,0.8846153846153846,1.0,31.974358974358974
5,BFGS_orig_results_f1_100_10,Err_in,0.011340698574636102,0.9102564102564102,1.0,34.833333333333336
