,dataset,criteria,avg_test_error,precision_at_k,ground_truth_hit,avg_size
0,BFGS_orig_results_f6_100_2,MSE_train_opt,0.0005711830235632585,0.8115942028985508,0.0,48.27536231884058
1,BFGS_orig_results_f6_100_2,AIC,0.0006334714437256045,0.6956521739130435,1.0,35.43478260869565
2,BFGS_orig_results_f6_100_2,BIC,0.0006334714437256045,0.6956521739130435,1.0,35.43478260869565
3,BFGS_orig_results_f6_100_2,AICc,0.0006334714437256045,0.6956521739130435,1.0,35.43478260869565
4,BFGS_orig_results_f6_100_2,MDL,0.0006211429469164711,0.7101449275362319,1.0,35.333333333333336
5,BFGS_orig_results_f6_100_2,Err_in,0.0005711830235632585,0.8115942028985508,0.0,48.27536231884058
