,dataset,criteria,avg_test_error,precision_at_k,ground_truth_hit,avg_size
0,BFGS_pert_results_f6_100_2,MSE_train_opt,0.4547945691798478,0.975609756097561,0.0,50.048780487804876
1,BFGS_pert_results_f6_100_2,AIC,0.4547945691798478,0.975609756097561,0.0,50.048780487804876
2,BFGS_pert_results_f6_100_2,BIC,0.4547945691798478,0.975609756097561,0.0,50.048780487804876
3,BFGS_pert_results_f6_100_2,AICc,0.4547945691798478,0.975609756097561,0.0,50.048780487804876
4,BFGS_pert_results_f6_100_2,MDL,0.454628818155788,0.975609756097561,1.0,49.951219512195124
5,BFGS_pert_results_f6_100_2,Err_in,0.9699618964015837,0.5121951219512195,1.0,47.19512195121951
