,dataset,criteria,avg_test_error,precision_at_k,ground_truth_hit,avg_size
0,BFGS_orig_results_f7_100_2,MSE_train_opt,0.008601036263735458,0.07142857142857142,0.0,38.07142857142857
1,BFGS_orig_results_f7_100_2,AIC,0.0084382709262444,0.0,1.0,23.285714285714285
2,BFGS_orig_results_f7_100_2,BIC,0.0084382709262444,0.0,1.0,23.285714285714285
3,BFGS_orig_results_f7_100_2,AICc,0.0084382709262444,0.0,1.0,23.285714285714285
4,BFGS_orig_results_f7_100_2,MDL,0.008345158804421307,0.0,1.0,22.857142857142858
5,BFGS_orig_results_f7_100_2,Err_in,0.008266654584583208,0.07142857142857142,0.0,34.357142857142854
