,dataset,criteria,avg_test_error,precision_at_k,ground_truth_hit,avg_size
0,BFGS_orig_results_f5_100_3,MSE_train_opt,7.6222449080036e-05,0.1836734693877551,0.0,50.224489795918366
1,BFGS_orig_results_f5_100_3,AIC,2.2718588205289514e-05,0.5306122448979592,1.0,33.265306122448976
2,BFGS_orig_results_f5_100_3,BIC,2.2718588205289514e-05,0.5306122448979592,1.0,33.265306122448976
3,BFGS_orig_results_f5_100_3,AICc,2.2718588205289514e-05,0.5306122448979592,1.0,33.265306122448976
4,BFGS_orig_results_f5_100_3,MDL,1.823620541562236e-05,0.5918367346938775,1.0,32.51020408163265
5,BFGS_orig_results_f5_100_3,Err_in,7.6222449080036e-05,0.1836734693877551,0.0,50.224489795918366
