,dataset,criteria,avg_test_error,precision_at_k,ground_truth_hit,avg_size
0,BFGS_cluster_results_f4_100_2,MSE_train_opt,0.001105519486691396,0.7894736842105263,0.0,51.0
1,BFGS_cluster_results_f4_100_2,AIC,0.0008807956987462488,0.8552631578947368,1.0,38.19736842105263
2,BFGS_cluster_results_f4_100_2,BIC,0.0008738423791256302,0.8552631578947368,1.0,38.078947368421055
3,BFGS_cluster_results_f4_100_2,AICc,0.0008738423791256302,0.8552631578947368,1.0,38.078947368421055
4,BFGS_cluster_results_f4_100_2,MDL,0.0008466733276166173,0.881578947368421,1.0,37.93421052631579
5,BFGS_cluster_results_f4_100_2,Err_in,0.0009186878420014619,0.8289473684210527,1.0,46.1578947368421
