,dataset,criteria,avg_test_error,precision_at_k,ground_truth_hit,avg_size
0,BFGS_orig_results_f6_100_2,MSE_train_opt,0.0005814199444803594,0.78125,0.0,49.453125
1,BFGS_orig_results_f6_100_2,AIC,0.0006438458949137669,0.640625,1.0,34.484375
2,BFGS_orig_results_f6_100_2,BIC,0.0006438458949137669,0.640625,1.0,34.484375
3,BFGS_orig_results_f6_100_2,AICc,0.0006438458949137669,0.640625,1.0,34.484375
4,BFGS_orig_results_f6_100_2,MDL,0.0006312059810393361,0.65625,1.0,34.328125
5,BFGS_orig_results_f6_100_2,Err_in,0.0005814199444803594,0.78125,0.0,49.453125
