,dataset,criteria,avg_test_error,precision_at_k,ground_truth_hit,avg_size
0,BFGS_pert_results_f1_100_10,MSE_train_opt,0.015122626458054844,0.23684210526315788,1.0,37.63157894736842
1,BFGS_pert_results_f1_100_10,AIC,0.012892478835107938,0.42105263157894735,1.0,32.21052631578947
2,BFGS_pert_results_f1_100_10,BIC,0.01289247883510794,0.42105263157894735,1.0,32.21052631578947
3,BFGS_pert_results_f1_100_10,AICc,0.012892478835107937,0.42105263157894735,1.0,32.21052631578947
4,BFGS_pert_results_f1_100_10,MDL,0.010953390182466499,0.6052631578947368,1.0,30.18421052631579
5,BFGS_pert_results_f1_100_10,Err_in,0.011269200996433498,0.4473684210526316,0.0,36.55263157894737
