,dataset,criteria,avg_test_error,precision_at_k,ground_truth_hit,avg_size
0,BFGS_cluster_results_f7_100_2,MSE_train_opt,0.009014653741540738,0.6716417910447762,1.0,30.104477611940297
1,BFGS_cluster_results_f7_100_2,AIC,0.00879290968653389,0.7910447761194029,1.0,25.238805970149254
2,BFGS_cluster_results_f7_100_2,BIC,0.008686747446086775,0.8059701492537313,1.0,25.149253731343283
3,BFGS_cluster_results_f7_100_2,AICc,0.008686747446086773,0.8059701492537313,1.0,25.149253731343283
4,BFGS_cluster_results_f7_100_2,MDL,0.00866992351560584,0.7761194029850746,1.0,24.865671641791046
5,BFGS_cluster_results_f7_100_2,Err_in,0.008515873467969887,0.8208955223880597,0.0,27.53731343283582
