,dataset,criteria,avg_test_error,precision_at_k,ground_truth_hit,avg_size
0,BFGS_orig_results_f4_100_2,MSE_train_opt,0.010545135203565906,0.0,0.0,45.388888888888886
1,BFGS_orig_results_f4_100_2,AIC,0.0010371126172795252,0.16666666666666666,1.0,32.55555555555556
2,BFGS_orig_results_f4_100_2,BIC,0.0003598657847886329,0.16666666666666666,1.0,31.5
3,BFGS_orig_results_f4_100_2,AICc,0.0003661936864740275,0.16666666666666666,1.0,31.555555555555557
4,BFGS_orig_results_f4_100_2,MDL,0.0002785633339355641,0.3333333333333333,1.0,30.88888888888889
5,BFGS_orig_results_f4_100_2,Err_in,0.010545135203565906,0.0,0.0,45.388888888888886
