,dataset,criteria,avg_test_error,precision_at_k,ground_truth_hit,avg_size
0,BFGS_cluster_results_f2_100_2,MSE_train_opt,6.149840477026246e-05,0.5606060606060606,0.0,46.46969696969697
1,BFGS_cluster_results_f2_100_2,AIC,2.7580476730747096e-05,0.8333333333333334,1.0,28.666666666666668
2,BFGS_cluster_results_f2_100_2,BIC,2.1706946539659717e-05,0.8636363636363636,1.0,28.075757575757574
3,BFGS_cluster_results_f2_100_2,AICc,2.2444275366900594e-05,0.8484848484848485,1.0,28.363636363636363
4,BFGS_cluster_results_f2_100_2,MDL,1.8967566271787135e-05,0.9090909090909091,1.0,27.681818181818183
5,BFGS_cluster_results_f2_100_2,Err_in,2.0294656746522744e-05,0.8636363636363636,1.0,29.272727272727273
