,dataset,criteria,avg_test_error,precision_at_k,ground_truth_hit,avg_size
0,BFGS_orig_results_f1_100_10,MSE_train_opt,0.013358998472393142,0.6190476190476191,1.0,36.80952380952381
1,BFGS_orig_results_f1_100_10,AIC,0.012727159645128966,0.6349206349206349,1.0,32.38095238095238
2,BFGS_orig_results_f1_100_10,BIC,0.01220802475069395,0.6825396825396826,1.0,31.761904761904763
3,BFGS_orig_results_f1_100_10,AICc,0.012582685477389778,0.6507936507936508,1.0,32.111111111111114
4,BFGS_orig_results_f1_100_10,MDL,0.011472023771718506,0.7777777777777778,1.0,31.047619047619047
5,BFGS_orig_results_f1_100_10,Err_in,0.010955235058259412,0.8888888888888888,1.0,34.53968253968254
