,dataset,criteria,avg_test_error,precision_at_k,ground_truth_hit,avg_size
0,BFGS_orig_results_f4_100_2,MSE_train_opt,0.002278980349324386,0.896551724137931,0.0,46.87356321839081
1,BFGS_orig_results_f4_100_2,AIC,0.002276834371210311,0.896551724137931,1.0,43.45977011494253
2,BFGS_orig_results_f4_100_2,BIC,0.002276834371210311,0.896551724137931,1.0,43.45977011494253
3,BFGS_orig_results_f4_100_2,AICc,0.002276834371210311,0.896551724137931,1.0,43.45977011494253
4,BFGS_orig_results_f4_100_2,MDL,0.002275698927419919,0.896551724137931,1.0,43.229885057471265
5,BFGS_orig_results_f4_100_2,Err_in,0.002278980349324386,0.896551724137931,0.0,46.87356321839081
