,dataset,criteria,avg_test_error,precision_at_k,ground_truth_hit,avg_size
0,BFGS_orig_results_f3_100_1,MSE_train_opt,6.943896317051469e-07,0.8571428571428571,0.0,48.04761904761905
1,BFGS_orig_results_f3_100_1,AIC,5.793117563675709e-07,0.8690476190476191,1.0,39.0
2,BFGS_orig_results_f3_100_1,BIC,5.793117563675709e-07,0.8690476190476191,1.0,39.0
3,BFGS_orig_results_f3_100_1,AICc,5.793117563675709e-07,0.8690476190476191,1.0,39.0
4,BFGS_orig_results_f3_100_1,MDL,5.757342597001148e-07,0.8690476190476191,1.0,39.38095238095238
5,BFGS_orig_results_f3_100_1,Err_in,6.927702962339314e-07,0.8571428571428571,0.0,47.94047619047619
