,dataset,criteria,avg_test_error,precision_at_k,ground_truth_hit,avg_size
0,BFGS_orig_results_f1_100_10,MSE_train_opt,0.013268800295473998,0.6461538461538462,1.0,36.58461538461538
1,BFGS_orig_results_f1_100_10,AIC,0.012656401471417845,0.6615384615384615,1.0,32.353846153846156
2,BFGS_orig_results_f1_100_10,BIC,0.012153242524671601,0.7076923076923077,1.0,31.76923076923077
3,BFGS_orig_results_f1_100_10,AICc,0.012516373051343453,0.676923076923077,1.0,32.09230769230769
4,BFGS_orig_results_f1_100_10,MDL,0.01161239056848943,0.7846153846153846,1.0,31.2
5,BFGS_orig_results_f1_100_10,Err_in,0.010946117886965978,0.8923076923076924,1.0,34.38461538461539
