,dataset,criteria,avg_test_error,precision_at_k,ground_truth_hit,avg_size
0,BFGS_orig_results_f7_100_2,MSE_train_opt,0.008411496680712826,0.6296296296296297,1.0,30.75925925925926
1,BFGS_orig_results_f7_100_2,AIC,0.008444116101748752,0.5925925925925926,1.0,25.12962962962963
2,BFGS_orig_results_f7_100_2,BIC,0.008444116101748752,0.5925925925925926,1.0,25.12962962962963
3,BFGS_orig_results_f7_100_2,AICc,0.008444116101748752,0.5925925925925926,1.0,25.12962962962963
4,BFGS_orig_results_f7_100_2,MDL,0.00838738595988061,0.6481481481481481,1.0,24.666666666666668
5,BFGS_orig_results_f7_100_2,Err_in,0.00817413232016497,0.6296296296296297,1.0,30.64814814814815
