,dataset,criteria,avg_test_error,precision_at_k,ground_truth_hit,avg_size
0,BFGS_cluster_results_f7_100_2,MSE_train_opt,0.009388325893469066,0.46511627906976744,0.0,31.767441860465116
1,BFGS_cluster_results_f7_100_2,AIC,0.008749049860522568,0.4883720930232558,1.0,23.74418604651163
2,BFGS_cluster_results_f7_100_2,BIC,0.00874904986052257,0.4883720930232558,1.0,23.74418604651163
3,BFGS_cluster_results_f7_100_2,AICc,0.008749049860522568,0.4883720930232558,1.0,23.74418604651163
4,BFGS_cluster_results_f7_100_2,MDL,0.008473978109791667,0.5813953488372093,1.0,23.488372093023255
5,BFGS_cluster_results_f7_100_2,Err_in,0.008611156344653504,0.4883720930232558,0.0,28.6046511627907
