,dataset,criteria,avg_test_error,precision_at_k,ground_truth_hit,avg_size
0,BFGS_orig_results_f1_100_10,MSE_train_opt,0.012572217308247844,0.8823529411764706,1.0,35.32941176470588
1,BFGS_orig_results_f1_100_10,AIC,0.012612558066781175,0.8823529411764706,1.0,33.258823529411764
2,BFGS_orig_results_f1_100_10,BIC,0.01245119682271117,0.8823529411764706,1.0,32.95294117647059
3,BFGS_orig_results_f1_100_10,AICc,0.012486827660358076,0.8823529411764706,1.0,33.11764705882353
4,BFGS_orig_results_f1_100_10,MDL,0.012156755917550414,0.9058823529411765,1.0,32.6
5,BFGS_orig_results_f1_100_10,Err_in,0.011662490786197882,0.9294117647058824,1.0,35.129411764705885
