,dataset,criteria,avg_test_error,precision_at_k,ground_truth_hit,avg_size
0,BFGS_orig_results_f5_100_3,MSE_train_opt,4.818047395086441e-05,0.8414634146341463,0.0,47.02439024390244
1,BFGS_orig_results_f5_100_3,AIC,4.140312840957792e-05,0.8536585365853658,1.0,40.69512195121951
2,BFGS_orig_results_f5_100_3,BIC,4.140312840957792e-05,0.8536585365853658,1.0,40.69512195121951
3,BFGS_orig_results_f5_100_3,AICc,4.140312840957792e-05,0.8536585365853658,1.0,40.69512195121951
4,BFGS_orig_results_f5_100_3,MDL,4.028759361527228e-05,0.8536585365853658,1.0,40.1219512195122
5,BFGS_orig_results_f5_100_3,Err_in,4.818047395086441e-05,0.8414634146341463,0.0,47.02439024390244
