,dataset,criteria,avg_test_error,precision_at_k,ground_truth_hit,avg_size
0,BFGS_cluster_results_f7_100_2,MSE_train_opt,0.013645244045332985,0.0,0.0,48.714285714285715
1,BFGS_cluster_results_f7_100_2,AIC,0.01002003943219813,0.0,1.0,22.857142857142858
2,BFGS_cluster_results_f7_100_2,BIC,0.01002003943219813,0.0,1.0,22.857142857142858
3,BFGS_cluster_results_f7_100_2,AICc,0.01002003943219813,0.0,1.0,22.857142857142858
4,BFGS_cluster_results_f7_100_2,MDL,0.008345158352036286,0.0,0.0,22.285714285714285
5,BFGS_cluster_results_f7_100_2,Err_in,0.009702351755245715,0.14285714285714285,0.0,33.0
