,dataset,criteria,avg_test_error,precision_at_k,ground_truth_hit,avg_size
0,BFGS_cluster_results_f4_100_2,MSE_train_opt,0.0013760942271725137,0.23529411764705882,0.0,59.05882352941177
1,BFGS_cluster_results_f4_100_2,AIC,0.0008018168335729726,0.7058823529411765,1.0,33.1764705882353
2,BFGS_cluster_results_f4_100_2,BIC,0.0007243462181854,0.7450980392156863,1.0,32.411764705882355
3,BFGS_cluster_results_f4_100_2,AICc,0.0008018168335729725,0.7058823529411765,1.0,33.1764705882353
4,BFGS_cluster_results_f4_100_2,MDL,0.0006738601307040746,0.7843137254901961,1.0,31.764705882352942
5,BFGS_cluster_results_f4_100_2,Err_in,0.0006916696648963099,0.7647058823529411,1.0,40.627450980392155
