,dataset,criteria,avg_test_error,precision_at_k,ground_truth_hit,avg_size
0,BFGS_cluster_results_f6_100_2,MSE_train_opt,0.007245378698805855,0.8888888888888888,0.0,56.77777777777778
1,BFGS_cluster_results_f6_100_2,AIC,0.1141935470565519,0.7777777777777778,0.0,46.333333333333336
2,BFGS_cluster_results_f6_100_2,BIC,0.11419354705655192,0.7777777777777778,0.0,46.333333333333336
3,BFGS_cluster_results_f6_100_2,AICc,0.1141935470565519,0.7777777777777778,0.0,46.333333333333336
4,BFGS_cluster_results_f6_100_2,MDL,0.9851301443679509,0.2222222222222222,1.0,29.333333333333332
5,BFGS_cluster_results_f6_100_2,Err_in,0.1336313370773843,0.1111111111111111,0.0,62.111111111111114
