,dataset,criteria,avg_test_error,precision_at_k,ground_truth_hit,avg_size
0,BFGS_orig_results_f7_100_2,MSE_train_opt,0.008441977528429144,0.1891891891891892,0.0,31.83783783783784
1,BFGS_orig_results_f7_100_2,AIC,0.008406926207177683,0.3783783783783784,1.0,24.324324324324323
2,BFGS_orig_results_f7_100_2,BIC,0.008406926207177683,0.3783783783783784,1.0,24.324324324324323
3,BFGS_orig_results_f7_100_2,AICc,0.008406926207177683,0.3783783783783784,1.0,24.324324324324323
4,BFGS_orig_results_f7_100_2,MDL,0.008406915379317382,0.3783783783783784,1.0,23.783783783783782
5,BFGS_orig_results_f7_100_2,Err_in,0.008095554286410695,0.3783783783783784,0.0,30.89189189189189
