,dataset,criteria,avg_test_error,precision_at_k,ground_truth_hit,avg_size
0,BFGS_cluster_results_f6_100_2,MSE_train_opt,0.1970587736778753,0.7777777777777778,0.0,59.666666666666664
1,BFGS_cluster_results_f6_100_2,AIC,0.3074219106147781,0.6666666666666666,1.0,51.77777777777778
2,BFGS_cluster_results_f6_100_2,BIC,0.5251336287397309,0.5555555555555556,1.0,40.333333333333336
3,BFGS_cluster_results_f6_100_2,AICc,0.49737326484086897,0.6666666666666666,1.0,49.05555555555556
4,BFGS_cluster_results_f6_100_2,MDL,0.5508247152297598,0.2777777777777778,1.0,31.166666666666668
5,BFGS_cluster_results_f6_100_2,Err_in,0.175865238616299,0.2222222222222222,0.0,52.44444444444444
