,dataset,criteria,avg_test_error,precision_at_k,ground_truth_hit,avg_size
0,BFGS_orig_results_f5_100_3,MSE_train_opt,7.360777026321367e-05,0.23529411764705882,0.0,50.509803921568626
1,BFGS_orig_results_f5_100_3,AIC,2.277738923251529e-05,0.5686274509803921,1.0,33.666666666666664
2,BFGS_orig_results_f5_100_3,BIC,2.277738923251529e-05,0.5686274509803921,1.0,33.666666666666664
3,BFGS_orig_results_f5_100_3,AICc,2.277738923251529e-05,0.5686274509803921,1.0,33.666666666666664
4,BFGS_orig_results_f5_100_3,MDL,1.7593717913565258e-05,0.6470588235294118,1.0,32.78431372549019
5,BFGS_orig_results_f5_100_3,Err_in,7.360777026321367e-05,0.23529411764705882,0.0,50.509803921568626
