,dataset,criteria,avg_test_error,precision_at_k,ground_truth_hit,avg_size
0,BFGS_pert_results_f1_100_10,MSE_train_opt,0.014068631867716577,0.4489795918367347,1.0,37.204081632653065
1,BFGS_pert_results_f1_100_10,AIC,0.012339133372175161,0.5306122448979592,1.0,31.612244897959183
2,BFGS_pert_results_f1_100_10,BIC,0.012339133372175161,0.5306122448979592,1.0,31.612244897959183
3,BFGS_pert_results_f1_100_10,AICc,0.012339133372175161,0.5306122448979592,1.0,31.612244897959183
4,BFGS_pert_results_f1_100_10,MDL,0.01100213439518384,0.5918367346938775,1.0,30.693877551020407
5,BFGS_pert_results_f1_100_10,Err_in,0.01108026172018864,0.6326530612244898,0.0,35.46938775510204
