,dataset,criteria,avg_test_error,precision_at_k,ground_truth_hit,avg_size
0,BFGS_cluster_results_f3_100_1,MSE_train_opt,0.0001691524926796954,0.0,0.0,72.86666666666666
1,BFGS_cluster_results_f3_100_1,AIC,1.4896902185432136e-05,0.2,1.0,24.4
2,BFGS_cluster_results_f3_100_1,BIC,1.4896902185432136e-05,0.2,1.0,24.4
3,BFGS_cluster_results_f3_100_1,AICc,1.4896902185432136e-05,0.2,1.0,24.4
4,BFGS_cluster_results_f3_100_1,MDL,1.3536198033296058e-05,0.13333333333333333,1.0,23.666666666666668
5,BFGS_cluster_results_f3_100_1,Err_in,1.5666618219605444e-05,0.2,0.0,30.933333333333334
