,dataset,criteria,avg_test_error,precision_at_k,ground_truth_hit,avg_size
0,BFGS_orig_results_f1_100_10,MSE_train_opt,0.013143452884192651,0.6911764705882353,1.0,36.279411764705884
1,BFGS_orig_results_f1_100_10,AIC,0.012558071176415237,0.7205882352941176,1.0,32.338235294117645
2,BFGS_orig_results_f1_100_10,BIC,0.012077102604295792,0.7647058823529411,1.0,31.735294117647058
3,BFGS_orig_results_f1_100_10,AICc,0.0124242204178361,0.7352941176470589,1.0,32.0735294117647
4,BFGS_orig_results_f1_100_10,MDL,0.011635665303651607,0.8235294117647058,1.0,31.352941176470587
5,BFGS_orig_results_f1_100_10,Err_in,0.011334245712107947,0.8823529411764706,1.0,34.529411764705884
