,dataset,criteria,avg_test_error,precision_at_k,ground_truth_hit,avg_size
0,BFGS_orig_results_f1_100_10,MSE_train_opt,0.012679753931971108,0.8271604938271605,1.0,35.51851851851852
1,BFGS_orig_results_f1_100_10,AIC,0.012720533409795546,0.8271604938271605,1.0,32.95061728395062
2,BFGS_orig_results_f1_100_10,BIC,0.012454809769420396,0.8395061728395061,1.0,32.617283950617285
3,BFGS_orig_results_f1_100_10,AICc,0.012720533409795546,0.8271604938271605,1.0,32.95061728395062
4,BFGS_orig_results_f1_100_10,MDL,0.01172047362203957,0.8888888888888888,1.0,32.30864197530864
5,BFGS_orig_results_f1_100_10,Err_in,0.011540901209229525,0.9012345679012346,1.0,34.98765432098765
