,dataset,criteria,avg_test_error,precision_at_k,ground_truth_hit,avg_size
0,BFGS_cluster_results_f3_100_1,MSE_train_opt,8.129941837236629e-05,0.3728813559322034,0.0,51.644067796610166
1,BFGS_cluster_results_f3_100_1,AIC,2.5575788794452375e-05,0.8135593220338984,1.0,29.966101694915253
2,BFGS_cluster_results_f3_100_1,BIC,1.935445233811453e-05,0.847457627118644,1.0,29.084745762711865
3,BFGS_cluster_results_f3_100_1,AICc,2.499004421705966e-05,0.8305084745762712,1.0,29.864406779661017
4,BFGS_cluster_results_f3_100_1,MDL,1.47729081971176e-05,0.9152542372881356,1.0,29.305084745762713
5,BFGS_cluster_results_f3_100_1,Err_in,1.9139957145914834e-05,0.8305084745762712,1.0,32.389830508474574
