,dataset,criteria,avg_test_error,precision_at_k,ground_truth_hit,avg_size
0,BFGS_cluster_results_f3_100_1,MSE_train_opt,0.00012065966010010505,0.0,0.0,61.42857142857143
1,BFGS_cluster_results_f3_100_1,AIC,1.8019393736149145e-05,0.42857142857142855,1.0,26.514285714285716
2,BFGS_cluster_results_f3_100_1,BIC,1.3527391692609578e-05,0.5142857142857142,1.0,25.97142857142857
3,BFGS_cluster_results_f3_100_1,AICc,1.8019393736149145e-05,0.42857142857142855,1.0,26.514285714285716
4,BFGS_cluster_results_f3_100_1,MDL,1.3531549777202512e-05,0.5142857142857142,1.0,25.914285714285715
5,BFGS_cluster_results_f3_100_1,Err_in,1.2481567867536556e-05,0.7428571428571429,1.0,29.485714285714284
