,dataset,criteria,avg_test_error,precision_at_k,ground_truth_hit,avg_size
0,BFGS_orig_results_f4_100_2,MSE_train_opt,0.005350499605160778,0.0,0.0,45.833333333333336
1,BFGS_orig_results_f4_100_2,AIC,0.0005557595553726311,0.2777777777777778,1.0,34.02777777777778
2,BFGS_orig_results_f4_100_2,BIC,0.0002041326256600704,0.3333333333333333,1.0,33.166666666666664
3,BFGS_orig_results_f4_100_2,AICc,0.0002041326256600704,0.3333333333333333,1.0,33.166666666666664
4,BFGS_orig_results_f4_100_2,MDL,0.004578414965403624,0.3611111111111111,1.0,32.888888888888886
5,BFGS_orig_results_f4_100_2,Err_in,0.005350499605160778,0.0,0.0,45.833333333333336
