,dataset,criteria,avg_test_error,precision_at_k,ground_truth_hit,avg_size
0,BFGS_cluster_results_f4_100_2,MSE_train_opt,0.0011864545209674777,0.6268656716417911,0.0,52.656716417910445
1,BFGS_cluster_results_f4_100_2,AIC,0.0007877314616477732,0.8208955223880597,1.0,35.56716417910448
2,BFGS_cluster_results_f4_100_2,BIC,0.0008044130879174432,0.8208955223880597,1.0,35.37313432835821
3,BFGS_cluster_results_f4_100_2,AICc,0.0008100854149397791,0.8059701492537313,1.0,35.492537313432834
4,BFGS_cluster_results_f4_100_2,MDL,0.0007792605942404805,0.835820895522388,1.0,35.25373134328358
5,BFGS_cluster_results_f4_100_2,Err_in,0.0008974812976781461,0.8059701492537313,1.0,44.298507462686565
