,dataset,criteria,avg_test_error,precision_at_k,ground_truth_hit,avg_size
0,BFGS_cluster_results_f2_100_2,MSE_train_opt,7.286366588826252e-05,0.22641509433962265,0.0,51.0
1,BFGS_cluster_results_f2_100_2,AIC,2.238576100350107e-05,0.7547169811320755,1.0,27.09433962264151
2,BFGS_cluster_results_f2_100_2,BIC,2.1352368132000857e-05,0.7547169811320755,1.0,26.88679245283019
3,BFGS_cluster_results_f2_100_2,AICc,2.1352368132000864e-05,0.7547169811320755,1.0,26.88679245283019
4,BFGS_cluster_results_f2_100_2,MDL,1.891353399014875e-05,0.8113207547169812,1.0,26.169811320754718
5,BFGS_cluster_results_f2_100_2,Err_in,1.5876825927313495e-05,0.9056603773584906,1.0,27.77358490566038
