,dataset,criteria,avg_test_error,precision_at_k,ground_truth_hit,avg_size
0,BFGS_orig_results_f3_100_1,MSE_train_opt,6.862203419203805e-07,0.8705882352941177,0.0,48.84705882352941
1,BFGS_orig_results_f3_100_1,AIC,5.724963239397193e-07,0.8823529411764706,1.0,39.423529411764704
2,BFGS_orig_results_f3_100_1,BIC,5.724963239397193e-07,0.8823529411764706,1.0,39.423529411764704
3,BFGS_orig_results_f3_100_1,AICc,5.724963239397193e-07,0.8823529411764706,1.0,39.423529411764704
4,BFGS_orig_results_f3_100_1,MDL,5.689811915073198e-07,0.8823529411764706,1.0,40.01176470588236
5,BFGS_orig_results_f3_100_1,Err_in,6.846200574547087e-07,0.8705882352941177,0.0,47.67058823529412
