,dataset,criteria,avg_test_error,precision_at_k,ground_truth_hit,avg_size
0,BFGS_orig_results_f5_100_3,MSE_train_opt,6.318783691782503e-05,0.4838709677419355,0.0,48.54838709677419
1,BFGS_orig_results_f5_100_3,AIC,3.44176984337173e-05,0.6935483870967742,1.0,35.806451612903224
2,BFGS_orig_results_f5_100_3,BIC,3.140263224476675e-05,0.7096774193548387,1.0,35.37096774193548
3,BFGS_orig_results_f5_100_3,AICc,3.140263224476675e-05,0.7096774193548387,1.0,35.37096774193548
4,BFGS_orig_results_f5_100_3,MDL,2.5689527442901052e-05,0.7419354838709677,1.0,34.54838709677419
5,BFGS_orig_results_f5_100_3,Err_in,6.318783691782503e-05,0.4838709677419355,0.0,48.54838709677419
