,dataset,criteria,avg_test_error,precision_at_k,ground_truth_hit,avg_size
0,BFGS_cluster_results_f3_100_1,MSE_train_opt,5.8601909093044614e-05,0.8837209302325582,0.0,44.53488372093023
1,BFGS_cluster_results_f3_100_1,AIC,4.9919762236197684e-05,0.9069767441860465,1.0,37.77906976744186
2,BFGS_cluster_results_f3_100_1,BIC,4.9919762236197684e-05,0.9069767441860465,1.0,37.77906976744186
3,BFGS_cluster_results_f3_100_1,AICc,4.9919762236197684e-05,0.9069767441860465,1.0,37.77906976744186
4,BFGS_cluster_results_f3_100_1,MDL,4.4711501399583744e-05,0.9302325581395349,1.0,37.872093023255815
5,BFGS_cluster_results_f3_100_1,Err_in,4.622614524053389e-05,0.9302325581395349,1.0,40.33720930232558
