,dataset,criteria,avg_test_error,precision_at_k,ground_truth_hit,avg_size
0,BFGS_pert_results_f3_100_1,MSE_train_opt,1.3270162838502204e-06,0.2727272727272727,0.0,49.63636363636363
1,BFGS_pert_results_f3_100_1,AIC,4.950378416071064e-07,0.5454545454545454,0.0,29.636363636363637
2,BFGS_pert_results_f3_100_1,BIC,4.950378416071064e-07,0.5454545454545454,0.0,29.636363636363637
3,BFGS_pert_results_f3_100_1,AICc,4.950378416071064e-07,0.5454545454545454,0.0,29.636363636363637
4,BFGS_pert_results_f3_100_1,MDL,0.00012933703895003608,0.45454545454545453,0.0,28.09090909090909
5,BFGS_pert_results_f3_100_1,Err_in,0.0020825690371910205,0.18181818181818182,1.0,42.09090909090909
