,dataset,criteria,avg_test_error,precision_at_k,ground_truth_hit,avg_size
0,BFGS_orig_results_f3_100_1,MSE_train_opt,1.455459353419924e-06,0.0,0.0,44.432432432432435
1,BFGS_orig_results_f3_100_1,AIC,5.261247017952954e-07,0.3783783783783784,1.0,27.10810810810811
2,BFGS_orig_results_f3_100_1,BIC,5.261247017952954e-07,0.3783783783783784,1.0,27.10810810810811
3,BFGS_orig_results_f3_100_1,AICc,5.261247017952954e-07,0.3783783783783784,1.0,27.10810810810811
4,BFGS_orig_results_f3_100_1,MDL,5.019187175395129e-07,0.40540540540540543,1.0,26.756756756756758
5,BFGS_orig_results_f3_100_1,Err_in,1.4518982471847535e-06,0.02702702702702703,0.0,43.486486486486484
