,dataset,criteria,avg_test_error,precision_at_k,ground_truth_hit,avg_size
0,BFGS_pert_results_f6_100_2,MSE_train_opt,0.47667624123169217,0.9761904761904762,0.0,49.523809523809526
1,BFGS_pert_results_f6_100_2,AIC,0.47667624123169217,0.9761904761904762,0.0,49.523809523809526
2,BFGS_pert_results_f6_100_2,BIC,0.47667624123169217,0.9761904761904762,0.0,49.523809523809526
3,BFGS_pert_results_f6_100_2,AICc,0.47667624123169217,0.9761904761904762,0.0,49.523809523809526
4,BFGS_pert_results_f6_100_2,MDL,0.4772353827132849,0.9523809523809523,1.0,49.476190476190474
5,BFGS_pert_results_f6_100_2,Err_in,0.9854023817383639,0.5238095238095238,1.0,47.166666666666664
