,dataset,criteria,avg_test_error,precision_at_k,ground_truth_hit,avg_size
0,BFGS_pert_results_f4_100_2,MSE_train_opt,0.49498193534044455,0.7291666666666666,0.0,48.0625
1,BFGS_pert_results_f4_100_2,AIC,0.49526062284987765,0.6875,1.0,43.875
2,BFGS_pert_results_f4_100_2,BIC,0.015233005564950048,0.6875,1.0,41.895833333333336
3,BFGS_pert_results_f4_100_2,AICc,0.49521170463638026,0.6875,1.0,42.333333333333336
4,BFGS_pert_results_f4_100_2,MDL,0.49622304725757854,0.5833333333333334,1.0,35.104166666666664
5,BFGS_pert_results_f4_100_2,Err_in,0.020319472226004543,0.6041666666666666,0.0,49.520833333333336
