,dataset,criteria,avg_test_error,precision_at_k,ground_truth_hit,avg_size
0,BFGS_cluster_results_f2_100_2,MSE_train_opt,6.699581275478683e-05,0.3898305084745763,0.0,48.79661016949152
1,BFGS_cluster_results_f2_100_2,AIC,2.1646375440832763e-05,0.847457627118644,1.0,27.491525423728813
2,BFGS_cluster_results_f2_100_2,BIC,2.0924168925508505e-05,0.847457627118644,1.0,27.305084745762713
3,BFGS_cluster_results_f2_100_2,AICc,2.0924168925508505e-05,0.847457627118644,1.0,27.305084745762713
4,BFGS_cluster_results_f2_100_2,MDL,1.9181753569737794e-05,0.864406779661017,1.0,26.76271186440678
5,BFGS_cluster_results_f2_100_2,Err_in,1.5967912077191206e-05,0.9491525423728814,1.0,28.016949152542374
