,dataset,criteria,avg_test_error,precision_at_k,ground_truth_hit,avg_size
0,BFGS_orig_results_f7_100_2,MSE_train_opt,0.008426574644374914,0.36363636363636365,1.0,31.818181818181817
1,BFGS_orig_results_f7_100_2,AIC,0.008397095770507257,0.5681818181818182,1.0,24.318181818181817
2,BFGS_orig_results_f7_100_2,BIC,0.008397095770507257,0.5681818181818182,1.0,24.318181818181817
3,BFGS_orig_results_f7_100_2,AICc,0.008397095770507257,0.5681818181818182,1.0,24.318181818181817
4,BFGS_orig_results_f7_100_2,MDL,0.008397091491072392,0.5227272727272727,1.0,24.09090909090909
5,BFGS_orig_results_f7_100_2,Err_in,0.008135265012952241,0.45454545454545453,1.0,30.5
