,dataset,criteria,avg_test_error,precision_at_k,ground_truth_hit,avg_size
0,BFGS_cluster_results_f4_100_2,MSE_train_opt,0.0010753939225643602,0.8375,1.0,49.875
1,BFGS_cluster_results_f4_100_2,AIC,0.0009032435060605439,0.9,1.0,39.775
2,BFGS_cluster_results_f4_100_2,BIC,0.0008943020638394024,0.9,1.0,39.55
3,BFGS_cluster_results_f4_100_2,AICc,0.0008943020638394027,0.9,1.0,39.55
4,BFGS_cluster_results_f4_100_2,MDL,0.0008718356425265937,0.9125,1.0,39.675
5,BFGS_cluster_results_f4_100_2,Err_in,0.00095398991137536,0.875,1.0,46.8875
