,dataset,criteria,avg_test_error,precision_at_k,ground_truth_hit,avg_size
0,BFGS_cluster_results_f1_100_10,MSE_train_opt,0.039391766952381405,0.10204081632653061,0.0,51.265306122448976
1,BFGS_cluster_results_f1_100_10,AIC,0.021396199654525726,0.6326530612244898,1.0,34.61224489795919
2,BFGS_cluster_results_f1_100_10,BIC,0.018398382080543698,0.673469387755102,1.0,33.40816326530612
3,BFGS_cluster_results_f1_100_10,AICc,0.02139619965452573,0.6326530612244898,1.0,34.61224489795919
4,BFGS_cluster_results_f1_100_10,MDL,0.013757352883745582,0.8367346938775511,1.0,31.897959183673468
5,BFGS_cluster_results_f1_100_10,Err_in,0.0138392656673385,0.8367346938775511,1.0,33.0
