,dataset,criteria,avg_test_error,precision_at_k,ground_truth_hit,avg_size
0,BFGS_orig_results_f7_100_2,MSE_train_opt,0.00839862365234815,0.7910447761194029,1.0,30.44776119402985
1,BFGS_orig_results_f7_100_2,AIC,0.008424732300341251,0.746268656716418,1.0,25.776119402985074
2,BFGS_orig_results_f7_100_2,BIC,0.008424732300341251,0.746268656716418,1.0,25.776119402985074
3,BFGS_orig_results_f7_100_2,AICc,0.008424732300341251,0.746268656716418,1.0,25.776119402985074
4,BFGS_orig_results_f7_100_2,MDL,0.008398745456422113,0.7761194029850746,1.0,25.55223880597015
5,BFGS_orig_results_f7_100_2,Err_in,0.008207584498274148,0.746268656716418,1.0,30.597014925373134
