,dataset,criteria,avg_test_error,precision_at_k,ground_truth_hit,avg_size
0,BFGS_cluster_results_f1_100_10,MSE_train_opt,0.025795542952303487,0.9787234042553191,1.0,42.41489361702128
1,BFGS_cluster_results_f1_100_10,AIC,0.02554672174737955,0.9787234042553191,1.0,41.702127659574465
2,BFGS_cluster_results_f1_100_10,BIC,0.02488341189619355,0.9787234042553191,1.0,41.43617021276596
3,BFGS_cluster_results_f1_100_10,AICc,0.02554672174737954,0.9787234042553191,1.0,41.702127659574465
4,BFGS_cluster_results_f1_100_10,MDL,0.024883411896193558,0.9787234042553191,1.0,41.43617021276596
5,BFGS_cluster_results_f1_100_10,Err_in,0.024539951509620673,0.9787234042553191,1.0,41.744680851063826
