,dataset,criteria,avg_test_error,precision_at_k,ground_truth_hit,avg_size
0,BFGS_cluster_results_f2_100_2,MSE_train_opt,7.887414014805796e-05,0.10416666666666667,0.0,53.645833333333336
1,BFGS_cluster_results_f2_100_2,AIC,2.0434318527916802e-05,0.75,1.0,26.25
2,BFGS_cluster_results_f2_100_2,BIC,2.04343185279168e-05,0.75,1.0,26.25
3,BFGS_cluster_results_f2_100_2,AICc,2.043431852791681e-05,0.75,1.0,26.25
4,BFGS_cluster_results_f2_100_2,MDL,1.830596922622542e-05,0.7708333333333334,1.0,25.645833333333332
5,BFGS_cluster_results_f2_100_2,Err_in,1.5634884803945667e-05,0.8333333333333334,1.0,27.625
