,dataset,criteria,avg_test_error,precision_at_k,ground_truth_hit,avg_size
0,BFGS_orig_results_f3_100_1,MSE_train_opt,3.7836194169517353e-06,0.0,0.0,49.75
1,BFGS_orig_results_f3_100_1,AIC,6.111382985366912e-07,0.16666666666666666,1.0,24.333333333333332
2,BFGS_orig_results_f3_100_1,BIC,6.111382985366912e-07,0.16666666666666666,1.0,24.333333333333332
3,BFGS_orig_results_f3_100_1,AICc,6.111382985366912e-07,0.16666666666666666,1.0,24.333333333333332
4,BFGS_orig_results_f3_100_1,MDL,4.0647542468395485e-07,0.16666666666666666,1.0,23.833333333333332
5,BFGS_orig_results_f3_100_1,Err_in,3.7836194169517353e-06,0.0,0.0,49.75
