,dataset,criteria,avg_test_error,precision_at_k,ground_truth_hit,avg_size
0,BFGS_orig_results_f7_100_2,MSE_train_opt,0.008405874913710644,0.6949152542372882,1.0,30.440677966101696
1,BFGS_orig_results_f7_100_2,AIC,0.008435735502815244,0.6271186440677966,1.0,25.271186440677965
2,BFGS_orig_results_f7_100_2,BIC,0.008435735502815244,0.6271186440677966,1.0,25.271186440677965
3,BFGS_orig_results_f7_100_2,AICc,0.008435735502815244,0.6271186440677966,1.0,25.271186440677965
4,BFGS_orig_results_f7_100_2,MDL,0.008406019292667469,0.6949152542372882,1.0,25.050847457627118
5,BFGS_orig_results_f7_100_2,Err_in,0.008188626293543146,0.711864406779661,1.0,30.593220338983052
