,dataset,criteria,avg_test_error,precision_at_k,ground_truth_hit,avg_size
0,BFGS_cluster_results_f2_100_2,MSE_train_opt,0.00011167787359255976,0.0,0.0,63.483870967741936
1,BFGS_cluster_results_f2_100_2,AIC,1.8622367879958557e-05,0.45161290322580644,1.0,25.258064516129032
2,BFGS_cluster_results_f2_100_2,BIC,1.5550664265352205e-05,0.4838709677419355,1.0,24.419354838709676
3,BFGS_cluster_results_f2_100_2,AICc,1.8221591901122107e-05,0.4838709677419355,1.0,25.096774193548388
4,BFGS_cluster_results_f2_100_2,MDL,1.5129735827639704e-05,0.5483870967741935,1.0,24.096774193548388
5,BFGS_cluster_results_f2_100_2,Err_in,1.5162505739971579e-05,0.6129032258064516,0.0,27.29032258064516
