,dataset,criteria,avg_test_error,precision_at_k,ground_truth_hit,avg_size
0,BFGS_orig_results_f2_100_2,MSE_train_opt,1.0355849820035863e-05,0.5166666666666667,0.0,38.03333333333333
1,BFGS_orig_results_f2_100_2,AIC,7.2226948341083575e-06,0.6833333333333333,1.0,27.8
2,BFGS_orig_results_f2_100_2,BIC,7.2226948341083575e-06,0.6833333333333333,1.0,27.8
3,BFGS_orig_results_f2_100_2,AICc,7.2226948341083575e-06,0.6833333333333333,1.0,27.8
4,BFGS_orig_results_f2_100_2,MDL,6.963032125202896e-06,0.7166666666666667,1.0,27.833333333333332
5,BFGS_orig_results_f2_100_2,Err_in,1.0355849820035863e-05,0.5166666666666667,0.0,38.03333333333333
