,dataset,criteria,avg_test_error,precision_at_k,ground_truth_hit,avg_size
0,BFGS_orig_results_f7_100_2,MSE_train_opt,0.008403883505023066,0.7213114754098361,1.0,30.57377049180328
1,BFGS_orig_results_f7_100_2,AIC,0.00843265287179416,0.6721311475409836,1.0,25.295081967213115
2,BFGS_orig_results_f7_100_2,BIC,0.00843265287179416,0.6721311475409836,1.0,25.295081967213115
3,BFGS_orig_results_f7_100_2,AICc,0.00843265287179416,0.6721311475409836,1.0,25.295081967213115
4,BFGS_orig_results_f7_100_2,MDL,0.008403998474984933,0.7213114754098361,1.0,25.098360655737704
5,BFGS_orig_results_f7_100_2,Err_in,0.008193759766444167,0.6885245901639344,1.0,30.721311475409838
