,dataset,criteria,avg_test_error,precision_at_k,ground_truth_hit,avg_size
0,BFGS_orig_results_f7_100_2,MSE_train_opt,0.008384832972363658,0.9333333333333333,1.0,30.155555555555555
1,BFGS_orig_results_f7_100_2,AIC,0.00827704656824245,0.9555555555555556,1.0,28.8
2,BFGS_orig_results_f7_100_2,BIC,0.008277046568242451,0.9555555555555556,1.0,28.8
3,BFGS_orig_results_f7_100_2,AICc,0.00827704656824245,0.9555555555555556,1.0,28.8
4,BFGS_orig_results_f7_100_2,MDL,0.008314463973371398,0.9555555555555556,1.0,28.72222222222222
5,BFGS_orig_results_f7_100_2,Err_in,0.008271657258205554,0.9555555555555556,1.0,29.644444444444446
