,dataset,criteria,avg_test_error,precision_at_k,ground_truth_hit,avg_size
0,BFGS_orig_results_f1_100_10,MSE_train_opt,0.026637136941666913,0.0,0.0,39.57142857142857
1,BFGS_orig_results_f1_100_10,AIC,0.01968272095216781,0.14285714285714285,1.0,32.57142857142857
2,BFGS_orig_results_f1_100_10,BIC,0.01803842700660863,0.14285714285714285,1.0,31.571428571428573
3,BFGS_orig_results_f1_100_10,AICc,0.01803842700660863,0.14285714285714285,1.0,31.571428571428573
4,BFGS_orig_results_f1_100_10,MDL,0.0104302902914639,0.14285714285714285,1.0,29.0
5,BFGS_orig_results_f1_100_10,Err_in,0.01032699998931143,0.42857142857142855,0.0,34.42857142857143
