,dataset,criteria,avg_test_error,precision_at_k,ground_truth_hit,avg_size
0,BFGS_cluster_results_f6_100_2,MSE_train_opt,0.37060369831794904,0.5555555555555556,1.0,53.666666666666664
1,BFGS_cluster_results_f6_100_2,AIC,0.3551701239604125,0.5833333333333334,1.0,49.27777777777778
2,BFGS_cluster_results_f6_100_2,BIC,0.35587533883865236,0.5833333333333334,1.0,43.75
3,BFGS_cluster_results_f6_100_2,AICc,0.35513717942386397,0.5833333333333334,1.0,47.833333333333336
4,BFGS_cluster_results_f6_100_2,MDL,0.37304702757645886,0.5555555555555556,1.0,36.25
5,BFGS_cluster_results_f6_100_2,Err_in,0.25531833356768985,0.5555555555555556,1.0,48.02777777777778
