,dataset,criteria,avg_test_error,precision_at_k,ground_truth_hit,avg_size
0,BFGS_cluster_results_f3_100_1,MSE_train_opt,0.00014220482565002968,0.0,0.0,67.26923076923077
1,BFGS_cluster_results_f3_100_1,AIC,1.7428442928466348e-05,0.38461538461538464,1.0,26.115384615384617
2,BFGS_cluster_results_f3_100_1,BIC,1.4363593279956414e-05,0.38461538461538464,1.0,25.53846153846154
3,BFGS_cluster_results_f3_100_1,AICc,1.4363593279956414e-05,0.38461538461538464,1.0,25.53846153846154
4,BFGS_cluster_results_f3_100_1,MDL,1.3632505171680367e-05,0.38461538461538464,1.0,24.53846153846154
5,BFGS_cluster_results_f3_100_1,Err_in,1.3685475320113193e-05,0.46153846153846156,0.0,30.0
