,dataset,criteria,avg_test_error,precision_at_k,ground_truth_hit,avg_size
0,BFGS_orig_results_f5_100_3,MSE_train_opt,7.752022118469772e-05,0.16666666666666666,0.0,50.625
1,BFGS_orig_results_f5_100_3,AIC,2.3191892126218716e-05,0.5,1.0,33.166666666666664
2,BFGS_orig_results_f5_100_3,BIC,2.3191892126218716e-05,0.5,1.0,33.166666666666664
3,BFGS_orig_results_f5_100_3,AICc,2.3191892126218716e-05,0.5,1.0,33.166666666666664
4,BFGS_orig_results_f5_100_3,MDL,1.860718961762204e-05,0.5625,1.0,32.333333333333336
5,BFGS_orig_results_f5_100_3,Err_in,7.752022118469772e-05,0.16666666666666666,0.0,50.625
