,dataset,criteria,avg_test_error,precision_at_k,ground_truth_hit,avg_size
0,BFGS_orig_results_f4_100_2,MSE_train_opt,0.006617672328177318,0.0,0.0,46.37931034482759
1,BFGS_orig_results_f4_100_2,AIC,0.0006855696306109681,0.27586206896551724,1.0,33.793103448275865
2,BFGS_orig_results_f4_100_2,BIC,0.000250575072085351,0.27586206896551724,1.0,32.96551724137931
3,BFGS_orig_results_f4_100_2,AICc,0.00025325566676472376,0.27586206896551724,1.0,32.93103448275862
4,BFGS_orig_results_f4_100_2,MDL,0.005649851000326387,0.3793103448275862,1.0,32.48275862068966
5,BFGS_orig_results_f4_100_2,Err_in,0.006617672328177318,0.0,0.0,46.37931034482759
