,dataset,criteria,avg_test_error,precision_at_k,ground_truth_hit,avg_size
0,BFGS_cluster_results_f4_100_2,MSE_train_opt,0.0017602906391712295,0.0,0.0,67.88888888888889
1,BFGS_cluster_results_f4_100_2,AIC,0.0008715049296467331,0.3333333333333333,1.0,32.148148148148145
2,BFGS_cluster_results_f4_100_2,BIC,0.0007386041133721371,0.4074074074074074,1.0,30.14814814814815
3,BFGS_cluster_results_f4_100_2,AICc,0.0008673914587476963,0.37037037037037035,1.0,31.333333333333332
4,BFGS_cluster_results_f4_100_2,MDL,0.0005284009943556741,0.5925925925925926,1.0,29.037037037037038
5,BFGS_cluster_results_f4_100_2,Err_in,0.0008065120165010555,0.48148148148148145,1.0,43.2962962962963
