,dataset,criteria,avg_test_error,precision_at_k,ground_truth_hit,avg_size
0,BFGS_cluster_results_f4_100_2,MSE_train_opt,0.0012298479763146874,0.5396825396825397,0.0,53.96825396825397
1,BFGS_cluster_results_f4_100_2,AIC,0.000771303072334,0.8095238095238095,1.0,34.55555555555556
2,BFGS_cluster_results_f4_100_2,BIC,0.0007825879507966557,0.8095238095238095,1.0,34.25396825396825
3,BFGS_cluster_results_f4_100_2,AICc,0.0007642714342968016,0.8095238095238095,1.0,34.317460317460316
4,BFGS_cluster_results_f4_100_2,MDL,0.00076811992471333,0.8253968253968254,1.0,34.301587301587304
5,BFGS_cluster_results_f4_100_2,Err_in,0.0008210968685018112,0.7777777777777778,1.0,42.53968253968254
