,dataset,criteria,avg_test_error,precision_at_k,ground_truth_hit,avg_size
0,BFGS_orig_results_f3_100_1,MSE_train_opt,3.5377009492908427e-06,0.0,0.0,48.46153846153846
1,BFGS_orig_results_f3_100_1,AIC,6.09256839984648e-07,0.15384615384615385,1.0,25.0
2,BFGS_orig_results_f3_100_1,BIC,6.09256839984648e-07,0.15384615384615385,1.0,25.0
3,BFGS_orig_results_f3_100_1,AICc,6.09256839984648e-07,0.15384615384615385,1.0,25.0
4,BFGS_orig_results_f3_100_1,MDL,3.752324262646102e-07,0.15384615384615385,1.0,24.0
5,BFGS_orig_results_f3_100_1,Err_in,3.5377009492908427e-06,0.0,0.0,48.46153846153846
