,dataset,criteria,avg_test_error,precision_at_k,ground_truth_hit,avg_size
0,BFGS_cluster_results_f5_100_3,MSE_train_opt,0.08527408844826684,0.8780487804878049,1.0,46.51219512195122
1,BFGS_cluster_results_f5_100_3,AIC,0.009127834251460642,0.8780487804878049,1.0,44.292682926829265
2,BFGS_cluster_results_f5_100_3,BIC,0.005669577761372496,0.9024390243902439,1.0,40.146341463414636
3,BFGS_cluster_results_f5_100_3,AICc,0.005543287412120815,0.9024390243902439,1.0,41.24390243902439
4,BFGS_cluster_results_f5_100_3,MDL,0.005786015201484266,0.8536585365853658,1.0,38.5609756097561
5,BFGS_cluster_results_f5_100_3,Err_in,0.01094880357329977,0.7317073170731707,1.0,38.170731707317074
