,dataset,criteria,avg_test_error,precision_at_k,ground_truth_hit,avg_size
0,BFGS_orig_results_f2_100_2,MSE_train_opt,1.6109961931803784e-05,0.0,0.0,37.90909090909091
1,BFGS_orig_results_f2_100_2,AIC,3.023352589297521e-06,0.09090909090909091,1.0,24.636363636363637
2,BFGS_orig_results_f2_100_2,BIC,3.023352589297521e-06,0.09090909090909091,1.0,24.636363636363637
3,BFGS_orig_results_f2_100_2,AICc,3.023352589297521e-06,0.09090909090909091,1.0,24.636363636363637
4,BFGS_orig_results_f2_100_2,MDL,9.300880954047322e-06,0.2727272727272727,1.0,23.636363636363637
5,BFGS_orig_results_f2_100_2,Err_in,1.6109961931803784e-05,0.0,0.0,37.90909090909091
