,dataset,criteria,avg_test_error,precision_at_k,ground_truth_hit,avg_size
0,BFGS_orig_results_f2_100_2,MSE_train_opt,1.0186113845403974e-05,0.5409836065573771,0.0,37.885245901639344
1,BFGS_orig_results_f2_100_2,AIC,7.209063101540183e-06,0.6721311475409836,1.0,27.885245901639344
2,BFGS_orig_results_f2_100_2,BIC,7.209063101540183e-06,0.6721311475409836,1.0,27.885245901639344
3,BFGS_orig_results_f2_100_2,AICc,7.209063101540183e-06,0.6721311475409836,1.0,27.885245901639344
4,BFGS_orig_results_f2_100_2,MDL,6.984518497901538e-06,0.7049180327868853,1.0,27.868852459016395
5,BFGS_orig_results_f2_100_2,Err_in,1.0186113845403974e-05,0.5409836065573771,0.0,37.885245901639344
