,dataset,criteria,avg_test_error,precision_at_k,ground_truth_hit,avg_size
0,BFGS_cluster_results_f3_100_1,MSE_train_opt,6.993864952151427e-05,0.6285714285714286,0.0,48.357142857142854
1,BFGS_cluster_results_f3_100_1,AIC,3.841786077749817e-05,0.8714285714285714,1.0,32.17142857142857
2,BFGS_cluster_results_f3_100_1,BIC,3.625135976873607e-05,0.8857142857142857,1.0,31.857142857142858
3,BFGS_cluster_results_f3_100_1,AICc,3.8417860777498184e-05,0.8714285714285714,1.0,32.17142857142857
4,BFGS_cluster_results_f3_100_1,MDL,3.197770949281099e-05,0.9142857142857143,1.0,31.957142857142856
5,BFGS_cluster_results_f3_100_1,Err_in,3.7420042039149056e-05,0.8571428571428571,1.0,35.785714285714285
