,dataset,criteria,avg_test_error,precision_at_k,ground_truth_hit,avg_size
0,BFGS_cluster_results_f3_100_1,MSE_train_opt,5.8031814954241366e-05,0.896551724137931,0.0,44.5632183908046
1,BFGS_cluster_results_f3_100_1,AIC,5.0133542665981835e-05,0.9080459770114943,1.0,38.310344827586206
2,BFGS_cluster_results_f3_100_1,BIC,5.0133542665981835e-05,0.9080459770114943,1.0,38.310344827586206
3,BFGS_cluster_results_f3_100_1,AICc,5.0133542665981835e-05,0.9080459770114943,1.0,38.310344827586206
4,BFGS_cluster_results_f3_100_1,MDL,4.583093062316554e-05,0.9195402298850575,1.0,38.3448275862069
5,BFGS_cluster_results_f3_100_1,Err_in,4.59903172349105e-05,0.9310344827586207,1.0,40.160919540229884
