,dataset,criteria,avg_test_error,precision_at_k,ground_truth_hit,avg_size
0,BFGS_cluster_results_f1_100_10,MSE_train_opt,0.041090742600308656,0.043478260869565216,0.0,52.41304347826087
1,BFGS_cluster_results_f1_100_10,AIC,0.02179132984662296,0.6304347826086957,1.0,34.82608695652174
2,BFGS_cluster_results_f1_100_10,BIC,0.01874557348403978,0.6521739130434783,1.0,33.391304347826086
3,BFGS_cluster_results_f1_100_10,AICc,0.021260033366709053,0.6521739130434783,1.0,34.391304347826086
4,BFGS_cluster_results_f1_100_10,MDL,0.013698987282252469,0.8043478260869565,1.0,31.608695652173914
5,BFGS_cluster_results_f1_100_10,Err_in,0.01379837056950974,0.8478260869565217,1.0,32.58695652173913
