,dataset,criteria,avg_test_error,precision_at_k,ground_truth_hit,avg_size
0,BFGS_cluster_results_f7_100_2,MSE_train_opt,0.008951323037727485,0.7297297297297297,1.0,29.62162162162162
1,BFGS_cluster_results_f7_100_2,AIC,0.008750554840432266,0.8378378378378378,1.0,25.72972972972973
2,BFGS_cluster_results_f7_100_2,BIC,0.008654435122105503,0.8378378378378378,1.0,25.60810810810811
3,BFGS_cluster_results_f7_100_2,AICc,0.008654435122105503,0.8378378378378378,1.0,25.60810810810811
4,BFGS_cluster_results_f7_100_2,MDL,0.00865611800158361,0.8243243243243243,1.0,25.324324324324323
5,BFGS_cluster_results_f7_100_2,Err_in,0.008518189671398882,0.9054054054054054,1.0,27.39189189189189
