,dataset,criteria,avg_test_error,precision_at_k,ground_truth_hit,avg_size
0,BFGS_orig_results_f3_100_1,MSE_train_opt,1.5678502103548137e-06,0.0,0.0,45.588235294117645
1,BFGS_orig_results_f3_100_1,AIC,5.594600541763775e-07,0.3235294117647059,1.0,26.470588235294116
2,BFGS_orig_results_f3_100_1,BIC,5.594600541763775e-07,0.3235294117647059,1.0,26.470588235294116
3,BFGS_orig_results_f3_100_1,AICc,5.594600541763775e-07,0.3235294117647059,1.0,26.470588235294116
4,BFGS_orig_results_f3_100_1,MDL,5.421248645862798e-07,0.38235294117647056,1.0,26.323529411764707
5,BFGS_orig_results_f3_100_1,Err_in,1.5779406174989223e-06,0.0,0.0,42.88235294117647
