,dataset,criteria,avg_test_error,precision_at_k,ground_truth_hit,avg_size
0,BFGS_orig_results_f6_100_2,MSE_train_opt,0.0005802399202285305,0.8,0.0,48.34285714285714
1,BFGS_orig_results_f6_100_2,AIC,0.0006307017990869301,0.7142857142857143,1.0,35.642857142857146
2,BFGS_orig_results_f6_100_2,BIC,0.0006307017990869301,0.7142857142857143,1.0,35.642857142857146
3,BFGS_orig_results_f6_100_2,AICc,0.0006307017990869301,0.7142857142857143,1.0,35.642857142857146
4,BFGS_orig_results_f6_100_2,MDL,0.0006185496046616558,0.7285714285714285,1.0,35.58571428571429
5,BFGS_orig_results_f6_100_2,Err_in,0.0005802399202285305,0.8,0.0,48.34285714285714
