,dataset,criteria,avg_test_error,precision_at_k,ground_truth_hit,avg_size
0,BFGS_pert_results_f7_100_2,MSE_train_opt,0.008601796843425874,0.0,0.0,33.291666666666664
1,BFGS_pert_results_f7_100_2,AIC,0.008399507137365576,0.0,1.0,23.583333333333332
2,BFGS_pert_results_f7_100_2,BIC,0.008399507137365576,0.0,1.0,23.583333333333332
3,BFGS_pert_results_f7_100_2,AICc,0.008399507137365576,0.0,1.0,23.583333333333332
4,BFGS_pert_results_f7_100_2,MDL,0.008399505977341288,0.08333333333333333,1.0,23.208333333333332
5,BFGS_pert_results_f7_100_2,Err_in,0.008417722392758275,0.25,0.0,26.958333333333332
