,dataset,criteria,avg_test_error,precision_at_k,ground_truth_hit,avg_size
0,BFGS_orig_results_f3_100_1,MSE_train_opt,1.2988021358746885e-06,0.023809523809523808,0.0,44.285714285714285
1,BFGS_orig_results_f3_100_1,AIC,4.788642612649515e-07,0.38095238095238093,1.0,27.952380952380953
2,BFGS_orig_results_f3_100_1,BIC,4.788642612649515e-07,0.38095238095238093,1.0,27.952380952380953
3,BFGS_orig_results_f3_100_1,AICc,4.788642612649515e-07,0.38095238095238093,1.0,27.952380952380953
4,BFGS_orig_results_f3_100_1,MDL,4.6104456239196813e-07,0.40476190476190477,1.0,27.666666666666668
5,BFGS_orig_results_f3_100_1,Err_in,1.306345983549442e-06,0.047619047619047616,0.0,43.73809523809524
