,dataset,criteria,avg_test_error,precision_at_k,ground_truth_hit,avg_size
0,BFGS_orig_results_f6_100_2,MSE_train_opt,0.0005475987235656253,0.75,0.0,51.75
1,BFGS_orig_results_f6_100_2,AIC,0.0006162014823608157,0.5714285714285714,1.0,33.160714285714285
2,BFGS_orig_results_f6_100_2,BIC,0.0006162014823608157,0.5714285714285714,1.0,33.160714285714285
3,BFGS_orig_results_f6_100_2,AICc,0.0006162014823608157,0.5714285714285714,1.0,33.160714285714285
4,BFGS_orig_results_f6_100_2,MDL,0.0005688973120452697,0.6071428571428571,1.0,32.964285714285715
5,BFGS_orig_results_f6_100_2,Err_in,0.0005475987235656253,0.75,0.0,51.75
