,dataset,criteria,avg_test_error,precision_at_k,ground_truth_hit,avg_size
0,BFGS_orig_results_f5_100_3,MSE_train_opt,4.648002603699818e-05,0.8823529411764706,0.0,46.67058823529412
1,BFGS_orig_results_f5_100_3,AIC,4.1316604751505725e-05,0.8941176470588236,1.0,41.870588235294115
2,BFGS_orig_results_f5_100_3,BIC,4.1316604751505725e-05,0.8941176470588236,1.0,41.870588235294115
3,BFGS_orig_results_f5_100_3,AICc,4.1316604751505725e-05,0.8941176470588236,1.0,41.870588235294115
4,BFGS_orig_results_f5_100_3,MDL,4.031685086564208e-05,0.8941176470588236,1.0,41.45882352941177
5,BFGS_orig_results_f5_100_3,Err_in,4.648002603699818e-05,0.8823529411764706,0.0,46.67058823529412
