,dataset,criteria,avg_test_error,precision_at_k,ground_truth_hit,avg_size
0,BFGS_cluster_results_f7_100_2,MSE_train_opt,0.009591164294540514,0.3611111111111111,0.0,32.583333333333336
1,BFGS_cluster_results_f7_100_2,AIC,0.00882758445545895,0.4166666666666667,1.0,23.72222222222222
2,BFGS_cluster_results_f7_100_2,BIC,0.00882758445545895,0.4166666666666667,1.0,23.72222222222222
3,BFGS_cluster_results_f7_100_2,AICc,0.00882758445545895,0.4166666666666667,1.0,23.72222222222222
4,BFGS_cluster_results_f7_100_2,MDL,0.008499026705128433,0.4444444444444444,1.0,23.27777777777778
5,BFGS_cluster_results_f7_100_2,Err_in,0.008662878245715436,0.3888888888888889,0.0,29.02777777777778
