,dataset,criteria,avg_test_error,precision_at_k,ground_truth_hit,avg_size
0,BFGS_pert_results_f2_100_2,MSE_train_opt,0.011089434426882969,0.8947368421052632,0.0,39.578947368421055
1,BFGS_pert_results_f2_100_2,AIC,0.011089434426882969,0.8947368421052632,0.0,39.578947368421055
2,BFGS_pert_results_f2_100_2,BIC,0.011089434426882969,0.8947368421052632,0.0,39.578947368421055
3,BFGS_pert_results_f2_100_2,AICc,0.011089434426882969,0.8947368421052632,0.0,39.578947368421055
4,BFGS_pert_results_f2_100_2,MDL,0.01121901465542737,0.7894736842105263,0.0,33.421052631578945
5,BFGS_pert_results_f2_100_2,Err_in,0.013228822343733536,0.3157894736842105,0.0,45.526315789473685
