,dataset,criteria,avg_test_error,precision_at_k,ground_truth_hit,avg_size
0,BFGS_cluster_results_f3_100_1,MSE_train_opt,0.00011410987945505942,0.0,0.0,60.76315789473684
1,BFGS_cluster_results_f3_100_1,AIC,1.7307632063109688e-05,0.5263157894736842,1.0,26.789473684210527
2,BFGS_cluster_results_f3_100_1,BIC,1.5267261026936507e-05,0.5789473684210527,1.0,26.63157894736842
3,BFGS_cluster_results_f3_100_1,AICc,1.7307632063109688e-05,0.5263157894736842,1.0,26.789473684210527
4,BFGS_cluster_results_f3_100_1,MDL,1.3170255294063627e-05,0.6052631578947368,1.0,26.18421052631579
5,BFGS_cluster_results_f3_100_1,Err_in,1.220699324161497e-05,0.8421052631578947,1.0,29.263157894736842
