,dataset,criteria,avg_test_error,precision_at_k,ground_truth_hit,avg_size
0,BFGS_orig_results_f3_100_1,MSE_train_opt,6.553789782385655e-07,0.9213483146067416,0.0,48.235955056179776
1,BFGS_orig_results_f3_100_1,AIC,5.488846692325644e-07,0.9325842696629213,1.0,41.69662921348315
2,BFGS_orig_results_f3_100_1,BIC,5.488846692325645e-07,0.9325842696629213,1.0,41.69662921348315
3,BFGS_orig_results_f3_100_1,AICc,5.488846692325646e-07,0.9325842696629213,1.0,41.69662921348315
4,BFGS_orig_results_f3_100_1,MDL,5.488846692325644e-07,0.9325842696629213,1.0,41.69662921348315
5,BFGS_orig_results_f3_100_1,Err_in,6.538506166702273e-07,0.9213483146067416,0.0,46.95505617977528
