,dataset,criteria,avg_test_error,precision_at_k,ground_truth_hit,avg_size
0,BFGS_orig_results_f6_100_2,MSE_train_opt,0.0005739291626407146,0.3181818181818182,0.0,57.59090909090909
1,BFGS_orig_results_f6_100_2,AIC,0.0006512613668639276,0.22727272727272727,1.0,30.09090909090909
2,BFGS_orig_results_f6_100_2,BIC,0.0006512613668639276,0.22727272727272727,1.0,30.09090909090909
3,BFGS_orig_results_f6_100_2,AICc,0.0006512613668639276,0.22727272727272727,1.0,30.09090909090909
4,BFGS_orig_results_f6_100_2,MDL,0.0005722402852250519,0.22727272727272727,1.0,29.363636363636363
5,BFGS_orig_results_f6_100_2,Err_in,0.0005739291626407146,0.3181818181818182,0.0,57.59090909090909
