,dataset,criteria,avg_test_error,precision_at_k,ground_truth_hit,avg_size
0,BFGS_orig_results_f2_100_2,MSE_train_opt,1.5493385047713253e-05,0.0,0.0,36.84615384615385
1,BFGS_orig_results_f2_100_2,AIC,3.989145330433849e-06,0.2692307692307692,1.0,24.5
2,BFGS_orig_results_f2_100_2,BIC,3.989145330433849e-06,0.2692307692307692,1.0,24.5
3,BFGS_orig_results_f2_100_2,AICc,3.989145330433849e-06,0.2692307692307692,1.0,24.5
4,BFGS_orig_results_f2_100_2,MDL,6.941381546401411e-06,0.2692307692307692,1.0,24.346153846153847
5,BFGS_orig_results_f2_100_2,Err_in,1.5493385047713253e-05,0.0,0.0,36.84615384615385
