,dataset,criteria,avg_test_error,precision_at_k,ground_truth_hit,avg_size
0,BFGS_cluster_results_f3_100_1,MSE_train_opt,6.368890688250201e-05,0.7692307692307693,0.0,46.12820512820513
1,BFGS_cluster_results_f3_100_1,AIC,4.019173480072982e-05,0.8974358974358975,1.0,34.333333333333336
2,BFGS_cluster_results_f3_100_1,BIC,4.0191734800729827e-05,0.8974358974358975,1.0,34.333333333333336
3,BFGS_cluster_results_f3_100_1,AICc,4.0191734800729827e-05,0.8974358974358975,1.0,34.333333333333336
4,BFGS_cluster_results_f3_100_1,MDL,3.83319633366725e-05,0.9102564102564102,1.0,34.30769230769231
5,BFGS_cluster_results_f3_100_1,Err_in,4.5346949308156256e-05,0.8717948717948718,1.0,38.243589743589745
