,dataset,criteria,avg_test_error,precision_at_k,ground_truth_hit,avg_size
0,BFGS_cluster_results_f6_100_2,MSE_train_opt,0.3139690333175357,0.9259259259259259,1.0,52.24691358024691
1,BFGS_cluster_results_f6_100_2,AIC,0.3139690333175357,0.9259259259259259,1.0,52.24691358024691
2,BFGS_cluster_results_f6_100_2,BIC,0.3139690333175356,0.9259259259259259,1.0,52.24691358024691
3,BFGS_cluster_results_f6_100_2,AICc,0.31396903331753573,0.9259259259259259,1.0,52.24691358024691
4,BFGS_cluster_results_f6_100_2,MDL,0.3268538803939504,0.9135802469135802,1.0,52.111111111111114
5,BFGS_cluster_results_f6_100_2,Err_in,0.3113824658103384,0.9259259259259259,1.0,52.75308641975309
