,dataset,criteria,avg_test_error,precision_at_k,ground_truth_hit,avg_size
0,BFGS_cluster_results_f1_100_10,MSE_train_opt,0.03511181107085863,0.3448275862068966,0.0,48.706896551724135
1,BFGS_cluster_results_f1_100_10,AIC,0.019906035105870058,0.7413793103448276,1.0,34.58620689655172
2,BFGS_cluster_results_f1_100_10,BIC,0.01718687763134363,0.8103448275862069,1.0,33.43103448275862
3,BFGS_cluster_results_f1_100_10,AICc,0.019906035105870058,0.7413793103448276,1.0,34.58620689655172
4,BFGS_cluster_results_f1_100_10,MDL,0.014452959653231824,0.8793103448275862,1.0,32.91379310344828
5,BFGS_cluster_results_f1_100_10,Err_in,0.014676499297535226,0.8793103448275862,1.0,34.08620689655172
