,dataset,criteria,avg_test_error,precision_at_k,ground_truth_hit,avg_size
0,BFGS_cluster_results_f1_100_10,MSE_train_opt,0.05914383167980893,0.0,0.0,63.0
1,BFGS_cluster_results_f1_100_10,AIC,0.040855201910240314,0.07692307692307693,1.0,38.23076923076923
2,BFGS_cluster_results_f1_100_10,BIC,0.01948648826201551,0.07692307692307693,1.0,31.923076923076923
3,BFGS_cluster_results_f1_100_10,AICc,0.03293252760759344,0.07692307692307693,1.0,35.0
4,BFGS_cluster_results_f1_100_10,MDL,0.010813277152977384,0.5384615384615384,1.0,29.46153846153846
5,BFGS_cluster_results_f1_100_10,Err_in,0.016335032623057737,0.46153846153846156,1.0,30.692307692307693
