,dataset,criteria,avg_test_error,precision_at_k,ground_truth_hit,avg_size
0,BFGS_pert_results_f7_100_2,MSE_train_opt,0.009225060956967542,0.0,0.0,42.857142857142854
1,BFGS_pert_results_f7_100_2,AIC,0.00834515912795423,0.0,1.0,22.428571428571427
2,BFGS_pert_results_f7_100_2,BIC,0.00834515912795423,0.0,1.0,22.428571428571427
3,BFGS_pert_results_f7_100_2,AICc,0.00834515912795423,0.0,1.0,22.428571428571427
4,BFGS_pert_results_f7_100_2,MDL,0.008345158723686087,0.0,1.0,21.857142857142858
5,BFGS_pert_results_f7_100_2,Err_in,0.00859467879435667,0.0,0.0,27.571428571428573
