,dataset,criteria,avg_test_error,precision_at_k,ground_truth_hit,avg_size
0,BFGS_cluster_results_f7_100_2,MSE_train_opt,0.011651568606295555,0.0,0.0,39.30769230769231
1,BFGS_cluster_results_f7_100_2,AIC,0.009247017372478622,0.07692307692307693,1.0,22.615384615384617
2,BFGS_cluster_results_f7_100_2,BIC,0.009247017372478622,0.07692307692307693,1.0,22.615384615384617
3,BFGS_cluster_results_f7_100_2,AICc,0.009247017372478622,0.07692307692307693,1.0,22.615384615384617
4,BFGS_cluster_results_f7_100_2,MDL,0.008345157891703247,0.07692307692307693,1.0,22.46153846153846
5,BFGS_cluster_results_f7_100_2,Err_in,0.009075954397590761,0.15384615384615385,0.0,30.076923076923077
