,dataset,criteria,avg_test_error,precision_at_k,ground_truth_hit,avg_size
0,BFGS_cluster_results_f4_100_2,MSE_train_opt,0.002077783030227991,0.0,0.0,66.81818181818181
1,BFGS_cluster_results_f4_100_2,AIC,0.001264955964770091,0.0,1.0,34.72727272727273
2,BFGS_cluster_results_f4_100_2,BIC,0.0006123877187028637,0.18181818181818182,1.0,27.90909090909091
3,BFGS_cluster_results_f4_100_2,AICc,0.001230713421116218,0.09090909090909091,1.0,34.0
4,BFGS_cluster_results_f4_100_2,MDL,0.0005611774087190453,0.18181818181818182,1.0,27.636363636363637
5,BFGS_cluster_results_f4_100_2,Err_in,0.0010948356962414546,0.09090909090909091,0.0,54.0
