,dataset,criteria,avg_test_error,precision_at_k,ground_truth_hit,avg_size
0,BFGS_pert_results_f7_100_2,MSE_train_opt,0.008531804707045124,0.18181818181818182,1.0,32.06060606060606
1,BFGS_pert_results_f7_100_2,AIC,0.008414414532131183,0.15151515151515152,1.0,24.21212121212121
2,BFGS_pert_results_f7_100_2,BIC,0.008414414532131183,0.15151515151515152,1.0,24.21212121212121
3,BFGS_pert_results_f7_100_2,AICc,0.008414414532131183,0.15151515151515152,1.0,24.21212121212121
4,BFGS_pert_results_f7_100_2,MDL,0.008414410917084518,0.18181818181818182,1.0,23.636363636363637
5,BFGS_pert_results_f7_100_2,Err_in,0.008397928457688822,0.30303030303030304,0.0,27.666666666666668
