,dataset,criteria,avg_test_error,precision_at_k,ground_truth_hit,avg_size
0,BFGS_cluster_results_f7_100_2,MSE_train_opt,0.009299545597780403,0.46808510638297873,0.0,31.085106382978722
1,BFGS_cluster_results_f7_100_2,AIC,0.008739388468950277,0.48936170212765956,1.0,23.893617021276597
2,BFGS_cluster_results_f7_100_2,BIC,0.008739388468950277,0.48936170212765956,1.0,23.893617021276597
3,BFGS_cluster_results_f7_100_2,AICc,0.008739388468950277,0.48936170212765956,1.0,23.893617021276597
4,BFGS_cluster_results_f7_100_2,MDL,0.008712465316766768,0.5957446808510638,1.0,23.680851063829788
5,BFGS_cluster_results_f7_100_2,Err_in,0.008588518224632196,0.5106382978723404,0.0,28.404255319148938
