,dataset,criteria,avg_test_error,precision_at_k,ground_truth_hit,avg_size
0,BFGS_pert_results_f3_100_1,MSE_train_opt,0.0011795466895091786,0.8913043478260869,0.0,48.73913043478261
1,BFGS_pert_results_f3_100_1,AIC,0.001186421037334668,0.7608695652173914,1.0,39.5
2,BFGS_pert_results_f3_100_1,BIC,0.0011925643555935632,0.7391304347826086,1.0,38.91304347826087
3,BFGS_pert_results_f3_100_1,AICc,0.0011864210373346675,0.7608695652173914,1.0,39.5
4,BFGS_pert_results_f3_100_1,MDL,0.0016216721155543987,0.5434782608695652,1.0,29.23913043478261
5,BFGS_pert_results_f3_100_1,Err_in,0.002026135053975225,0.5434782608695652,1.0,42.0
