,dataset,criteria,avg_test_error,precision_at_k,ground_truth_hit,avg_size
0,BFGS_pert_results_f4_100_2,MSE_train_opt,0.01384989146191774,0.7619047619047619,0.0,46.61904761904762
1,BFGS_pert_results_f4_100_2,AIC,0.5624136283603338,0.7380952380952381,0.0,44.95238095238095
2,BFGS_pert_results_f4_100_2,BIC,0.01409291428763947,0.7380952380952381,1.0,43.5
3,BFGS_pert_results_f4_100_2,AICc,0.5626327573681503,0.7380952380952381,0.0,44.214285714285715
4,BFGS_pert_results_f4_100_2,MDL,0.5639092697580808,0.5714285714285714,1.0,34.904761904761905
5,BFGS_pert_results_f4_100_2,Err_in,0.021007776936966704,0.5476190476190477,0.0,51.0
