,dataset,criteria,avg_test_error,precision_at_k,ground_truth_hit,avg_size
0,BFGS_orig_results_f7_100_2,MSE_train_opt,0.009543554967287766,0.0,0.0,26.0
1,BFGS_orig_results_f7_100_2,AIC,0.008345159099006134,0.0,0.0,23.666666666666668
2,BFGS_orig_results_f7_100_2,BIC,0.008345159099006134,0.0,0.0,23.666666666666668
3,BFGS_orig_results_f7_100_2,AICc,0.008345159099006134,0.0,0.0,23.666666666666668
4,BFGS_orig_results_f7_100_2,MDL,0.008345158772281433,0.0,1.0,21.333333333333332
5,BFGS_orig_results_f7_100_2,Err_in,0.007804880156477266,0.3333333333333333,0.0,38.0
