,dataset,criteria,avg_test_error,precision_at_k,ground_truth_hit,avg_size
0,BFGS_orig_results_f3_100_1,MSE_train_opt,8.332660170888434e-07,0.6285714285714286,0.0,47.285714285714285
1,BFGS_orig_results_f3_100_1,AIC,4.906269508313147e-07,0.7,1.0,33.614285714285714
2,BFGS_orig_results_f3_100_1,BIC,4.906269508313147e-07,0.7,1.0,33.614285714285714
3,BFGS_orig_results_f3_100_1,AICc,4.906269508313147e-07,0.7,1.0,33.614285714285714
4,BFGS_orig_results_f3_100_1,MDL,4.798592098952085e-07,0.7142857142857143,1.0,33.65714285714286
5,BFGS_orig_results_f3_100_1,Err_in,8.31324354910111e-07,0.6285714285714286,0.0,46.142857142857146
