,dataset,criteria,avg_test_error,precision_at_k,ground_truth_hit,avg_size
0,BFGS_cluster_results_f6_100_2,MSE_train_opt,0.1448289126869043,0.8235294117647058,0.0,60.76470588235294
1,BFGS_cluster_results_f6_100_2,AIC,0.24948607630454636,0.7058823529411765,1.0,53.11764705882353
2,BFGS_cluster_results_f6_100_2,BIC,0.52802314257433,0.5882352941176471,1.0,40.294117647058826
3,BFGS_cluster_results_f6_100_2,AICc,0.3196154781665291,0.7058823529411765,1.0,50.1764705882353
4,BFGS_cluster_results_f6_100_2,MDL,0.5807953558517562,0.29411764705882354,1.0,31.470588235294116
5,BFGS_cluster_results_f6_100_2,Err_in,0.18398021764197803,0.23529411764705882,0.0,53.411764705882355
