,dataset,criteria,avg_test_error,precision_at_k,ground_truth_hit,avg_size
0,BFGS_orig_results_f1_100_10,MSE_train_opt,0.014442358502734195,0.34782608695652173,1.0,37.67391304347826
1,BFGS_orig_results_f1_100_10,AIC,0.01278391431834626,0.4782608695652174,1.0,31.847826086956523
2,BFGS_orig_results_f1_100_10,BIC,0.012463794699839352,0.4782608695652174,1.0,31.76086956521739
3,BFGS_orig_results_f1_100_10,AICc,0.01278391431834626,0.4782608695652174,1.0,31.847826086956523
4,BFGS_orig_results_f1_100_10,MDL,0.011083231073603032,0.5217391304347826,1.0,30.608695652173914
5,BFGS_orig_results_f1_100_10,Err_in,0.011170788880553378,0.717391304347826,1.0,35.69565217391305
