,dataset,criteria,avg_test_error,precision_at_k,ground_truth_hit,avg_size
0,BFGS_orig_results_f3_100_1,MSE_train_opt,1.3145980653487617e-06,0.024390243902439025,0.0,44.75609756097561
1,BFGS_orig_results_f3_100_1,AIC,4.857256230615205e-07,0.3902439024390244,1.0,27.804878048780488
2,BFGS_orig_results_f3_100_1,BIC,4.857256230615205e-07,0.3902439024390244,1.0,27.804878048780488
3,BFGS_orig_results_f3_100_1,AICc,4.857256230615205e-07,0.3902439024390244,1.0,27.804878048780488
4,BFGS_orig_results_f3_100_1,MDL,4.722865652717173e-07,0.3902439024390244,1.0,27.463414634146343
5,BFGS_orig_results_f3_100_1,Err_in,1.3271701195466627e-06,0.04878048780487805,0.0,43.46341463414634
