,dataset,criteria,avg_test_error,precision_at_k,ground_truth_hit,avg_size
0,BFGS_orig_results_f5_100_3,MSE_train_opt,6.070463551573261e-05,0.5384615384615384,0.0,47.96923076923077
1,BFGS_orig_results_f5_100_3,AIC,3.3230368042401045e-05,0.7230769230769231,1.0,36.09230769230769
2,BFGS_orig_results_f5_100_3,BIC,3.0352456662192964e-05,0.7384615384615385,1.0,35.646153846153844
3,BFGS_orig_results_f5_100_3,AICc,3.0352456662192964e-05,0.7384615384615385,1.0,35.646153846153844
4,BFGS_orig_results_f5_100_3,MDL,2.6201784736975287e-05,0.7692307692307693,1.0,35.04615384615385
5,BFGS_orig_results_f5_100_3,Err_in,6.070463551573261e-05,0.5384615384615384,0.0,47.96923076923077
