,dataset,criteria,avg_test_error,precision_at_k,ground_truth_hit,avg_size
0,BFGS_orig_results_f3_100_1,MSE_train_opt,1.417266753859729e-06,0.0,0.0,45.578947368421055
1,BFGS_orig_results_f3_100_1,AIC,5.204328361277359e-07,0.3684210526315789,1.0,27.31578947368421
2,BFGS_orig_results_f3_100_1,BIC,5.204328361277359e-07,0.3684210526315789,1.0,27.31578947368421
3,BFGS_orig_results_f3_100_1,AICc,5.204328361277359e-07,0.3684210526315789,1.0,27.31578947368421
4,BFGS_orig_results_f3_100_1,MDL,5.041492601663714e-07,0.39473684210526316,1.0,26.92105263157895
5,BFGS_orig_results_f3_100_1,Err_in,1.4142837933830003e-06,0.02631578947368421,0.0,43.5
