,dataset,criteria,avg_test_error,precision_at_k,ground_truth_hit,avg_size
0,BFGS_cluster_results_f6_100_2,MSE_train_opt,0.27649484429175464,0.7450980392156863,1.0,53.627450980392155
1,BFGS_cluster_results_f6_100_2,AIC,0.2708877044618465,0.7647058823529411,1.0,47.23529411764706
2,BFGS_cluster_results_f6_100_2,BIC,0.27088770446184646,0.7647058823529411,1.0,47.23529411764706
3,BFGS_cluster_results_f6_100_2,AICc,0.2708877044618465,0.7647058823529411,1.0,47.23529411764706
4,BFGS_cluster_results_f6_100_2,MDL,0.2766945485271296,0.7647058823529411,1.0,41.333333333333336
5,BFGS_cluster_results_f6_100_2,Err_in,0.3102481048597783,0.6666666666666666,1.0,49.78431372549019
