,dataset,criteria,avg_test_error,precision_at_k,ground_truth_hit,avg_size
0,BFGS_orig_results_f3_100_1,MSE_train_opt,9.406625586363898e-07,0.4426229508196721,0.0,46.885245901639344
1,BFGS_orig_results_f3_100_1,AIC,5.271373658277115e-07,0.6229508196721312,1.0,31.557377049180328
2,BFGS_orig_results_f3_100_1,BIC,5.271373658277115e-07,0.6229508196721312,1.0,31.557377049180328
3,BFGS_orig_results_f3_100_1,AICc,5.271373658277115e-07,0.6229508196721312,1.0,31.557377049180328
4,BFGS_orig_results_f3_100_1,MDL,5.270807005182612e-07,0.6229508196721312,1.0,31.491803278688526
5,BFGS_orig_results_f3_100_1,Err_in,9.384333958742846e-07,0.45901639344262296,0.0,45.08196721311475
