,dataset,criteria,avg_test_error,precision_at_k,ground_truth_hit,avg_size
0,BFGS_cluster_results_f5_100_3,MSE_train_opt,0.076587221067659,0.9130434782608695,1.0,46.93478260869565
1,BFGS_cluster_results_f5_100_3,AIC,0.07650910497279174,0.9130434782608695,1.0,45.630434782608695
2,BFGS_cluster_results_f5_100_3,BIC,0.07650910497279174,0.9130434782608695,1.0,45.630434782608695
3,BFGS_cluster_results_f5_100_3,AICc,0.07650910497279174,0.9130434782608695,1.0,45.630434782608695
4,BFGS_cluster_results_f5_100_3,MDL,0.005771058470452543,0.9565217391304348,1.0,41.34782608695652
5,BFGS_cluster_results_f5_100_3,Err_in,0.01133507878896114,0.8478260869565217,1.0,39.41304347826087
