,dataset,criteria,avg_test_error,precision_at_k,ground_truth_hit,avg_size
0,BFGS_pert_results_f7_100_2,MSE_train_opt,0.00847085910047832,0.5102040816326531,1.0,30.816326530612244
1,BFGS_pert_results_f7_100_2,AIC,0.00845421375054666,0.5510204081632653,1.0,24.918367346938776
2,BFGS_pert_results_f7_100_2,BIC,0.00845421375054666,0.5510204081632653,1.0,24.918367346938776
3,BFGS_pert_results_f7_100_2,AICc,0.00845421375054666,0.5510204081632653,1.0,24.918367346938776
4,BFGS_pert_results_f7_100_2,MDL,0.00839180092410345,0.5714285714285714,1.0,24.428571428571427
5,BFGS_pert_results_f7_100_2,Err_in,0.008380700503761608,0.5510204081632653,0.0,27.73469387755102
