,dataset,criteria,avg_test_error,precision_at_k,ground_truth_hit,avg_size
0,BFGS_orig_results_f1_100_10,MSE_train_opt,0.0189690251856278,0.0,0.0,38.476190476190474
1,BFGS_orig_results_f1_100_10,AIC,0.014555738810194865,0.14285714285714285,1.0,31.952380952380953
2,BFGS_orig_results_f1_100_10,BIC,0.014055424023705885,0.14285714285714285,1.0,32.333333333333336
3,BFGS_orig_results_f1_100_10,AICc,0.01455573881019487,0.14285714285714285,1.0,31.952380952380953
4,BFGS_orig_results_f1_100_10,MDL,0.010428866182838989,0.19047619047619047,1.0,29.571428571428573
5,BFGS_orig_results_f1_100_10,Err_in,0.012055601714660424,0.3333333333333333,0.0,40.80952380952381
