,dataset,criteria,avg_test_error,precision_at_k,ground_truth_hit,avg_size
0,BFGS_pert_results_f6_100_2,MSE_train_opt,0.2529410359414411,0.9444444444444444,0.0,51.05555555555556
1,BFGS_pert_results_f6_100_2,AIC,0.2531713302818508,0.9444444444444444,0.0,50.111111111111114
2,BFGS_pert_results_f6_100_2,BIC,0.2531713302818508,0.9444444444444444,0.0,50.111111111111114
3,BFGS_pert_results_f6_100_2,AICc,0.2531713302818508,0.9444444444444444,0.0,50.111111111111114
4,BFGS_pert_results_f6_100_2,MDL,0.2554057077579786,0.7777777777777778,0.0,46.22222222222222
5,BFGS_pert_results_f6_100_2,Err_in,0.9815107455845471,0.2777777777777778,1.0,47.166666666666664
