,dataset,criteria,avg_test_error,precision_at_k,ground_truth_hit,avg_size
0,BFGS_cluster_results_f4_100_2,MSE_train_opt,0.001166644122266745,0.6666666666666666,0.0,52.17391304347826
1,BFGS_cluster_results_f4_100_2,AIC,0.0007937752397470421,0.8405797101449275,1.0,35.98550724637681
2,BFGS_cluster_results_f4_100_2,BIC,0.0008111218794200145,0.8260869565217391,1.0,35.79710144927536
3,BFGS_cluster_results_f4_100_2,AICc,0.0008080402380542261,0.8405797101449275,1.0,35.94202898550725
4,BFGS_cluster_results_f4_100_2,MDL,0.0008047017977015782,0.8260869565217391,1.0,35.768115942028984
5,BFGS_cluster_results_f4_100_2,Err_in,0.0008963472058513273,0.8115942028985508,1.0,44.26086956521739
