,dataset,criteria,avg_test_error,precision_at_k,ground_truth_hit,avg_size
0,BFGS_orig_results_f4_100_2,MSE_train_opt,0.0034759854103844565,0.38596491228070173,0.0,46.19298245614035
1,BFGS_orig_results_f4_100_2,AIC,0.003439411827959087,0.5614035087719298,1.0,36.29824561403509
2,BFGS_orig_results_f4_100_2,BIC,0.0032083071269708905,0.5789473684210527,1.0,36.08771929824562
3,BFGS_orig_results_f4_100_2,AICc,0.003419809332130681,0.5789473684210527,1.0,36.14035087719298
4,BFGS_orig_results_f4_100_2,MDL,0.003206266510708081,0.6140350877192983,1.0,35.92982456140351
5,BFGS_orig_results_f4_100_2,Err_in,0.0034759854103844565,0.38596491228070173,0.0,46.19298245614035
