,dataset,criteria,avg_test_error,precision_at_k,ground_truth_hit,avg_size
0,BFGS_pert_results_f3_100_1,MSE_train_opt,0.0007307430816685267,0.9411764705882353,0.0,43.970588235294116
1,BFGS_pert_results_f3_100_1,AIC,0.0007307430816685268,0.9411764705882353,0.0,43.970588235294116
2,BFGS_pert_results_f3_100_1,BIC,0.0007471642105253769,0.9117647058823529,1.0,43.529411764705884
3,BFGS_pert_results_f3_100_1,AICc,0.0007307430816685268,0.9411764705882353,0.0,43.970588235294116
4,BFGS_pert_results_f3_100_1,MDL,0.0014585497409881551,0.5588235294117647,1.0,28.058823529411764
5,BFGS_pert_results_f3_100_1,Err_in,0.0018585152030450127,0.5588235294117647,1.0,45.088235294117645
