,dataset,criteria,avg_test_error,precision_at_k,ground_truth_hit,avg_size
0,BFGS_cluster_results_f3_100_1,MSE_train_opt,6.7434466963909e-05,0.684931506849315,0.0,47.35616438356164
1,BFGS_cluster_results_f3_100_1,AIC,3.934833751800969e-05,0.8767123287671232,1.0,32.945205479452056
2,BFGS_cluster_results_f3_100_1,BIC,3.896135475757546e-05,0.8904109589041096,1.0,32.863013698630134
3,BFGS_cluster_results_f3_100_1,AICc,3.896135475757546e-05,0.8904109589041096,1.0,32.863013698630134
4,BFGS_cluster_results_f3_100_1,MDL,3.209694947738467e-05,0.9315068493150684,1.0,32.57534246575342
5,BFGS_cluster_results_f3_100_1,Err_in,3.832320145631367e-05,0.8493150684931506,1.0,36.986301369863014
