,dataset,criteria,avg_test_error,precision_at_k,ground_truth_hit,avg_size
0,BFGS_cluster_results_f7_100_2,MSE_train_opt,0.012065334019010875,0.0,0.0,41.18181818181818
1,BFGS_cluster_results_f7_100_2,AIC,0.009410991700601654,0.09090909090909091,1.0,22.727272727272727
2,BFGS_cluster_results_f7_100_2,BIC,0.009410991700601654,0.09090909090909091,1.0,22.727272727272727
3,BFGS_cluster_results_f7_100_2,AICc,0.009410991700601654,0.09090909090909091,1.0,22.727272727272727
4,BFGS_cluster_results_f7_100_2,MDL,0.008345158068378773,0.0,1.0,22.181818181818183
5,BFGS_cluster_results_f7_100_2,Err_in,0.009208826966809408,0.09090909090909091,0.0,29.818181818181817
