,dataset,criteria,avg_test_error,precision_at_k,ground_truth_hit,avg_size
0,BFGS_pert_results_f7_100_2,MSE_train_opt,0.008858434682953819,0.0,0.0,38.0
1,BFGS_pert_results_f7_100_2,AIC,0.008453789745943843,0.0,1.0,22.75
2,BFGS_pert_results_f7_100_2,BIC,0.008453789745943843,0.0,1.0,22.75
3,BFGS_pert_results_f7_100_2,AICc,0.008453789745943843,0.0,1.0,22.75
4,BFGS_pert_results_f7_100_2,MDL,0.008345158876275858,0.0,1.0,22.916666666666668
5,BFGS_pert_results_f7_100_2,Err_in,0.008490765322607017,0.16666666666666666,0.0,26.833333333333332
