,dataset,criteria,avg_test_error,precision_at_k,ground_truth_hit,avg_size
0,BFGS_orig_results_f1_100_10,MSE_train_opt,0.01255319873747886,0.8953488372093024,1.0,35.26744186046512
1,BFGS_orig_results_f1_100_10,AIC,0.012703536480499223,0.8837209302325582,1.0,33.41860465116279
2,BFGS_orig_results_f1_100_10,BIC,0.012437290417886293,0.8953488372093024,1.0,33.08139534883721
3,BFGS_orig_results_f1_100_10,AICc,0.012437290417886293,0.8953488372093024,1.0,33.08139534883721
4,BFGS_orig_results_f1_100_10,MDL,0.012032853053117493,0.9186046511627907,1.0,32.69767441860465
5,BFGS_orig_results_f1_100_10,Err_in,0.011654272498706007,0.9302325581395349,1.0,35.06976744186046
