,dataset,criteria,avg_test_error,precision_at_k,ground_truth_hit,avg_size
0,BFGS_orig_results_f6_100_2,MSE_train_opt,0.0005905299806770684,0.7916666666666666,0.0,48.916666666666664
1,BFGS_orig_results_f6_100_2,AIC,0.0006277181598192486,0.75,1.0,36.111111111111114
2,BFGS_orig_results_f6_100_2,BIC,0.0006277181598192486,0.75,1.0,36.111111111111114
3,BFGS_orig_results_f6_100_2,AICc,0.0006277181598192486,0.75,1.0,36.111111111111114
4,BFGS_orig_results_f6_100_2,MDL,0.0006124271434387598,0.7638888888888888,1.0,36.06944444444444
5,BFGS_orig_results_f6_100_2,Err_in,0.0005905299806770684,0.7916666666666666,0.0,48.916666666666664
