,dataset,criteria,avg_test_error,precision_at_k,ground_truth_hit,avg_size
0,BFGS_orig_results_f7_100_2,MSE_train_opt,0.008388845246590976,0.9024390243902439,1.0,30.536585365853657
1,BFGS_orig_results_f7_100_2,AIC,0.008412979700300777,0.8536585365853658,1.0,27.463414634146343
2,BFGS_orig_results_f7_100_2,BIC,0.00831373988537403,0.8536585365853658,1.0,27.390243902439025
3,BFGS_orig_results_f7_100_2,AICc,0.008412979700300777,0.8536585365853658,1.0,27.463414634146343
4,BFGS_orig_results_f7_100_2,MDL,0.00841039361282864,0.8780487804878049,1.0,27.341463414634145
5,BFGS_orig_results_f7_100_2,Err_in,0.008232607045987992,0.9024390243902439,1.0,29.658536585365855
