,dataset,criteria,avg_test_error,precision_at_k,ground_truth_hit,avg_size
0,BFGS_cluster_results_f4_100_2,MSE_train_opt,0.0019374724624412715,0.0,0.0,66.92857142857143
1,BFGS_cluster_results_f4_100_2,AIC,0.0012108850304956428,0.07142857142857142,1.0,35.42857142857143
2,BFGS_cluster_results_f4_100_2,BIC,0.0005889487132731501,0.2857142857142857,1.0,28.071428571428573
3,BFGS_cluster_results_f4_100_2,AICc,0.0010982698380834143,0.07142857142857142,1.0,33.285714285714285
4,BFGS_cluster_results_f4_100_2,MDL,0.0005567955692281785,0.14285714285714285,1.0,28.071428571428573
5,BFGS_cluster_results_f4_100_2,Err_in,0.0010516889334127714,0.21428571428571427,0.0,50.714285714285715
