,dataset,criteria,avg_test_error,precision_at_k,ground_truth_hit,avg_size
0,BFGS_cluster_results_f6_100_2,MSE_train_opt,0.5265856796354985,0.9560439560439561,1.0,51.94505494505494
1,BFGS_cluster_results_f6_100_2,AIC,0.5265856796354986,0.9560439560439561,1.0,51.94505494505494
2,BFGS_cluster_results_f6_100_2,BIC,0.5265856796354986,0.9560439560439561,1.0,51.94505494505494
3,BFGS_cluster_results_f6_100_2,AICc,0.5265856796354986,0.9560439560439561,1.0,51.94505494505494
4,BFGS_cluster_results_f6_100_2,MDL,0.5250746289070454,0.967032967032967,1.0,51.02197802197802
5,BFGS_cluster_results_f6_100_2,Err_in,0.5337753851185998,0.967032967032967,1.0,50.86813186813187
