,dataset,criteria,avg_test_error,precision_at_k,ground_truth_hit,avg_size
0,BFGS_orig_results_f5_100_3,MSE_train_opt,7.915680208921834e-05,0.1276595744680851,0.0,50.680851063829785
1,BFGS_orig_results_f5_100_3,AIC,2.367542555900158e-05,0.46808510638297873,1.0,33.12765957446808
2,BFGS_orig_results_f5_100_3,BIC,2.367542555900158e-05,0.46808510638297873,1.0,33.12765957446808
3,BFGS_orig_results_f5_100_3,AICc,2.367542555900158e-05,0.46808510638297873,1.0,33.12765957446808
4,BFGS_orig_results_f5_100_3,MDL,1.8109793094171613e-05,0.574468085106383,1.0,32.212765957446805
5,BFGS_orig_results_f5_100_3,Err_in,7.915680208921834e-05,0.1276595744680851,0.0,50.680851063829785
