,dataset,criteria,avg_test_error,precision_at_k,ground_truth_hit,avg_size
0,BFGS_pert_results_f6_100_2,MSE_train_opt,0.35348414775222187,0.9666666666666667,0.0,49.86666666666667
1,BFGS_pert_results_f6_100_2,AIC,0.35348414775222187,0.9666666666666667,0.0,49.86666666666667
2,BFGS_pert_results_f6_100_2,BIC,0.35387524833521733,0.9333333333333333,0.0,46.733333333333334
3,BFGS_pert_results_f6_100_2,AICc,0.35387524833521733,0.9333333333333333,0.0,46.733333333333334
4,BFGS_pert_results_f6_100_2,MDL,0.35618185027561755,0.8333333333333334,0.0,44.0
5,BFGS_pert_results_f6_100_2,Err_in,0.8585615350665613,0.43333333333333335,1.0,48.7
