,dataset,criteria,avg_test_error,precision_at_k,ground_truth_hit,avg_size
0,BFGS_orig_results_f6_100_2,MSE_train_opt,0.0005320448844035556,0.5483870967741935,0.0,55.0
1,BFGS_orig_results_f6_100_2,AIC,0.0006762836114256803,0.22580645161290322,1.0,30.451612903225808
2,BFGS_orig_results_f6_100_2,BIC,0.0006762836114256803,0.22580645161290322,1.0,30.451612903225808
3,BFGS_orig_results_f6_100_2,AICc,0.0006762836114256803,0.22580645161290322,1.0,30.451612903225808
4,BFGS_orig_results_f6_100_2,MDL,0.0006158067408684918,0.2903225806451613,1.0,30.06451612903226
5,BFGS_orig_results_f6_100_2,Err_in,0.0005320448844035556,0.5483870967741935,0.0,55.0
