,dataset,criteria,avg_test_error,precision_at_k,ground_truth_hit,avg_size
0,BFGS_cluster_results_f6_100_2,MSE_train_opt,0.39147238724279526,0.5454545454545454,1.0,51.81818181818182
1,BFGS_cluster_results_f6_100_2,AIC,0.3838648291981378,0.5454545454545454,1.0,49.42424242424242
2,BFGS_cluster_results_f6_100_2,BIC,0.3846364356888822,0.5454545454545454,1.0,44.93939393939394
3,BFGS_cluster_results_f6_100_2,AICc,0.3838648291981378,0.5454545454545454,1.0,49.42424242424242
4,BFGS_cluster_results_f6_100_2,MDL,0.38738250750839986,0.5454545454545454,1.0,36.39393939393939
5,BFGS_cluster_results_f6_100_2,Err_in,0.27296222261205016,0.5454545454545454,1.0,46.24242424242424
