,dataset,criteria,avg_test_error,precision_at_k,ground_truth_hit,avg_size
0,BFGS_orig_results_f3_100_1,MSE_train_opt,7.575159618591935e-07,0.7532467532467533,0.0,47.44155844155844
1,BFGS_orig_results_f3_100_1,AIC,6.256027914891453e-07,0.7792207792207793,1.0,35.77922077922078
2,BFGS_orig_results_f3_100_1,BIC,6.256027914891453e-07,0.7792207792207793,1.0,35.77922077922078
3,BFGS_orig_results_f3_100_1,AICc,6.256027914891453e-07,0.7792207792207793,1.0,35.77922077922078
4,BFGS_orig_results_f3_100_1,MDL,6.244747639822474e-07,0.7792207792207793,1.0,35.935064935064936
5,BFGS_orig_results_f3_100_1,Err_in,7.557494140733759e-07,0.7532467532467533,0.0,46.97402597402598
