,dataset,criteria,avg_test_error,precision_at_k,ground_truth_hit,avg_size
0,BFGS_orig_results_f1_100_10,MSE_train_opt,0.01679461304120869,0.06896551724137931,0.0,38.13793103448276
1,BFGS_orig_results_f1_100_10,AIC,0.014165224969209193,0.1724137931034483,1.0,32.58620689655172
2,BFGS_orig_results_f1_100_10,BIC,0.013657446824409409,0.20689655172413793,1.0,32.51724137931034
3,BFGS_orig_results_f1_100_10,AICc,0.014165224969209193,0.1724137931034483,1.0,32.58620689655172
4,BFGS_orig_results_f1_100_10,MDL,0.011239323377429182,0.2413793103448276,1.0,30.06896551724138
5,BFGS_orig_results_f1_100_10,Err_in,0.011606479471267321,0.4827586206896552,0.0,38.37931034482759
