,dataset,criteria,avg_test_error,precision_at_k,ground_truth_hit,avg_size
0,BFGS_cluster_results_f2_100_2,MSE_train_opt,6.977256489808227e-05,0.30357142857142855,0.0,49.892857142857146
1,BFGS_cluster_results_f2_100_2,AIC,2.200293120946617e-05,0.7857142857142857,1.0,27.339285714285715
2,BFGS_cluster_results_f2_100_2,BIC,2.1020801332531494e-05,0.8035714285714286,1.0,27.178571428571427
3,BFGS_cluster_results_f2_100_2,AICc,2.1020801332531494e-05,0.8035714285714286,1.0,27.178571428571427
4,BFGS_cluster_results_f2_100_2,MDL,1.908594449630734e-05,0.8214285714285714,1.0,26.375
5,BFGS_cluster_results_f2_100_2,Err_in,1.5999297257618528e-05,0.9285714285714286,1.0,27.875
