,dataset,criteria,avg_test_error,precision_at_k,ground_truth_hit,avg_size
0,BFGS_cluster_results_f3_100_1,MSE_train_opt,5.6930059072561816e-05,0.9213483146067416,0.0,44.19101123595506
1,BFGS_cluster_results_f3_100_1,AIC,5.0360098891555324e-05,0.9325842696629213,1.0,39.49438202247191
2,BFGS_cluster_results_f3_100_1,BIC,5.0027876178831996e-05,0.9325842696629213,1.0,39.17977528089887
3,BFGS_cluster_results_f3_100_1,AICc,5.0027876178831996e-05,0.9325842696629213,1.0,39.17977528089887
4,BFGS_cluster_results_f3_100_1,MDL,4.644481381751418e-05,0.9438202247191011,1.0,39.71910112359551
5,BFGS_cluster_results_f3_100_1,Err_in,4.6447505900811285e-05,0.9550561797752809,1.0,41.337078651685395
