,dataset,criteria,avg_test_error,precision_at_k,ground_truth_hit,avg_size
0,BFGS_orig_results_f3_100_1,MSE_train_opt,5.709140588330166e-06,0.0,0.0,48.57142857142857
1,BFGS_orig_results_f3_100_1,AIC,5.948781227794299e-07,0.2857142857142857,1.0,23.285714285714285
2,BFGS_orig_results_f3_100_1,BIC,5.948781227794299e-07,0.2857142857142857,1.0,23.285714285714285
3,BFGS_orig_results_f3_100_1,AICc,5.948781227794299e-07,0.2857142857142857,1.0,23.285714285714285
4,BFGS_orig_results_f3_100_1,MDL,1.1500962214294458e-07,0.14285714285714285,1.0,23.714285714285715
5,BFGS_orig_results_f3_100_1,Err_in,5.709140588330166e-06,0.0,0.0,48.57142857142857
