,dataset,criteria,avg_test_error,precision_at_k,ground_truth_hit,avg_size
0,BFGS_pert_results_f7_100_2,MSE_train_opt,0.008507246086357386,0.2631578947368421,1.0,30.842105263157894
1,BFGS_pert_results_f7_100_2,AIC,0.008405299628003775,0.34210526315789475,1.0,24.31578947368421
2,BFGS_pert_results_f7_100_2,BIC,0.008405299628003775,0.34210526315789475,1.0,24.31578947368421
3,BFGS_pert_results_f7_100_2,AICc,0.008405299628003775,0.34210526315789475,1.0,24.31578947368421
4,BFGS_pert_results_f7_100_2,MDL,0.00840529113424933,0.34210526315789475,1.0,23.789473684210527
5,BFGS_pert_results_f7_100_2,Err_in,0.008390984627456936,0.34210526315789475,0.0,27.657894736842106
