,dataset,criteria,avg_test_error,precision_at_k,ground_truth_hit,avg_size
0,BFGS_orig_results_f6_100_2,MSE_train_opt,0.0005480323894744659,0.7454545454545455,0.0,51.92727272727273
1,BFGS_orig_results_f6_100_2,AIC,0.0006273446445285999,0.5454545454545454,1.0,33.054545454545455
2,BFGS_orig_results_f6_100_2,BIC,0.0006273446445286,0.5454545454545454,1.0,33.054545454545455
3,BFGS_orig_results_f6_100_2,AICc,0.0006273446445286,0.5454545454545454,1.0,33.054545454545455
4,BFGS_orig_results_f6_100_2,MDL,0.0005715554404056237,0.6,1.0,32.763636363636365
5,BFGS_orig_results_f6_100_2,Err_in,0.0005480323894744659,0.7454545454545455,0.0,51.92727272727273
