,dataset,criteria,avg_test_error,precision_at_k,ground_truth_hit,avg_size
0,BFGS_cluster_results_f6_100_2,MSE_train_opt,0.256388486710795,0.8035714285714286,1.0,52.517857142857146
1,BFGS_cluster_results_f6_100_2,AIC,0.256388486710795,0.8035714285714286,1.0,52.517857142857146
2,BFGS_cluster_results_f6_100_2,BIC,0.2660054141845397,0.7857142857142857,1.0,49.57142857142857
3,BFGS_cluster_results_f6_100_2,AICc,0.2570490772202244,0.8035714285714286,1.0,50.05357142857143
4,BFGS_cluster_results_f6_100_2,MDL,0.26245668012764345,0.8035714285714286,1.0,45.625
5,BFGS_cluster_results_f6_100_2,Err_in,0.28432432039732686,0.7678571428571429,1.0,50.089285714285715
