,dataset,criteria,avg_test_error,precision_at_k,ground_truth_hit,avg_size
0,BFGS_pert_results_f7_100_2,MSE_train_opt,0.008543846362756945,0.12903225806451613,1.0,32.54838709677419
1,BFGS_pert_results_f7_100_2,AIC,0.008418882750124389,0.12903225806451613,1.0,24.193548387096776
2,BFGS_pert_results_f7_100_2,BIC,0.008418882750124389,0.12903225806451613,1.0,24.193548387096776
3,BFGS_pert_results_f7_100_2,AICc,0.008418882750124389,0.12903225806451613,1.0,24.193548387096776
4,BFGS_pert_results_f7_100_2,MDL,0.008418879197701129,0.16129032258064516,1.0,23.516129032258064
5,BFGS_pert_results_f7_100_2,Err_in,0.00840133294992912,0.2903225806451613,0.0,27.677419354838708
