,dataset,criteria,avg_test_error,precision_at_k,ground_truth_hit,avg_size
0,BFGS_cluster_results_f2_100_2,MSE_train_opt,5.823535601201127e-05,0.647887323943662,0.0,45.056338028169016
1,BFGS_cluster_results_f2_100_2,AIC,2.8672137378465916e-05,0.8732394366197183,1.0,29.450704225352112
2,BFGS_cluster_results_f2_100_2,BIC,2.2104640905389544e-05,0.9014084507042254,1.0,28.929577464788732
3,BFGS_cluster_results_f2_100_2,AICc,2.7137125043366264e-05,0.8732394366197183,1.0,29.253521126760564
4,BFGS_cluster_results_f2_100_2,MDL,2.057598593358581e-05,0.9295774647887324,1.0,28.718309859154928
5,BFGS_cluster_results_f2_100_2,Err_in,2.2739725233123227e-05,0.8873239436619719,1.0,31.577464788732396
