,dataset,criteria,avg_test_error,precision_at_k,ground_truth_hit,avg_size
0,BFGS_orig_results_f7_100_2,MSE_train_opt,0.008583977786042161,0.06666666666666667,0.0,38.46666666666667
1,BFGS_orig_results_f7_100_2,AIC,0.00843206348665464,0.0,1.0,23.4
2,BFGS_orig_results_f7_100_2,BIC,0.00843206348665464,0.0,1.0,23.4
3,BFGS_orig_results_f7_100_2,AICc,0.00843206348665464,0.0,1.0,23.4
4,BFGS_orig_results_f7_100_2,MDL,0.008345158830224074,0.0,1.0,22.933333333333334
5,BFGS_orig_results_f7_100_2,Err_in,0.008271888234437528,0.06666666666666667,0.0,33.733333333333334
