,dataset,criteria,avg_test_error,precision_at_k,ground_truth_hit,avg_size
0,BFGS_cluster_results_f4_100_2,MSE_train_opt,0.0017745566750297383,0.0,0.0,68.26923076923077
1,BFGS_cluster_results_f4_100_2,AIC,0.0008841717751770536,0.34615384615384615,1.0,32.23076923076923
2,BFGS_cluster_results_f4_100_2,BIC,0.0007476657427071616,0.38461538461538464,1.0,30.153846153846153
3,BFGS_cluster_results_f4_100_2,AICc,0.0008839978068864116,0.34615384615384615,1.0,31.384615384615383
4,BFGS_cluster_results_f4_100_2,MDL,0.0005293776698953116,0.5769230769230769,1.0,28.884615384615383
5,BFGS_cluster_results_f4_100_2,Err_in,0.0008181853965303268,0.46153846153846156,1.0,43.88461538461539
