,dataset,criteria,avg_test_error,precision_at_k,ground_truth_hit,avg_size
0,BFGS_orig_results_f1_100_10,MSE_train_opt,0.015287579105602292,0.18421052631578946,1.0,39.18421052631579
1,BFGS_orig_results_f1_100_10,AIC,0.013279988869183324,0.2631578947368421,1.0,32.18421052631579
2,BFGS_orig_results_f1_100_10,BIC,0.012892474068466362,0.2894736842105263,1.0,32.13157894736842
3,BFGS_orig_results_f1_100_10,AICc,0.013279988869183324,0.2631578947368421,1.0,32.18421052631579
4,BFGS_orig_results_f1_100_10,MDL,0.011080068644658733,0.47368421052631576,1.0,30.210526315789473
5,BFGS_orig_results_f1_100_10,Err_in,0.01132725828112255,0.5526315789473685,1.0,36.55263157894737
