,dataset,criteria,avg_test_error,precision_at_k,ground_truth_hit,avg_size
0,BFGS_cluster_results_f4_100_2,MSE_train_opt,0.0012661902298189583,0.4666666666666667,0.0,55.233333333333334
1,BFGS_cluster_results_f4_100_2,AIC,0.0007670026538372699,0.8,1.0,33.81666666666667
2,BFGS_cluster_results_f4_100_2,BIC,0.0007649820296287234,0.8,1.0,33.65
3,BFGS_cluster_results_f4_100_2,AICc,0.0007670026538372699,0.8,1.0,33.81666666666667
4,BFGS_cluster_results_f4_100_2,MDL,0.000744370918030465,0.8166666666666667,1.0,33.4
5,BFGS_cluster_results_f4_100_2,Err_in,0.000812502301383125,0.75,1.0,42.46666666666667
