,dataset,criteria,avg_test_error,precision_at_k,ground_truth_hit,avg_size
0,BFGS_orig_results_f3_100_1,MSE_train_opt,1.709384307687937e-06,0.0,0.0,45.25806451612903
1,BFGS_orig_results_f3_100_1,AIC,6.136013488381771e-07,0.22580645161290322,1.0,26.032258064516128
2,BFGS_orig_results_f3_100_1,BIC,6.136013488381771e-07,0.22580645161290322,1.0,26.032258064516128
3,BFGS_orig_results_f3_100_1,AICc,6.136013488381771e-07,0.22580645161290322,1.0,26.032258064516128
4,BFGS_orig_results_f3_100_1,MDL,5.27539195686026e-07,0.3870967741935484,1.0,26.129032258064516
5,BFGS_orig_results_f3_100_1,Err_in,1.7123844288831428e-06,0.0,0.0,43.193548387096776
