,dataset,criteria,avg_test_error,precision_at_k,ground_truth_hit,avg_size
0,BFGS_cluster_results_f6_100_2,MSE_train_opt,0.3499112347324196,0.625,1.0,55.208333333333336
1,BFGS_cluster_results_f6_100_2,AIC,0.4966140718497538,0.5416666666666666,1.0,49.291666666666664
2,BFGS_cluster_results_f6_100_2,BIC,0.5029853021577546,0.5416666666666666,1.0,45.541666666666664
3,BFGS_cluster_results_f6_100_2,AICc,0.49613872960225197,0.5416666666666666,1.0,47.666666666666664
4,BFGS_cluster_results_f6_100_2,MDL,0.5190363177134393,0.375,1.0,32.833333333333336
5,BFGS_cluster_results_f6_100_2,Err_in,0.16929784080408775,0.4583333333333333,0.0,50.875
