,dataset,criteria,avg_test_error,precision_at_k,ground_truth_hit,avg_size
0,BFGS_orig_results_f4_100_2,MSE_train_opt,0.006853140612871504,0.0,0.0,46.82142857142857
1,BFGS_orig_results_f4_100_2,AIC,0.0006921154126808563,0.2857142857142857,1.0,33.285714285714285
2,BFGS_orig_results_f4_100_2,BIC,0.00025942886083802437,0.2857142857142857,1.0,32.857142857142854
3,BFGS_orig_results_f4_100_2,AICc,0.00026165266497983397,0.2857142857142857,1.0,32.785714285714285
4,BFGS_orig_results_f4_100_2,MDL,0.00585163044432642,0.39285714285714285,1.0,32.42857142857143
5,BFGS_orig_results_f4_100_2,Err_in,0.006853140612871504,0.0,0.0,46.82142857142857
