,dataset,criteria,avg_test_error,precision_at_k,ground_truth_hit,avg_size
0,BFGS_pert_results_f7_100_2,MSE_train_opt,0.008565134310768652,0.07142857142857142,1.0,32.75
1,BFGS_pert_results_f7_100_2,AIC,0.008426781726131314,0.10714285714285714,1.0,24.142857142857142
2,BFGS_pert_results_f7_100_2,BIC,0.008426781726131314,0.10714285714285714,1.0,24.142857142857142
3,BFGS_pert_results_f7_100_2,AICc,0.008426781726131314,0.10714285714285714,1.0,24.142857142857142
4,BFGS_pert_results_f7_100_2,MDL,0.008426777673800763,0.14285714285714285,1.0,23.428571428571427
5,BFGS_pert_results_f7_100_2,Err_in,0.008407351485384393,0.32142857142857145,0.0,28.0
