,dataset,criteria,avg_test_error,precision_at_k,ground_truth_hit,avg_size
0,BFGS_pert_results_f7_100_2,MSE_train_opt,0.008818951892267031,0.0,0.0,37.69230769230769
1,BFGS_pert_results_f7_100_2,AIC,0.008445433523265931,0.0,1.0,23.153846153846153
2,BFGS_pert_results_f7_100_2,BIC,0.008445433523265931,0.0,1.0,23.153846153846153
3,BFGS_pert_results_f7_100_2,AICc,0.008445433523265931,0.0,1.0,23.153846153846153
4,BFGS_pert_results_f7_100_2,MDL,0.008345158926027269,0.0,1.0,22.923076923076923
5,BFGS_pert_results_f7_100_2,Err_in,0.008479563679689115,0.15384615384615385,0.0,26.615384615384617
