,dataset,criteria,avg_test_error,precision_at_k,ground_truth_hit,avg_size
0,BFGS_cluster_results_f2_100_2,MSE_train_opt,7.397329182054507e-05,0.21153846153846154,0.0,51.51923076923077
1,BFGS_cluster_results_f2_100_2,AIC,2.146697973418719e-05,0.75,1.0,26.76923076923077
2,BFGS_cluster_results_f2_100_2,BIC,2.146697973418718e-05,0.75,1.0,26.76923076923077
3,BFGS_cluster_results_f2_100_2,AICc,2.1466979734187192e-05,0.75,1.0,26.76923076923077
4,BFGS_cluster_results_f2_100_2,MDL,1.89856576167008e-05,0.7884615384615384,1.0,26.057692307692307
5,BFGS_cluster_results_f2_100_2,Err_in,1.5890551273360503e-05,0.8846153846153846,1.0,27.76923076923077
