,dataset,criteria,avg_test_error,precision_at_k,ground_truth_hit,avg_size
0,BFGS_pert_results_f2_100_2,MSE_train_opt,0.011932048919955213,0.90625,0.0,45.9375
1,BFGS_pert_results_f2_100_2,AIC,0.01187829323182562,0.90625,0.0,45.21875
2,BFGS_pert_results_f2_100_2,BIC,0.01187829323182562,0.90625,0.0,45.21875
3,BFGS_pert_results_f2_100_2,AICc,0.01187829323182562,0.90625,0.0,45.21875
4,BFGS_pert_results_f2_100_2,MDL,0.012042469756763957,0.84375,1.0,40.90625
5,BFGS_pert_results_f2_100_2,Err_in,0.014051846958334056,0.46875,0.0,40.0625
