,dataset,criteria,avg_test_error,precision_at_k,ground_truth_hit,avg_size
0,BFGS_cluster_results_f7_100_2,MSE_train_opt,0.00891295811935241,0.7974683544303798,1.0,29.39240506329114
1,BFGS_cluster_results_f7_100_2,AIC,0.008726473239168864,0.8607594936708861,1.0,25.949367088607595
2,BFGS_cluster_results_f7_100_2,BIC,0.008636436889477635,0.8734177215189873,1.0,25.873417721518987
3,BFGS_cluster_results_f7_100_2,AICc,0.008726473239168864,0.8607594936708861,1.0,25.949367088607595
4,BFGS_cluster_results_f7_100_2,MDL,0.00863643702213304,0.8734177215189873,1.0,25.670886075949365
5,BFGS_cluster_results_f7_100_2,Err_in,0.00853437985192407,0.9113924050632911,1.0,27.620253164556964
