,dataset,criteria,avg_test_error,precision_at_k,ground_truth_hit,avg_size
0,BFGS_cluster_results_f6_100_2,MSE_train_opt,0.2912562178239158,0.6875,1.0,54.6875
1,BFGS_cluster_results_f6_100_2,AIC,0.28464632258107486,0.7083333333333334,1.0,47.25
2,BFGS_cluster_results_f6_100_2,BIC,0.2767446314112479,0.7291666666666666,1.0,45.6875
3,BFGS_cluster_results_f6_100_2,AICc,0.28455556603618887,0.7083333333333334,1.0,47.0
4,BFGS_cluster_results_f6_100_2,MDL,0.2899377501854592,0.7291666666666666,1.0,40.6875
5,BFGS_cluster_results_f6_100_2,Err_in,0.32002126490865357,0.6041666666666666,1.0,49.104166666666664
