,dataset,criteria,avg_test_error,precision_at_k,ground_truth_hit,avg_size
0,BFGS_orig_results_f1_100_10,MSE_train_opt,0.012648662752129232,0.8414634146341463,1.0,35.46341463414634
1,BFGS_orig_results_f1_100_10,AIC,0.012680343102889988,0.8414634146341463,1.0,32.98780487804878
2,BFGS_orig_results_f1_100_10,BIC,0.012430087113340352,0.8536585365853658,1.0,32.68292682926829
3,BFGS_orig_results_f1_100_10,AICc,0.012680343102889988,0.8414634146341463,1.0,32.98780487804878
4,BFGS_orig_results_f1_100_10,MDL,0.011779167049873487,0.8902439024390244,1.0,32.40243902439025
5,BFGS_orig_results_f1_100_10,Err_in,0.011525111896580228,0.9146341463414634,1.0,35.02439024390244
