,dataset,criteria,avg_test_error,precision_at_k,ground_truth_hit,avg_size
0,BFGS_orig_results_f2_100_2,MSE_train_opt,1.3365050430851738e-05,0.11627906976744186,0.0,39.325581395348834
1,BFGS_orig_results_f2_100_2,AIC,6.800830586222942e-06,0.46511627906976744,1.0,25.6046511627907
2,BFGS_orig_results_f2_100_2,BIC,6.800830586222942e-06,0.46511627906976744,1.0,25.6046511627907
3,BFGS_orig_results_f2_100_2,AICc,6.800830586222942e-06,0.46511627906976744,1.0,25.6046511627907
4,BFGS_orig_results_f2_100_2,MDL,6.463543795944879e-06,0.4883720930232558,1.0,25.790697674418606
5,BFGS_orig_results_f2_100_2,Err_in,1.3365050430851738e-05,0.11627906976744186,0.0,39.325581395348834
