,dataset,criteria,avg_test_error,precision_at_k,ground_truth_hit,avg_size
0,BFGS_cluster_results_f1_100_10,MSE_train_opt,0.0501992258649331,0.0,0.0,57.275862068965516
1,BFGS_cluster_results_f1_100_10,AIC,0.02801654117828944,0.1724137931034483,1.0,36.827586206896555
2,BFGS_cluster_results_f1_100_10,BIC,0.019227880688819542,0.3448275862068966,1.0,33.0
3,BFGS_cluster_results_f1_100_10,AICc,0.02673902360131941,0.1724137931034483,1.0,36.03448275862069
4,BFGS_cluster_results_f1_100_10,MDL,0.013346753656856185,0.6896551724137931,1.0,30.310344827586206
5,BFGS_cluster_results_f1_100_10,Err_in,0.013075736427602326,0.896551724137931,1.0,31.586206896551722
