,dataset,criteria,avg_test_error,precision_at_k,ground_truth_hit,avg_size
0,BFGS_cluster_results_f2_100_2,MSE_train_opt,5.114110324790373e-05,0.8705882352941177,0.0,42.10588235294118
1,BFGS_cluster_results_f2_100_2,AIC,3.2724513196993894e-05,0.9411764705882353,1.0,33.411764705882355
2,BFGS_cluster_results_f2_100_2,BIC,3.048375038590113e-05,0.9529411764705882,1.0,33.27058823529412
3,BFGS_cluster_results_f2_100_2,AICc,3.048375038590113e-05,0.9529411764705882,1.0,33.27058823529412
4,BFGS_cluster_results_f2_100_2,MDL,2.9263834449394335e-05,0.9647058823529412,1.0,33.411764705882355
5,BFGS_cluster_results_f2_100_2,Err_in,2.9411935071553685e-05,0.9529411764705882,1.0,35.44705882352941
