,dataset,criteria,avg_test_error,precision_at_k,ground_truth_hit,avg_size
0,BFGS_cluster_results_f3_100_1,MSE_train_opt,9.519122208219395e-05,0.0625,0.0,54.395833333333336
1,BFGS_cluster_results_f3_100_1,AIC,2.0956246655531758e-05,0.6666666666666666,1.0,28.25
2,BFGS_cluster_results_f3_100_1,BIC,1.7064253097926648e-05,0.7083333333333334,1.0,27.791666666666668
3,BFGS_cluster_results_f3_100_1,AICc,1.9849678263136637e-05,0.6875,1.0,27.9375
4,BFGS_cluster_results_f3_100_1,MDL,1.2377097004601141e-05,0.8125,1.0,27.291666666666668
5,BFGS_cluster_results_f3_100_1,Err_in,1.2028466584051628e-05,0.875,1.0,29.75
