,dataset,criteria,avg_test_error,precision_at_k,ground_truth_hit,avg_size
0,BFGS_cluster_results_f7_100_2,MSE_train_opt,0.009068645316960427,0.6290322580645161,1.0,30.451612903225808
1,BFGS_cluster_results_f7_100_2,AIC,0.008829018795918329,0.7258064516129032,1.0,24.838709677419356
2,BFGS_cluster_results_f7_100_2,BIC,0.008714295016794571,0.7419354838709677,1.0,24.822580645161292
3,BFGS_cluster_results_f7_100_2,AICc,0.008714295016794571,0.7419354838709677,1.0,24.822580645161292
4,BFGS_cluster_results_f7_100_2,MDL,0.008670242216661834,0.7580645161290323,1.0,24.548387096774192
5,BFGS_cluster_results_f7_100_2,Err_in,0.00852964084768531,0.7419354838709677,0.0,27.56451612903226
