,dataset,criteria,avg_test_error,precision_at_k,ground_truth_hit,avg_size
0,BFGS_orig_results_f2_100_2,MSE_train_opt,1.2601565970001947e-05,0.2653061224489796,0.0,39.3469387755102
1,BFGS_orig_results_f2_100_2,AIC,6.598918436918735e-06,0.5714285714285714,1.0,26.285714285714285
2,BFGS_orig_results_f2_100_2,BIC,6.598918436918735e-06,0.5714285714285714,1.0,26.285714285714285
3,BFGS_orig_results_f2_100_2,AICc,6.598918436918735e-06,0.5714285714285714,1.0,26.285714285714285
4,BFGS_orig_results_f2_100_2,MDL,6.263932025610087e-06,0.6122448979591837,1.0,26.408163265306122
5,BFGS_orig_results_f2_100_2,Err_in,1.2601565970001947e-05,0.2653061224489796,0.0,39.3469387755102
