,dataset,criteria,avg_test_error,precision_at_k,ground_truth_hit,avg_size
0,BFGS_cluster_results_f7_100_2,MSE_train_opt,0.009260590983412033,0.4897959183673469,0.0,30.897959183673468
1,BFGS_cluster_results_f7_100_2,AIC,0.008759480244676716,0.5306122448979592,1.0,23.979591836734695
2,BFGS_cluster_results_f7_100_2,BIC,0.008723297331894557,0.5510204081632653,1.0,23.918367346938776
3,BFGS_cluster_results_f7_100_2,AICc,0.008723297331894555,0.5510204081632653,1.0,23.918367346938776
4,BFGS_cluster_results_f7_100_2,MDL,0.008697473161843314,0.6530612244897959,1.0,23.73469387755102
5,BFGS_cluster_results_f7_100_2,Err_in,0.008578585412906976,0.5306122448979592,0.0,28.306122448979593
