,dataset,criteria,avg_test_error,precision_at_k,ground_truth_hit,avg_size
0,BFGS_cluster_results_f4_100_2,MSE_train_opt,0.0011302803687903205,0.7397260273972602,0.0,51.67123287671233
1,BFGS_cluster_results_f4_100_2,AIC,0.0008712771104522383,0.8356164383561644,1.0,37.3013698630137
2,BFGS_cluster_results_f4_100_2,BIC,0.0008369588386513603,0.8493150684931506,1.0,36.97260273972603
3,BFGS_cluster_results_f4_100_2,AICc,0.0008595653604182465,0.8356164383561644,1.0,37.15068493150685
4,BFGS_cluster_results_f4_100_2,MDL,0.0008105536767835945,0.863013698630137,1.0,36.97260273972603
5,BFGS_cluster_results_f4_100_2,Err_in,0.0009162064992292506,0.821917808219178,1.0,45.19178082191781
