,dataset,criteria,avg_test_error,precision_at_k,ground_truth_hit,avg_size
0,BFGS_orig_results_f6_100_2,MSE_train_opt,0.0005519339809175686,0.6818181818181818,0.0,53.13636363636363
1,BFGS_orig_results_f6_100_2,AIC,0.0006757888857764727,0.3409090909090909,1.0,31.75
2,BFGS_orig_results_f6_100_2,BIC,0.0006757888857764725,0.3409090909090909,1.0,31.75
3,BFGS_orig_results_f6_100_2,AICc,0.0006757888857764725,0.3409090909090909,1.0,31.75
4,BFGS_orig_results_f6_100_2,MDL,0.0006084689565895759,0.4318181818181818,1.0,31.545454545454547
5,BFGS_orig_results_f6_100_2,Err_in,0.0005519339809175686,0.6818181818181818,0.0,53.13636363636363
