,dataset,criteria,avg_test_error,precision_at_k,ground_truth_hit,avg_size
0,BFGS_cluster_results_f6_100_2,MSE_train_opt,0.2935189074579627,0.8961038961038961,1.0,53.103896103896105
1,BFGS_cluster_results_f6_100_2,AIC,0.2935189074579627,0.8961038961038961,1.0,53.103896103896105
2,BFGS_cluster_results_f6_100_2,BIC,0.2935189074579627,0.8961038961038961,1.0,53.103896103896105
3,BFGS_cluster_results_f6_100_2,AICc,0.2935189074579627,0.8961038961038961,1.0,53.103896103896105
4,BFGS_cluster_results_f6_100_2,MDL,0.27909568033507953,0.9090909090909091,1.0,52.883116883116884
5,BFGS_cluster_results_f6_100_2,Err_in,0.30599737928604553,0.8961038961038961,1.0,52.493506493506494
