,dataset,criteria,avg_test_error,precision_at_k,ground_truth_hit,avg_size
0,BFGS_cluster_results_f6_100_2,MSE_train_opt,0.30798665808407116,0.6666666666666666,1.0,54.955555555555556
1,BFGS_cluster_results_f6_100_2,AIC,0.3007975362717948,0.6888888888888889,1.0,47.666666666666664
2,BFGS_cluster_results_f6_100_2,BIC,0.29249315874279996,0.7111111111111111,1.0,45.55555555555556
3,BFGS_cluster_results_f6_100_2,AICc,0.29239112431836956,0.7111111111111111,1.0,46.86666666666667
4,BFGS_cluster_results_f6_100_2,MDL,0.30695078867435427,0.6888888888888889,1.0,39.111111111111114
5,BFGS_cluster_results_f6_100_2,Err_in,0.3305012706061761,0.5777777777777777,1.0,48.955555555555556
