,dataset,criteria,avg_test_error,precision_at_k,ground_truth_hit,avg_size
0,BFGS_cluster_results_f5_100_3,MSE_train_opt,1.9075591567834271,0.9894736842105263,1.0,45.62105263157895
1,BFGS_cluster_results_f5_100_3,AIC,1.9075591567834274,0.9894736842105263,1.0,45.62105263157895
2,BFGS_cluster_results_f5_100_3,BIC,1.9075591567834274,0.9894736842105263,1.0,45.62105263157895
3,BFGS_cluster_results_f5_100_3,AICc,1.9075591567834271,0.9894736842105263,1.0,45.62105263157895
4,BFGS_cluster_results_f5_100_3,MDL,1.9075591567834274,0.9894736842105263,1.0,45.62105263157895
5,BFGS_cluster_results_f5_100_3,Err_in,1.9075591567834274,0.9894736842105263,1.0,45.62105263157895
