,dataset,criteria,avg_test_error,precision_at_k,ground_truth_hit,avg_size
0,BFGS_orig_results_f3_100_1,MSE_train_opt,9.725464647095434e-07,0.3898305084745763,0.0,46.644067796610166
1,BFGS_orig_results_f3_100_1,AIC,5.450064249693017e-07,0.5932203389830508,1.0,31.28813559322034
2,BFGS_orig_results_f3_100_1,BIC,5.450064249693017e-07,0.5932203389830508,1.0,31.28813559322034
3,BFGS_orig_results_f3_100_1,AICc,5.450064249693017e-07,0.5932203389830508,1.0,31.28813559322034
4,BFGS_orig_results_f3_100_1,MDL,5.386176549707138e-07,0.6101694915254238,1.0,31.152542372881356
5,BFGS_orig_results_f3_100_1,Err_in,9.702439344349776e-07,0.4067796610169492,0.0,45.779661016949156
