,dataset,criteria,avg_test_error,precision_at_k,ground_truth_hit,avg_size
0,BFGS_orig_results_f7_100_2,MSE_train_opt,0.008488450359293303,0.04,0.0,34.12
1,BFGS_orig_results_f7_100_2,AIC,0.008436576428145217,0.04,1.0,23.64
2,BFGS_orig_results_f7_100_2,BIC,0.008436576428145217,0.04,1.0,23.64
3,BFGS_orig_results_f7_100_2,AICc,0.008436576428145217,0.04,1.0,23.64
4,BFGS_orig_results_f7_100_2,MDL,0.008397331909764605,0.12,1.0,23.28
5,BFGS_orig_results_f7_100_2,Err_in,0.00830124510589612,0.16,0.0,31.84
