,dataset,criteria,avg_test_error,precision_at_k,ground_truth_hit,avg_size
0,BFGS_cluster_results_f1_100_10,MSE_train_opt,0.03598492027069322,0.2857142857142857,0.0,49.392857142857146
1,BFGS_cluster_results_f1_100_10,AIC,0.020244552170624604,0.6964285714285714,1.0,34.660714285714285
2,BFGS_cluster_results_f1_100_10,BIC,0.017428281835806587,0.7678571428571429,1.0,33.5
3,BFGS_cluster_results_f1_100_10,AICc,0.020244552170624604,0.6964285714285714,1.0,34.660714285714285
4,BFGS_cluster_results_f1_100_10,MDL,0.014466584175529627,0.8571428571428571,1.0,32.714285714285715
5,BFGS_cluster_results_f1_100_10,Err_in,0.014578220448299479,0.8571428571428571,1.0,33.94642857142857
