,dataset,criteria,avg_test_error,precision_at_k,ground_truth_hit,avg_size
0,BFGS_cluster_results_f1_100_10,MSE_train_opt,0.03737451941902916,0.20754716981132076,0.0,50.18867924528302
1,BFGS_cluster_results_f1_100_10,AIC,0.02077249210951202,0.6415094339622641,1.0,34.54716981132076
2,BFGS_cluster_results_f1_100_10,BIC,0.017824549433350174,0.7169811320754716,1.0,33.58490566037736
3,BFGS_cluster_results_f1_100_10,AICc,0.020772492109512024,0.6415094339622641,1.0,34.54716981132076
4,BFGS_cluster_results_f1_100_10,MDL,0.014412424988030232,0.8301886792452831,1.0,32.35849056603774
5,BFGS_cluster_results_f1_100_10,Err_in,0.014672272631375443,0.8301886792452831,1.0,33.83018867924528
