,dataset,criteria,avg_test_error,precision_at_k,ground_truth_hit,avg_size
0,BFGS_pert_results_f2_100_2,MSE_train_opt,0.011188409369694933,0.5,0.0,43.333333333333336
1,BFGS_pert_results_f2_100_2,AIC,0.0113063799219977,0.4166666666666667,0.0,37.5
2,BFGS_pert_results_f2_100_2,BIC,0.0113063799219977,0.4166666666666667,0.0,37.5
3,BFGS_pert_results_f2_100_2,AICc,0.0113063799219977,0.4166666666666667,0.0,37.5
4,BFGS_pert_results_f2_100_2,MDL,0.011352415278705617,0.4166666666666667,0.0,29.5
5,BFGS_pert_results_f2_100_2,Err_in,0.013381284032740916,0.16666666666666666,0.0,41.416666666666664
