,dataset,criteria,avg_test_error,precision_at_k,ground_truth_hit,avg_size
0,BFGS_orig_results_f4_100_2,MSE_train_opt,0.009084077825983642,0.0,0.0,45.57142857142857
1,BFGS_orig_results_f4_100_2,AIC,0.000889000174071009,0.19047619047619047,1.0,32.19047619047619
2,BFGS_orig_results_f4_100_2,BIC,0.00030845638696169395,0.2857142857142857,1.0,31.61904761904762
3,BFGS_orig_results_f4_100_2,AICc,0.0003138803030058368,0.23809523809523808,1.0,31.666666666666668
4,BFGS_orig_results_f4_100_2,MDL,0.0002462269445191752,0.38095238095238093,1.0,31.38095238095238
5,BFGS_orig_results_f4_100_2,Err_in,0.009084077825983642,0.0,0.0,45.57142857142857
