,dataset,criteria,avg_test_error,precision_at_k,ground_truth_hit,avg_size
0,BFGS_orig_results_f3_100_1,MSE_train_opt,7.478042187590915e-07,0.7692307692307693,0.0,47.217948717948715
1,BFGS_orig_results_f3_100_1,AIC,6.1758224288031e-07,0.7948717948717948,1.0,36.217948717948715
2,BFGS_orig_results_f3_100_1,BIC,6.1758224288031e-07,0.7948717948717948,1.0,36.217948717948715
3,BFGS_orig_results_f3_100_1,AICc,6.1758224288031e-07,0.7948717948717948,1.0,36.217948717948715
4,BFGS_orig_results_f3_100_1,MDL,6.164686772645263e-07,0.7948717948717948,1.0,36.37179487179487
5,BFGS_orig_results_f3_100_1,Err_in,7.460603190211556e-07,0.7692307692307693,0.0,47.333333333333336
