,dataset,criteria,avg_test_error,precision_at_k,ground_truth_hit,avg_size
0,BFGS_cluster_results_f1_100_10,MSE_train_opt,0.05779421406836298,0.0,0.0,62.3125
1,BFGS_cluster_results_f1_100_10,AIC,0.035255839426684296,0.0625,1.0,36.75
2,BFGS_cluster_results_f1_100_10,BIC,0.022481340034960974,0.0625,1.0,33.0625
3,BFGS_cluster_results_f1_100_10,AICc,0.035255839426684296,0.0625,1.0,36.75
4,BFGS_cluster_results_f1_100_10,MDL,0.010874936830800562,0.5625,1.0,29.6875
5,BFGS_cluster_results_f1_100_10,Err_in,0.015227381622297668,0.5,1.0,31.0
