,dataset,criteria,avg_test_error,precision_at_k,ground_truth_hit,avg_size
0,BFGS_cluster_results_f5_100_3,MSE_train_opt,0.6324542914314437,0.935064935064935,1.0,46.03896103896104
1,BFGS_cluster_results_f5_100_3,AIC,0.6324542914314437,0.935064935064935,1.0,46.03896103896104
2,BFGS_cluster_results_f5_100_3,BIC,0.6324542914314437,0.935064935064935,1.0,46.03896103896104
3,BFGS_cluster_results_f5_100_3,AICc,0.6324542914314437,0.935064935064935,1.0,46.03896103896104
4,BFGS_cluster_results_f5_100_3,MDL,0.629194460258496,0.948051948051948,1.0,45.81818181818182
5,BFGS_cluster_results_f5_100_3,Err_in,0.629194460258496,0.948051948051948,1.0,45.81818181818182
