,dataset,criteria,avg_test_error,precision_at_k,ground_truth_hit,avg_size
0,BFGS_orig_results_f6_100_2,MSE_train_opt,0.0005151209398735435,0.6285714285714286,0.0,53.17142857142857
1,BFGS_orig_results_f6_100_2,AIC,0.0006592300803594969,0.2857142857142857,1.0,30.685714285714287
2,BFGS_orig_results_f6_100_2,BIC,0.0006592300803594969,0.2857142857142857,1.0,30.685714285714287
3,BFGS_orig_results_f6_100_2,AICc,0.0006592300803594969,0.2857142857142857,1.0,30.685714285714287
4,BFGS_orig_results_f6_100_2,MDL,0.0006476829310761839,0.34285714285714286,1.0,30.542857142857144
5,BFGS_orig_results_f6_100_2,Err_in,0.0005151209398735435,0.6285714285714286,0.0,53.17142857142857
