,dataset,criteria,avg_test_error,precision_at_k,ground_truth_hit,avg_size
0,BFGS_orig_results_f2_100_2,MSE_train_opt,9.830016559094854e-06,0.782051282051282,0.0,39.166666666666664
1,BFGS_orig_results_f2_100_2,AIC,8.480561946474178e-06,0.8333333333333334,1.0,31.78205128205128
2,BFGS_orig_results_f2_100_2,BIC,8.480561946474178e-06,0.8333333333333334,1.0,31.78205128205128
3,BFGS_orig_results_f2_100_2,AICc,8.480561946474178e-06,0.8333333333333334,1.0,31.78205128205128
4,BFGS_orig_results_f2_100_2,MDL,7.622942086857275e-06,0.8461538461538461,1.0,32.08974358974359
5,BFGS_orig_results_f2_100_2,Err_in,9.830016559094854e-06,0.782051282051282,0.0,39.166666666666664
