,dataset,criteria,avg_test_error,precision_at_k,ground_truth_hit,avg_size
0,BFGS_pert_results_f4_100_2,MSE_train_opt,0.012028739997933812,0.8285714285714286,0.0,44.457142857142856
1,BFGS_pert_results_f4_100_2,AIC,0.012028739997933812,0.8285714285714286,0.0,44.457142857142856
2,BFGS_pert_results_f4_100_2,BIC,0.011914774142208671,0.8285714285714286,0.0,44.371428571428574
3,BFGS_pert_results_f4_100_2,AICc,0.012028739997933812,0.8285714285714286,0.0,44.457142857142856
4,BFGS_pert_results_f4_100_2,MDL,0.6717906111025994,0.6,1.0,34.628571428571426
5,BFGS_pert_results_f4_100_2,Err_in,0.02095573079927418,0.5142857142857142,0.0,52.2
