,dataset,criteria,avg_test_error,precision_at_k,ground_truth_hit,avg_size
0,BFGS_orig_results_f6_100_2,MSE_train_opt,0.0005464138817594044,0.5357142857142857,0.0,55.57142857142857
1,BFGS_orig_results_f6_100_2,AIC,0.0006751213336621283,0.21428571428571427,1.0,30.392857142857142
2,BFGS_orig_results_f6_100_2,BIC,0.0006751213336621283,0.21428571428571427,1.0,30.392857142857142
3,BFGS_orig_results_f6_100_2,AICc,0.0006751213336621283,0.21428571428571427,1.0,30.392857142857142
4,BFGS_orig_results_f6_100_2,MDL,0.0005529364801770731,0.2857142857142857,1.0,29.892857142857142
5,BFGS_orig_results_f6_100_2,Err_in,0.0005464138817594044,0.5357142857142857,0.0,55.57142857142857
