,dataset,criteria,avg_test_error,precision_at_k,ground_truth_hit,avg_size
0,BFGS_pert_results_f2_100_2,MSE_train_opt,0.012006018266477273,0.9090909090909091,0.0,45.303030303030305
1,BFGS_pert_results_f2_100_2,AIC,0.012006018266477273,0.9090909090909091,0.0,45.303030303030305
2,BFGS_pert_results_f2_100_2,BIC,0.012006018266477273,0.9090909090909091,0.0,45.303030303030305
3,BFGS_pert_results_f2_100_2,AICc,0.012006018266477273,0.9090909090909091,0.0,45.303030303030305
4,BFGS_pert_results_f2_100_2,MDL,0.012128698864556649,0.8484848484848485,1.0,40.39393939393939
5,BFGS_pert_results_f2_100_2,Err_in,0.014080308160320527,0.45454545454545453,0.0,39.60606060606061
