,dataset,criteria,avg_test_error,precision_at_k,ground_truth_hit,avg_size
0,BFGS_cluster_results_f3_100_1,MSE_train_opt,5.9185417286178874e-05,0.8705882352941177,0.0,44.78823529411765
1,BFGS_cluster_results_f3_100_1,AIC,5.02312599536478e-05,0.8941176470588236,1.0,37.34117647058824
2,BFGS_cluster_results_f3_100_1,BIC,5.02312599536478e-05,0.8941176470588236,1.0,37.34117647058824
3,BFGS_cluster_results_f3_100_1,AICc,5.02312599536478e-05,0.8941176470588236,1.0,37.34117647058824
4,BFGS_cluster_results_f3_100_1,MDL,4.443141718513863e-05,0.9176470588235294,1.0,37.32941176470588
5,BFGS_cluster_results_f3_100_1,Err_in,4.5461323966289576e-05,0.9294117647058824,1.0,40.04705882352941
