,dataset,criteria,avg_test_error,precision_at_k,ground_truth_hit,avg_size
0,BFGS_cluster_results_f1_100_10,MSE_train_opt,0.05377090661515591,0.0,0.0,59.26086956521739
1,BFGS_cluster_results_f1_100_10,AIC,0.03029376205564791,0.17391304347826086,1.0,37.608695652173914
2,BFGS_cluster_results_f1_100_10,BIC,0.021510991725098655,0.17391304347826086,1.0,33.56521739130435
3,BFGS_cluster_results_f1_100_10,AICc,0.028810928101048915,0.17391304347826086,1.0,36.43478260869565
4,BFGS_cluster_results_f1_100_10,MDL,0.013747032353794488,0.6086956521739131,1.0,30.0
5,BFGS_cluster_results_f1_100_10,Err_in,0.01376656574826335,0.782608695652174,1.0,31.130434782608695
