,dataset,criteria,avg_test_error,precision_at_k,ground_truth_hit,avg_size
0,BFGS_cluster_results_f5_100_3,MSE_train_opt,0.08328808679068435,0.8809523809523809,1.0,46.5
1,BFGS_cluster_results_f5_100_3,AIC,0.008991124572130707,0.8809523809523809,1.0,44.404761904761905
2,BFGS_cluster_results_f5_100_3,BIC,0.005569504102401553,0.9047619047619048,1.0,41.11904761904762
3,BFGS_cluster_results_f5_100_3,AICc,0.005569504102401553,0.9047619047619048,1.0,41.11904761904762
4,BFGS_cluster_results_f5_100_3,MDL,0.005784641294035777,0.8809523809523809,1.0,38.976190476190474
5,BFGS_cluster_results_f5_100_3,Err_in,0.010739525940580748,0.7619047619047619,1.0,38.023809523809526
