,dataset,criteria,avg_test_error,precision_at_k,ground_truth_hit,avg_size
0,BFGS_orig_results_f2_100_2,MSE_train_opt,9.957678036216623e-06,0.7662337662337663,0.0,39.37662337662338
1,BFGS_orig_results_f2_100_2,AIC,8.548459277111325e-06,0.8181818181818182,1.0,31.415584415584416
2,BFGS_orig_results_f2_100_2,BIC,8.548459277111325e-06,0.8181818181818182,1.0,31.415584415584416
3,BFGS_orig_results_f2_100_2,AICc,8.548459277111325e-06,0.8181818181818182,1.0,31.415584415584416
4,BFGS_orig_results_f2_100_2,MDL,7.700152031352506e-06,0.8311688311688312,1.0,31.766233766233768
5,BFGS_orig_results_f2_100_2,Err_in,9.957678036216623e-06,0.7662337662337663,0.0,39.37662337662338
