,dataset,criteria,avg_test_error,precision_at_k,ground_truth_hit,avg_size
0,BFGS_orig_results_f2_100_2,MSE_train_opt,9.026213729053434e-06,0.8837209302325582,0.0,40.48837209302326
1,BFGS_orig_results_f2_100_2,AIC,7.967354973554493e-06,0.8953488372093024,1.0,34.77906976744186
2,BFGS_orig_results_f2_100_2,BIC,7.967354973554493e-06,0.8953488372093024,1.0,34.77906976744186
3,BFGS_orig_results_f2_100_2,AICc,7.967354973554493e-06,0.8953488372093024,1.0,34.77906976744186
4,BFGS_orig_results_f2_100_2,MDL,8.079975873420116e-06,0.8953488372093024,1.0,34.74418604651163
5,BFGS_orig_results_f2_100_2,Err_in,9.026213729053434e-06,0.8837209302325582,0.0,40.48837209302326
