,dataset,criteria,avg_test_error,precision_at_k,ground_truth_hit,avg_size
0,BFGS_orig_results_f2_100_2,MSE_train_opt,1.2126301475527685e-05,0.3137254901960784,0.0,39.27450980392157
1,BFGS_orig_results_f2_100_2,AIC,6.7700722327788975e-06,0.5882352941176471,1.0,26.745098039215687
2,BFGS_orig_results_f2_100_2,BIC,6.7700722327788975e-06,0.5882352941176471,1.0,26.745098039215687
3,BFGS_orig_results_f2_100_2,AICc,6.7700722327788975e-06,0.5882352941176471,1.0,26.745098039215687
4,BFGS_orig_results_f2_100_2,MDL,6.5263583807634665e-06,0.6274509803921569,1.0,26.529411764705884
5,BFGS_orig_results_f2_100_2,Err_in,1.2126301475527685e-05,0.3137254901960784,0.0,39.27450980392157
