,dataset,criteria,avg_test_error,precision_at_k,ground_truth_hit,avg_size
0,BFGS_orig_results_f4_100_2,MSE_train_opt,0.0023603725046574,0.8571428571428571,0.0,47.333333333333336
1,BFGS_orig_results_f4_100_2,AIC,0.0023552534852178107,0.8571428571428571,1.0,42.29761904761905
2,BFGS_orig_results_f4_100_2,BIC,0.0023552534852178107,0.8571428571428571,1.0,42.29761904761905
3,BFGS_orig_results_f4_100_2,AICc,0.0023552534852178107,0.8571428571428571,1.0,42.29761904761905
4,BFGS_orig_results_f4_100_2,MDL,0.0023553223301723773,0.8571428571428571,1.0,42.20238095238095
5,BFGS_orig_results_f4_100_2,Err_in,0.0023603725046574,0.8571428571428571,0.0,47.333333333333336
