,dataset,criteria,avg_test_error,precision_at_k,ground_truth_hit,avg_size
0,BFGS_cluster_results_f7_100_2,MSE_train_opt,0.0089952480401406,0.6956521739130435,1.0,29.89855072463768
1,BFGS_cluster_results_f7_100_2,AIC,0.008779931379360744,0.7971014492753623,1.0,25.333333333333332
2,BFGS_cluster_results_f7_100_2,BIC,0.008676846279169833,0.8115942028985508,1.0,25.318840579710145
3,BFGS_cluster_results_f7_100_2,AICc,0.008676846279169832,0.8115942028985508,1.0,25.318840579710145
4,BFGS_cluster_results_f7_100_2,MDL,0.008678651122682226,0.7681159420289855,1.0,25.043478260869566
5,BFGS_cluster_results_f7_100_2,Err_in,0.00851092516710905,0.855072463768116,0.0,27.420289855072465
