,dataset,criteria,avg_test_error,precision_at_k,ground_truth_hit,avg_size
0,BFGS_orig_results_f5_100_3,MSE_train_opt,5.065126721961555e-05,0.782051282051282,0.0,46.76923076923077
1,BFGS_orig_results_f5_100_3,AIC,4.173310811868583e-05,0.8076923076923077,1.0,38.833333333333336
2,BFGS_orig_results_f5_100_3,BIC,4.173310811868583e-05,0.8076923076923077,1.0,38.833333333333336
3,BFGS_orig_results_f5_100_3,AICc,4.1733108118685834e-05,0.8076923076923077,1.0,38.833333333333336
4,BFGS_orig_results_f5_100_3,MDL,3.296900836150671e-05,0.8461538461538461,1.0,38.666666666666664
5,BFGS_orig_results_f5_100_3,Err_in,5.065126721961555e-05,0.782051282051282,0.0,46.76923076923077
