,dataset,criteria,avg_test_error,precision_at_k,ground_truth_hit,avg_size
0,BFGS_orig_results_f1_100_10,MSE_train_opt,0.012506024758111842,0.9333333333333333,1.0,35.266666666666666
1,BFGS_orig_results_f1_100_10,AIC,0.012531307827591135,0.9333333333333333,1.0,33.577777777777776
2,BFGS_orig_results_f1_100_10,BIC,0.012462348455763047,0.9333333333333333,1.0,33.41111111111111
3,BFGS_orig_results_f1_100_10,AICc,0.012462348455763047,0.9333333333333333,1.0,33.41111111111111
4,BFGS_orig_results_f1_100_10,MDL,0.01215332482270087,0.9444444444444444,1.0,33.27777777777778
5,BFGS_orig_results_f1_100_10,Err_in,0.012013088054605926,0.9444444444444444,1.0,35.21111111111111
