,dataset,criteria,avg_test_error,precision_at_k,ground_truth_hit,avg_size
0,BFGS_orig_results_f2_100_2,MSE_train_opt,1.5141186658444065e-05,0.0,0.0,37.56521739130435
1,BFGS_orig_results_f2_100_2,AIC,4.004404952302358e-06,0.17391304347826086,1.0,24.47826086956522
2,BFGS_orig_results_f2_100_2,BIC,4.004404952302358e-06,0.17391304347826086,1.0,24.47826086956522
3,BFGS_orig_results_f2_100_2,AICc,4.004404952302358e-06,0.17391304347826086,1.0,24.47826086956522
4,BFGS_orig_results_f2_100_2,MDL,7.229300794232315e-06,0.2608695652173913,1.0,24.304347826086957
5,BFGS_orig_results_f2_100_2,Err_in,1.5141186658444065e-05,0.0,0.0,37.56521739130435
