,dataset,criteria,avg_test_error,precision_at_k,ground_truth_hit,avg_size
0,BFGS_cluster_results_f4_100_2,MSE_train_opt,0.0010372800398225249,0.9565217391304348,1.0,48.66304347826087
1,BFGS_cluster_results_f4_100_2,AIC,0.001016702748313777,0.967391304347826,1.0,46.43478260869565
2,BFGS_cluster_results_f4_100_2,BIC,0.001016702748313777,0.967391304347826,1.0,46.43478260869565
3,BFGS_cluster_results_f4_100_2,AICc,0.001016702748313777,0.967391304347826,1.0,46.43478260869565
4,BFGS_cluster_results_f4_100_2,MDL,0.0009937362433691608,0.967391304347826,1.0,46.17391304347826
5,BFGS_cluster_results_f4_100_2,Err_in,0.0010454310457496904,0.9565217391304348,1.0,47.96739130434783
