,dataset,criteria,avg_test_error,precision_at_k,ground_truth_hit,avg_size
0,BFGS_pert_results_f7_100_2,MSE_train_opt,0.00850309002147851,0.28205128205128205,1.0,30.974358974358974
1,BFGS_pert_results_f7_100_2,AIC,0.008403755240266165,0.38461538461538464,1.0,24.307692307692307
2,BFGS_pert_results_f7_100_2,BIC,0.008403755240266165,0.38461538461538464,1.0,24.307692307692307
3,BFGS_pert_results_f7_100_2,AICc,0.008403755240266165,0.38461538461538464,1.0,24.307692307692307
4,BFGS_pert_results_f7_100_2,MDL,0.008403748899132021,0.38461538461538464,1.0,23.794871794871796
5,BFGS_pert_results_f7_100_2,Err_in,0.008389809596086902,0.38461538461538464,0.0,27.82051282051282
