,dataset,criteria,avg_test_error,precision_at_k,ground_truth_hit,avg_size
0,BFGS_orig_results_f4_100_2,MSE_train_opt,0.0032480699143864933,0.45901639344262296,0.0,45.967213114754095
1,BFGS_orig_results_f4_100_2,AIC,0.0032144435903390767,0.5901639344262295,1.0,36.77049180327869
2,BFGS_orig_results_f4_100_2,BIC,0.003196126504069681,0.6065573770491803,1.0,36.622950819672134
3,BFGS_orig_results_f4_100_2,AICc,0.0031961265040696815,0.6065573770491803,1.0,36.622950819672134
4,BFGS_orig_results_f4_100_2,MDL,0.0029973008400277132,0.639344262295082,1.0,36.622950819672134
5,BFGS_orig_results_f4_100_2,Err_in,0.0032480699143864933,0.45901639344262296,0.0,45.967213114754095
