,dataset,criteria,avg_test_error,precision_at_k,ground_truth_hit,avg_size
0,BFGS_orig_results_f1_100_10,MSE_train_opt,0.01302869779804533,0.7183098591549296,1.0,36.070422535211264
1,BFGS_orig_results_f1_100_10,AIC,0.01246804299978445,0.7605633802816901,1.0,32.28169014084507
2,BFGS_orig_results_f1_100_10,BIC,0.012525668287729132,0.7605633802816901,1.0,32.08450704225352
3,BFGS_orig_results_f1_100_10,AICc,0.01257134104945494,0.7605633802816901,1.0,32.19718309859155
4,BFGS_orig_results_f1_100_10,MDL,0.011587061388553243,0.8591549295774648,1.0,31.6056338028169
5,BFGS_orig_results_f1_100_10,Err_in,0.01133024265191595,0.8732394366197183,1.0,34.478873239436616
