,dataset,criteria,avg_test_error,precision_at_k,ground_truth_hit,avg_size
0,BFGS_pert_results_f6_100_2,MSE_train_opt,0.3424041593558603,1.0,0.0,50.857142857142854
1,BFGS_pert_results_f6_100_2,AIC,0.3427799428002967,0.9285714285714286,0.0,46.464285714285715
2,BFGS_pert_results_f6_100_2,BIC,0.3427799428002967,0.9285714285714286,0.0,46.464285714285715
3,BFGS_pert_results_f6_100_2,AICc,0.3427799428002967,0.9285714285714286,0.0,46.464285714285715
4,BFGS_pert_results_f6_100_2,MDL,0.34500544980490355,0.8214285714285714,0.0,43.92857142857143
5,BFGS_pert_results_f6_100_2,Err_in,0.8940477892159147,0.39285714285714285,1.0,47.42857142857143
