,dataset,criteria,avg_test_error,precision_at_k,ground_truth_hit,avg_size
0,BFGS_orig_results_f7_100_2,MSE_train_opt,0.008434716134208422,0.275,1.0,31.5
1,BFGS_orig_results_f7_100_2,AIC,0.008402289768143278,0.475,1.0,24.3
2,BFGS_orig_results_f7_100_2,BIC,0.008402289768143278,0.475,1.0,24.3
3,BFGS_orig_results_f7_100_2,AICc,0.008402289768143278,0.475,1.0,24.3
4,BFGS_orig_results_f7_100_2,MDL,0.008402283314158796,0.45,1.0,23.825
5,BFGS_orig_results_f7_100_2,Err_in,0.00811427577847489,0.4,0.0,30.7
