,dataset,criteria,avg_test_error,precision_at_k,ground_truth_hit,avg_size
0,BFGS_cluster_results_f5_100_3,MSE_train_opt,1.9284321172545205,0.9565217391304348,1.0,46.47826086956522
1,BFGS_cluster_results_f5_100_3,AIC,1.928432117254521,0.9565217391304348,1.0,46.47826086956522
2,BFGS_cluster_results_f5_100_3,BIC,1.928432117254521,0.9565217391304348,1.0,46.47826086956522
3,BFGS_cluster_results_f5_100_3,AICc,1.9284321172545205,0.9565217391304348,1.0,46.47826086956522
4,BFGS_cluster_results_f5_100_3,MDL,1.928432117254521,0.9565217391304348,1.0,46.47826086956522
5,BFGS_cluster_results_f5_100_3,Err_in,1.9475494320305164,0.9565217391304348,1.0,46.30434782608695
