,dataset,criteria,avg_test_error,precision_at_k,ground_truth_hit,avg_size
0,BFGS_orig_results_f6_100_2,MSE_train_opt,0.0005769169340904364,0.803030303030303,0.0,48.90909090909091
1,BFGS_orig_results_f6_100_2,AIC,0.0006387030069875376,0.6818181818181818,1.0,34.878787878787875
2,BFGS_orig_results_f6_100_2,BIC,0.0006387030069875376,0.6818181818181818,1.0,34.878787878787875
3,BFGS_orig_results_f6_100_2,AICc,0.0006387030069875376,0.6818181818181818,1.0,34.878787878787875
4,BFGS_orig_results_f6_100_2,MDL,0.0006339788431989819,0.6818181818181818,1.0,34.666666666666664
5,BFGS_orig_results_f6_100_2,Err_in,0.0005769169340904364,0.803030303030303,0.0,48.90909090909091
