,dataset,criteria,avg_test_error,precision_at_k,ground_truth_hit,avg_size
0,BFGS_cluster_results_f1_100_10,MSE_train_opt,0.03355507783320454,0.45161290322580644,0.0,47.74193548387097
1,BFGS_cluster_results_f1_100_10,AIC,0.01929452036250688,0.7903225806451613,1.0,34.403225806451616
2,BFGS_cluster_results_f1_100_10,BIC,0.018900331778394702,0.8064516129032258,1.0,34.354838709677416
3,BFGS_cluster_results_f1_100_10,AICc,0.01929452036250688,0.7903225806451613,1.0,34.403225806451616
4,BFGS_cluster_results_f1_100_10,MDL,0.01544659058653651,0.9032258064516129,1.0,33.435483870967744
5,BFGS_cluster_results_f1_100_10,Err_in,0.015069986040382307,0.8709677419354839,1.0,35.67741935483871
