,dataset,criteria,avg_test_error,precision_at_k,ground_truth_hit,avg_size
0,BFGS_orig_results_f4_100_2,MSE_train_opt,0.00220301433768024,0.9333333333333333,0.0,47.733333333333334
1,BFGS_orig_results_f4_100_2,AIC,0.002201188240250135,0.9333333333333333,1.0,44.53333333333333
2,BFGS_orig_results_f4_100_2,BIC,0.0022011882402501355,0.9333333333333333,1.0,44.53333333333333
3,BFGS_orig_results_f4_100_2,AICc,0.0022011882402501355,0.9333333333333333,1.0,44.53333333333333
4,BFGS_orig_results_f4_100_2,MDL,0.002200988029471416,0.9333333333333333,1.0,44.25555555555555
5,BFGS_orig_results_f4_100_2,Err_in,0.00220301433768024,0.9333333333333333,0.0,47.733333333333334
