,dataset,criteria,avg_test_error,precision_at_k,ground_truth_hit,avg_size
0,BFGS_orig_results_f4_100_2,MSE_train_opt,0.002253082845354791,0.9090909090909091,0.0,46.76136363636363
1,BFGS_orig_results_f4_100_2,AIC,0.0022509613279814602,0.9090909090909091,1.0,43.84090909090909
2,BFGS_orig_results_f4_100_2,BIC,0.0022509613279814602,0.9090909090909091,1.0,43.84090909090909
3,BFGS_orig_results_f4_100_2,AICc,0.0022509613279814602,0.9090909090909091,1.0,43.84090909090909
4,BFGS_orig_results_f4_100_2,MDL,0.0022502575111724575,0.9090909090909091,1.0,43.51136363636363
5,BFGS_orig_results_f4_100_2,Err_in,0.002253082845354791,0.9090909090909091,0.0,46.76136363636363
