,dataset,criteria,avg_test_error,precision_at_k,ground_truth_hit,avg_size
0,BFGS_pert_results_f3_100_1,MSE_train_opt,0.00022745288491330507,0.9545454545454546,0.0,49.72727272727273
1,BFGS_pert_results_f3_100_1,AIC,0.00018018174406236873,0.9090909090909091,0.0,47.36363636363637
2,BFGS_pert_results_f3_100_1,BIC,0.00018018174406236873,0.9090909090909091,0.0,47.36363636363637
3,BFGS_pert_results_f3_100_1,AICc,0.00018018174406236873,0.9090909090909091,0.0,47.36363636363637
4,BFGS_pert_results_f3_100_1,MDL,0.0010012170179052944,0.5454545454545454,1.0,28.636363636363637
5,BFGS_pert_results_f3_100_1,Err_in,0.0019434066112600104,0.13636363636363635,1.0,43.95454545454545
