,dataset,criteria,avg_test_error,precision_at_k,ground_truth_hit,avg_size
0,BFGS_cluster_results_f7_100_2,MSE_train_opt,0.009035253590475011,0.6461538461538462,1.0,30.29230769230769
1,BFGS_cluster_results_f7_100_2,AIC,0.00880668667574514,0.7846153846153846,1.0,25.215384615384615
2,BFGS_cluster_results_f7_100_2,BIC,0.008697257883544189,0.8,1.0,25.03076923076923
3,BFGS_cluster_results_f7_100_2,AICc,0.008697257883544187,0.8,1.0,25.03076923076923
4,BFGS_cluster_results_f7_100_2,MDL,0.008679916338724844,0.7846153846153846,1.0,24.73846153846154
5,BFGS_cluster_results_f7_100_2,Err_in,0.008521126278125764,0.7846153846153846,0.0,27.646153846153847
