,dataset,criteria,avg_test_error,precision_at_k,ground_truth_hit,avg_size
0,BFGS_cluster_results_f2_100_2,MSE_train_opt,5.031402315332878e-05,0.896551724137931,1.0,41.747126436781606
1,BFGS_cluster_results_f2_100_2,AIC,3.451827168038961e-05,0.9540229885057471,1.0,34.42528735632184
2,BFGS_cluster_results_f2_100_2,BIC,3.451827168038961e-05,0.9540229885057471,1.0,34.42528735632184
3,BFGS_cluster_results_f2_100_2,AICc,3.451827168038961e-05,0.9540229885057471,1.0,34.42528735632184
4,BFGS_cluster_results_f2_100_2,MDL,3.332639978840022e-05,0.9540229885057471,1.0,34.5632183908046
5,BFGS_cluster_results_f2_100_2,Err_in,3.400481535128693e-05,0.9425287356321839,1.0,35.86206896551724
