,dataset,criteria,avg_test_error,precision_at_k,ground_truth_hit,avg_size
0,BFGS_pert_results_f2_100_2,MSE_train_opt,0.01291779474982801,0.7708333333333334,0.0,45.1875
1,BFGS_pert_results_f2_100_2,AIC,0.01292160707137848,0.75,1.0,39.291666666666664
2,BFGS_pert_results_f2_100_2,BIC,0.012920458223276756,0.75,1.0,39.25
3,BFGS_pert_results_f2_100_2,AICc,0.01292160707137848,0.75,1.0,39.291666666666664
4,BFGS_pert_results_f2_100_2,MDL,0.012963411612177215,0.7291666666666666,1.0,37.854166666666664
5,BFGS_pert_results_f2_100_2,Err_in,0.013890096360779655,0.6041666666666666,0.0,43.958333333333336
