,dataset,criteria,avg_test_error,precision_at_k,ground_truth_hit,avg_size
0,BFGS_cluster_results_f4_100_2,MSE_train_opt,0.00105047424530095,0.9333333333333333,1.0,49.1
1,BFGS_cluster_results_f4_100_2,AIC,0.0009975214082639822,0.9555555555555556,1.0,45.1
2,BFGS_cluster_results_f4_100_2,BIC,0.0009975214082639822,0.9555555555555556,1.0,45.1
3,BFGS_cluster_results_f4_100_2,AICc,0.0009975214082639822,0.9555555555555556,1.0,45.1
4,BFGS_cluster_results_f4_100_2,MDL,0.0009765253535843044,0.9555555555555556,1.0,44.82222222222222
5,BFGS_cluster_results_f4_100_2,Err_in,0.0010297511415880657,0.9444444444444444,1.0,47.51111111111111
