,dataset,criteria,avg_test_error,precision_at_k,ground_truth_hit,avg_size
0,BFGS_cluster_results_f4_100_2,MSE_train_opt,0.0015741806525451513,0.02702702702702703,0.0,65.51351351351352
1,BFGS_cluster_results_f4_100_2,AIC,0.0008779146954897569,0.4864864864864865,1.0,32.432432432432435
2,BFGS_cluster_results_f4_100_2,BIC,0.0007688223978695678,0.5405405405405406,1.0,30.945945945945947
3,BFGS_cluster_results_f4_100_2,AICc,0.0008252287804181352,0.4864864864864865,1.0,31.89189189189189
4,BFGS_cluster_results_f4_100_2,MDL,0.0005803450498581893,0.7027027027027027,1.0,30.16216216216216
5,BFGS_cluster_results_f4_100_2,Err_in,0.0007244842575618782,0.6486486486486487,1.0,40.91891891891892
