,dataset,criteria,avg_test_error,precision_at_k,ground_truth_hit,avg_size
0,BFGS_pert_results_f6_100_2,MSE_train_opt,0.2658891285626412,0.9473684210526315,0.0,50.0
1,BFGS_pert_results_f6_100_2,AIC,0.26588912856264124,0.9473684210526315,0.0,50.0
2,BFGS_pert_results_f6_100_2,BIC,0.26628526960208804,0.9473684210526315,0.0,49.05263157894737
3,BFGS_pert_results_f6_100_2,AICc,0.26588912856264124,0.9473684210526315,0.0,50.0
4,BFGS_pert_results_f6_100_2,MDL,0.26818522067735157,0.8421052631578947,0.0,45.63157894736842
5,BFGS_pert_results_f6_100_2,Err_in,0.9409908683118076,0.3157894736842105,1.0,46.26315789473684
