,dataset,criteria,avg_test_error,precision_at_k,ground_truth_hit,avg_size
0,BFGS_orig_results_f1_100_10,MSE_train_opt,0.012957431992472042,0.7397260273972602,1.0,35.917808219178085
1,BFGS_orig_results_f1_100_10,AIC,0.012721396878777134,0.7534246575342466,1.0,32.47945205479452
2,BFGS_orig_results_f1_100_10,BIC,0.01255715344713139,0.7671232876712328,1.0,32.21917808219178
3,BFGS_orig_results_f1_100_10,AICc,0.012781762373328709,0.7534246575342466,1.0,32.54794520547945
4,BFGS_orig_results_f1_100_10,MDL,0.011751569862515953,0.8493150684931506,1.0,31.726027397260275
5,BFGS_orig_results_f1_100_10,Err_in,0.011194569642056482,0.8904109589041096,1.0,34.6986301369863
