,dataset,criteria,avg_test_error,precision_at_k,ground_truth_hit,avg_size
0,BFGS_pert_results_f7_100_2,MSE_train_opt,0.008905096122210437,0.0,0.0,38.90909090909091
1,BFGS_pert_results_f7_100_2,AIC,0.008463665286402636,0.0,1.0,22.454545454545453
2,BFGS_pert_results_f7_100_2,BIC,0.008463665286402636,0.0,1.0,22.454545454545453
3,BFGS_pert_results_f7_100_2,AICc,0.008463665286402636,0.0,1.0,22.454545454545453
4,BFGS_pert_results_f7_100_2,MDL,0.008345158867080081,0.0,1.0,22.727272727272727
5,BFGS_pert_results_f7_100_2,Err_in,0.0085040017200286,0.18181818181818182,0.0,26.363636363636363
