,dataset,criteria,avg_test_error,precision_at_k,ground_truth_hit,avg_size
0,BFGS_cluster_results_f2_100_2,MSE_train_opt,8.797571572228878e-05,0.023809523809523808,0.0,56.476190476190474
1,BFGS_cluster_results_f2_100_2,AIC,2.1190350717426582e-05,0.6666666666666666,1.0,25.88095238095238
2,BFGS_cluster_results_f2_100_2,BIC,1.893545874279004e-05,0.6666666666666666,1.0,25.404761904761905
3,BFGS_cluster_results_f2_100_2,AICc,2.1190350717426582e-05,0.6666666666666666,1.0,25.88095238095238
4,BFGS_cluster_results_f2_100_2,MDL,1.8638346415576875e-05,0.7142857142857143,1.0,25.071428571428573
5,BFGS_cluster_results_f2_100_2,Err_in,1.5714597394329164e-05,0.7857142857142857,0.0,27.666666666666668
