,dataset,criteria,avg_test_error,precision_at_k,ground_truth_hit,avg_size
0,BFGS_cluster_results_f2_100_2,MSE_train_opt,4.9524115475134767e-05,0.9213483146067416,1.0,41.449438202247194
1,BFGS_cluster_results_f2_100_2,AIC,3.524729002089908e-05,0.9662921348314607,1.0,35.62921348314607
2,BFGS_cluster_results_f2_100_2,BIC,3.524729002089908e-05,0.9662921348314607,1.0,35.62921348314607
3,BFGS_cluster_results_f2_100_2,AICc,3.524729002089907e-05,0.9662921348314607,1.0,35.62921348314607
4,BFGS_cluster_results_f2_100_2,MDL,3.4237400046646306e-05,0.9662921348314607,1.0,35.71910112359551
5,BFGS_cluster_results_f2_100_2,Err_in,3.629744766846251e-05,0.9550561797752809,1.0,36.764044943820224
