,dataset,criteria,avg_test_error,precision_at_k,ground_truth_hit,avg_size
0,BFGS_pert_results_f2_100_2,MSE_train_opt,0.012958839836935927,0.7755102040816326,0.0,45.06122448979592
1,BFGS_pert_results_f2_100_2,AIC,0.012962575465900718,0.7346938775510204,1.0,39.12244897959184
2,BFGS_pert_results_f2_100_2,BIC,0.012962575465900716,0.7346938775510204,1.0,39.12244897959184
3,BFGS_pert_results_f2_100_2,AICc,0.012962575465900718,0.7346938775510204,1.0,39.12244897959184
4,BFGS_pert_results_f2_100_2,MDL,0.013003526868799664,0.7142857142857143,1.0,37.734693877551024
5,BFGS_pert_results_f2_100_2,Err_in,0.013864452159023564,0.6326530612244898,0.0,43.63265306122449
