,dataset,criteria,avg_test_error,precision_at_k,ground_truth_hit,avg_size
0,BFGS_cluster_results_f6_100_2,MSE_train_opt,0.26430227701262937,0.7777777777777778,1.0,53.333333333333336
1,BFGS_cluster_results_f6_100_2,AIC,0.26437724640785265,0.7777777777777778,1.0,50.01851851851852
2,BFGS_cluster_results_f6_100_2,BIC,0.26806489689537955,0.7777777777777778,1.0,47.77777777777778
3,BFGS_cluster_results_f6_100_2,AICc,0.26437724640785265,0.7777777777777778,1.0,50.01851851851852
4,BFGS_cluster_results_f6_100_2,MDL,0.2697743414529791,0.7777777777777778,1.0,43.907407407407405
5,BFGS_cluster_results_f6_100_2,Err_in,0.29396138551210577,0.7222222222222222,1.0,49.96296296296296
