,dataset,criteria,avg_test_error,precision_at_k,ground_truth_hit,avg_size
0,BFGS_pert_results_f2_100_2,MSE_train_opt,0.01137478875779618,0.9615384615384616,0.0,46.5
1,BFGS_pert_results_f2_100_2,AIC,0.011374788757796182,0.9615384615384616,0.0,46.5
2,BFGS_pert_results_f2_100_2,BIC,0.011374788757796182,0.9615384615384616,0.0,46.5
3,BFGS_pert_results_f2_100_2,AICc,0.011374788757796182,0.9615384615384616,0.0,46.5
4,BFGS_pert_results_f2_100_2,MDL,0.011547806252865996,0.8846153846153846,0.0,40.0
5,BFGS_pert_results_f2_100_2,Err_in,0.014086979366321705,0.3076923076923077,0.0,41.15384615384615
