,dataset,criteria,avg_test_error,precision_at_k,ground_truth_hit,avg_size
0,BFGS_pert_results_f4_100_2,MSE_train_opt,0.013211808201346096,0.7948717948717948,0.0,45.94871794871795
1,BFGS_pert_results_f4_100_2,AIC,0.013053228688486533,0.7948717948717948,0.0,44.46153846153846
2,BFGS_pert_results_f4_100_2,BIC,0.013172962297609465,0.7692307692307693,1.0,44.1025641025641
3,BFGS_pert_results_f4_100_2,AICc,0.013053228688486533,0.7948717948717948,0.0,44.46153846153846
4,BFGS_pert_results_f4_100_2,MDL,0.6056002025514194,0.5384615384615384,1.0,34.58974358974359
5,BFGS_pert_results_f4_100_2,Err_in,0.020838138081655695,0.5128205128205128,0.0,52.51282051282051
