,dataset,criteria,avg_test_error,precision_at_k,ground_truth_hit,avg_size
0,BFGS_pert_results_f3_100_1,MSE_train_opt,1.8801902178984345e-06,0.0,0.0,60.857142857142854
1,BFGS_pert_results_f3_100_1,AIC,7.562225046101688e-07,0.2857142857142857,0.0,25.428571428571427
2,BFGS_pert_results_f3_100_1,BIC,7.562225046101688e-07,0.2857142857142857,0.0,25.428571428571427
3,BFGS_pert_results_f3_100_1,AICc,7.562225046101688e-07,0.2857142857142857,0.0,25.428571428571427
4,BFGS_pert_results_f3_100_1,MDL,7.562225046101687e-07,0.2857142857142857,0.0,25.428571428571427
5,BFGS_pert_results_f3_100_1,Err_in,0.0021438132551361757,0.2857142857142857,1.0,43.0
