,dataset,criteria,avg_test_error,precision_at_k,ground_truth_hit,avg_size
0,BFGS_orig_results_f3_100_1,MSE_train_opt,9.254909925443499e-07,0.46774193548387094,0.0,46.516129032258064
1,BFGS_orig_results_f3_100_1,AIC,5.186351502498452e-07,0.6451612903225806,1.0,31.774193548387096
2,BFGS_orig_results_f3_100_1,BIC,5.186351502498452e-07,0.6451612903225806,1.0,31.774193548387096
3,BFGS_orig_results_f3_100_1,AICc,5.186351502498452e-07,0.6451612903225806,1.0,31.774193548387096
4,BFGS_orig_results_f3_100_1,MDL,5.189430924892269e-07,0.6451612903225806,1.0,31.693548387096776
5,BFGS_orig_results_f3_100_1,Err_in,9.232973739813877e-07,0.4838709677419355,0.0,44.935483870967744
