,dataset,criteria,avg_test_error,precision_at_k,ground_truth_hit,avg_size
0,BFGS_orig_results_f5_100_3,MSE_train_opt,0.00010230595188876149,0.0,0.0,54.41379310344828
1,BFGS_orig_results_f5_100_3,AIC,2.9726186919720123e-05,0.13793103448275862,1.0,31.586206896551722
2,BFGS_orig_results_f5_100_3,BIC,2.7131612281251323e-05,0.1724137931034483,1.0,31.586206896551722
3,BFGS_orig_results_f5_100_3,AICc,2.972618691972012e-05,0.13793103448275862,1.0,31.586206896551722
4,BFGS_orig_results_f5_100_3,MDL,1.2822631967019372e-05,0.3793103448275862,1.0,29.82758620689655
5,BFGS_orig_results_f5_100_3,Err_in,0.00010230595188876149,0.0,0.0,54.41379310344828
