,dataset,criteria,avg_test_error,precision_at_k,ground_truth_hit,avg_size
0,BFGS_cluster_results_f6_100_2,MSE_train_opt,0.24580260842294444,0.8412698412698413,1.0,53.6031746031746
1,BFGS_cluster_results_f6_100_2,AIC,0.24580260842294444,0.8412698412698413,1.0,53.6031746031746
2,BFGS_cluster_results_f6_100_2,BIC,0.24563291207570187,0.8412698412698413,1.0,52.6031746031746
3,BFGS_cluster_results_f6_100_2,AICc,0.2456329120757019,0.8412698412698413,1.0,52.6031746031746
4,BFGS_cluster_results_f6_100_2,MDL,0.26333582778427833,0.8095238095238095,1.0,48.77777777777778
5,BFGS_cluster_results_f6_100_2,Err_in,0.2633430913817242,0.8412698412698413,1.0,52.41269841269841
