,dataset,criteria,avg_test_error,precision_at_k,ground_truth_hit,avg_size
0,BFGS_cluster_results_f7_100_2,MSE_train_opt,0.009792133288237673,0.2903225806451613,0.0,33.61290322580645
1,BFGS_cluster_results_f7_100_2,AIC,0.008905395258305021,0.3225806451612903,1.0,23.677419354838708
2,BFGS_cluster_results_f7_100_2,BIC,0.008905395258305021,0.3225806451612903,1.0,23.677419354838708
3,BFGS_cluster_results_f7_100_2,AICc,0.008905395258305021,0.3225806451612903,1.0,23.677419354838708
4,BFGS_cluster_results_f7_100_2,MDL,0.008523844435251957,0.3548387096774194,1.0,23.06451612903226
5,BFGS_cluster_results_f7_100_2,Err_in,0.008656931217789354,0.3548387096774194,0.0,29.806451612903224
