,dataset,criteria,avg_test_error,precision_at_k,ground_truth_hit,avg_size
0,BFGS_cluster_results_f4_100_2,MSE_train_opt,0.001241571294842221,0.5161290322580645,0.0,54.38709677419355
1,BFGS_cluster_results_f4_100_2,AIC,0.00076848537976425,0.8064516129032258,1.0,34.193548387096776
2,BFGS_cluster_results_f4_100_2,BIC,0.0007584866875573081,0.8225806451612904,1.0,34.064516129032256
3,BFGS_cluster_results_f4_100_2,AICc,0.00076848537976425,0.8064516129032258,1.0,34.193548387096776
4,BFGS_cluster_results_f4_100_2,MDL,0.0007692202102134708,0.8225806451612904,1.0,34.03225806451613
5,BFGS_cluster_results_f4_100_2,Err_in,0.0008049241079490839,0.7903225806451613,1.0,42.354838709677416
