,dataset,criteria,avg_test_error,precision_at_k,ground_truth_hit,avg_size
0,BFGS_pert_results_f6_100_2,MSE_train_opt,0.36769474217450226,1.0,0.0,49.60606060606061
1,BFGS_pert_results_f6_100_2,AIC,0.36769474217450226,1.0,0.0,49.60606060606061
2,BFGS_pert_results_f6_100_2,BIC,0.3682434763193548,0.9696969696969697,0.0,47.84848484848485
3,BFGS_pert_results_f6_100_2,AICc,0.36769474217450226,1.0,0.0,49.60606060606061
4,BFGS_pert_results_f6_100_2,MDL,0.3701390440727793,0.9090909090909091,0.0,44.515151515151516
5,BFGS_pert_results_f6_100_2,Err_in,0.8397532593924165,0.48484848484848486,1.0,48.78787878787879
