,dataset,criteria,avg_test_error,precision_at_k,ground_truth_hit,avg_size
0,BFGS_cluster_results_f4_100_2,MSE_train_opt,0.0015455931613380324,0.029411764705882353,0.0,66.1470588235294
1,BFGS_cluster_results_f4_100_2,AIC,0.0008500942999546206,0.4411764705882353,1.0,32.029411764705884
2,BFGS_cluster_results_f4_100_2,BIC,0.000791603143549409,0.47058823529411764,1.0,30.91176470588235
3,BFGS_cluster_results_f4_100_2,AICc,0.0008210604188074059,0.47058823529411764,1.0,31.352941176470587
4,BFGS_cluster_results_f4_100_2,MDL,0.0005369354921722589,0.6764705882352942,1.0,29.823529411764707
5,BFGS_cluster_results_f4_100_2,Err_in,0.0007440262840029205,0.5588235294117647,1.0,41.911764705882355
