,dataset,criteria,avg_test_error,precision_at_k,ground_truth_hit,avg_size
0,BFGS_orig_results_f4_100_2,MSE_train_opt,0.003002955191300668,0.5454545454545454,0.0,46.04545454545455
1,BFGS_orig_results_f4_100_2,AIC,0.002979394403859004,0.6515151515151515,1.0,37.696969696969695
2,BFGS_orig_results_f4_100_2,BIC,0.00295488358671194,0.6666666666666666,1.0,37.57575757575758
3,BFGS_orig_results_f4_100_2,AICc,0.0029718126025357994,0.6515151515151515,1.0,37.57575757575758
4,BFGS_orig_results_f4_100_2,MDL,0.002771890919131516,0.6818181818181818,1.0,37.46969696969697
5,BFGS_orig_results_f4_100_2,Err_in,0.003002955191300668,0.5454545454545454,0.0,46.04545454545455
