,dataset,criteria,avg_test_error,precision_at_k,ground_truth_hit,avg_size
0,BFGS_cluster_results_f6_100_2,MSE_train_opt,0.33880115488206164,0.6818181818181818,1.0,57.09090909090909
1,BFGS_cluster_results_f6_100_2,AIC,0.47080724637809845,0.5909090909090909,1.0,50.04545454545455
2,BFGS_cluster_results_f6_100_2,BIC,0.5360079610824389,0.5454545454545454,1.0,44.27272727272727
3,BFGS_cluster_results_f6_100_2,AICc,0.4702886911990054,0.5909090909090909,1.0,48.27272727272727
4,BFGS_cluster_results_f6_100_2,MDL,0.5091591212162137,0.3181818181818182,1.0,32.54545454545455
5,BFGS_cluster_results_f6_100_2,Err_in,0.15917406232794276,0.4090909090909091,0.0,49.09090909090909
