,dataset,criteria,avg_test_error,precision_at_k,ground_truth_hit,avg_size
0,BFGS_cluster_results_f3_100_1,MSE_train_opt,6.299668984654525e-05,0.7848101265822784,0.0,45.924050632911396
1,BFGS_cluster_results_f3_100_1,AIC,4.0904555792224066e-05,0.8860759493670886,1.0,34.79746835443038
2,BFGS_cluster_results_f3_100_1,BIC,3.979590760310036e-05,0.8987341772151899,1.0,34.54430379746835
3,BFGS_cluster_results_f3_100_1,AICc,3.979590760310036e-05,0.8987341772151899,1.0,34.54430379746835
4,BFGS_cluster_results_f3_100_1,MDL,3.850345901018861e-05,0.9113924050632911,1.0,34.55696202531646
5,BFGS_cluster_results_f3_100_1,Err_in,4.567419691553225e-05,0.8734177215189873,1.0,38.69620253164557
