,dataset,criteria,avg_test_error,precision_at_k,ground_truth_hit,avg_size
0,BFGS_orig_results_f5_100_3,MSE_train_opt,4.703331981051155e-05,0.8690476190476191,0.0,46.69047619047619
1,BFGS_orig_results_f5_100_3,AIC,4.099510346569564e-05,0.8809523809523809,1.0,41.476190476190474
2,BFGS_orig_results_f5_100_3,BIC,4.099510346569564e-05,0.8809523809523809,1.0,41.476190476190474
3,BFGS_orig_results_f5_100_3,AICc,4.099510346569564e-05,0.8809523809523809,1.0,41.476190476190474
4,BFGS_orig_results_f5_100_3,MDL,4.066729326988649e-05,0.8809523809523809,1.0,40.98809523809524
5,BFGS_orig_results_f5_100_3,Err_in,4.703331981051155e-05,0.8690476190476191,0.0,46.69047619047619
