,dataset,criteria,avg_test_error,precision_at_k,ground_truth_hit,avg_size
0,BFGS_cluster_results_f5_100_3,MSE_train_opt,1.4171379024491253,0.926829268292683,1.0,46.73170731707317
1,BFGS_cluster_results_f5_100_3,AIC,1.4171379024491255,0.926829268292683,1.0,46.73170731707317
2,BFGS_cluster_results_f5_100_3,BIC,1.4171379024491255,0.926829268292683,1.0,46.73170731707317
3,BFGS_cluster_results_f5_100_3,AICc,1.4171379024491253,0.926829268292683,1.0,46.73170731707317
4,BFGS_cluster_results_f5_100_3,MDL,1.445093941213752,0.926829268292683,1.0,46.207317073170735
5,BFGS_cluster_results_f5_100_3,Err_in,0.6787383909493239,0.926829268292683,1.0,46.13414634146341
