,dataset,criteria,avg_test_error,precision_at_k,ground_truth_hit,avg_size
0,BFGS_cluster_results_f4_100_2,MSE_train_opt,0.0010481376190612502,0.8809523809523809,1.0,49.023809523809526
1,BFGS_cluster_results_f4_100_2,AIC,0.0009288091910492312,0.9285714285714286,1.0,41.5
2,BFGS_cluster_results_f4_100_2,BIC,0.0009457548264886058,0.9166666666666666,1.0,41.773809523809526
3,BFGS_cluster_results_f4_100_2,AICc,0.0009457548264886061,0.9166666666666666,1.0,41.773809523809526
4,BFGS_cluster_results_f4_100_2,MDL,0.0008918986842315857,0.9285714285714286,1.0,41.714285714285715
5,BFGS_cluster_results_f4_100_2,Err_in,0.0009512976001979939,0.9166666666666666,1.0,47.083333333333336
