,dataset,criteria,avg_test_error,precision_at_k,ground_truth_hit,avg_size
0,BFGS_cluster_results_f6_100_2,MSE_train_opt,0.2442618112524448,0.8656716417910447,1.0,53.985074626865675
1,BFGS_cluster_results_f6_100_2,AIC,0.2442618112524448,0.8656716417910447,1.0,53.985074626865675
2,BFGS_cluster_results_f6_100_2,BIC,0.24927141476463469,0.8656716417910447,1.0,52.91044776119403
3,BFGS_cluster_results_f6_100_2,AICc,0.24426181125244475,0.8656716417910447,1.0,53.985074626865675
4,BFGS_cluster_results_f6_100_2,MDL,0.26098386834187265,0.8507462686567164,1.0,50.73134328358209
5,BFGS_cluster_results_f6_100_2,Err_in,0.2630697059967409,0.8656716417910447,1.0,52.91044776119403
