,dataset,criteria,avg_test_error,precision_at_k,ground_truth_hit,avg_size
0,BFGS_orig_results_f6_100_2,MSE_train_opt,0.0006069747101070696,0.7866666666666666,0.0,48.693333333333335
1,BFGS_orig_results_f6_100_2,AIC,0.000648817303205724,0.7866666666666666,1.0,36.96
2,BFGS_orig_results_f6_100_2,BIC,0.000648817303205724,0.7866666666666666,1.0,36.96
3,BFGS_orig_results_f6_100_2,AICc,0.000648817303205724,0.7866666666666666,1.0,36.96
4,BFGS_orig_results_f6_100_2,MDL,0.0006155673943155414,0.8,1.0,36.906666666666666
5,BFGS_orig_results_f6_100_2,Err_in,0.0006069747101070696,0.7866666666666666,0.0,48.693333333333335
