,dataset,criteria,avg_test_error,precision_at_k,ground_truth_hit,avg_size
0,BFGS_orig_results_f2_100_2,MSE_train_opt,1.0258631227759079e-05,0.7123287671232876,0.0,39.15068493150685
1,BFGS_orig_results_f2_100_2,AIC,7.106887377121162e-06,0.7945205479452054,1.0,30.28767123287671
2,BFGS_orig_results_f2_100_2,BIC,7.106887377121162e-06,0.7945205479452054,1.0,30.28767123287671
3,BFGS_orig_results_f2_100_2,AICc,7.106887377121162e-06,0.7945205479452054,1.0,30.28767123287671
4,BFGS_orig_results_f2_100_2,MDL,7.091466026223853e-06,0.7945205479452054,1.0,30.397260273972602
5,BFGS_orig_results_f2_100_2,Err_in,1.0258631227759079e-05,0.7123287671232876,0.0,39.15068493150685
