,dataset,criteria,avg_test_error,precision_at_k,ground_truth_hit,avg_size
0,BFGS_cluster_results_f4_100_2,MSE_train_opt,0.0018475640071175118,0.0,0.0,72.82352941176471
1,BFGS_cluster_results_f4_100_2,AIC,0.0010859645213113765,0.11764705882352941,1.0,34.11764705882353
2,BFGS_cluster_results_f4_100_2,BIC,0.000573783505812847,0.29411764705882354,1.0,28.235294117647058
3,BFGS_cluster_results_f4_100_2,AICc,0.0009932224689366,0.23529411764705882,1.0,32.294117647058826
4,BFGS_cluster_results_f4_100_2,MDL,0.0005473030642042059,0.23529411764705882,1.0,28.235294117647058
5,BFGS_cluster_results_f4_100_2,Err_in,0.0009850460131729294,0.17647058823529413,0.0,50.411764705882355
