,dataset,criteria,avg_test_error,precision_at_k,ground_truth_hit,avg_size
0,BFGS_cluster_results_f7_100_2,MSE_train_opt,0.011270600576154742,0.0,0.0,37.93333333333333
1,BFGS_cluster_results_f7_100_2,AIC,0.009283268722790726,0.06666666666666667,1.0,22.733333333333334
2,BFGS_cluster_results_f7_100_2,BIC,0.009404961406504299,0.06666666666666667,1.0,22.733333333333334
3,BFGS_cluster_results_f7_100_2,AICc,0.009283268722790726,0.06666666666666667,1.0,22.733333333333334
4,BFGS_cluster_results_f7_100_2,MDL,0.00834515777857428,0.06666666666666667,1.0,22.533333333333335
5,BFGS_cluster_results_f7_100_2,Err_in,0.008978514893437572,0.2,0.0,30.2
