,dataset,criteria,avg_test_error,precision_at_k,ground_truth_hit,avg_size
0,BFGS_orig_results_f4_100_2,MSE_train_opt,0.0036023711506322125,0.34545454545454546,0.0,46.472727272727276
1,BFGS_orig_results_f4_100_2,AIC,0.0035644013554820973,0.5272727272727272,1.0,36.127272727272725
2,BFGS_orig_results_f4_100_2,BIC,0.0033245748116157254,0.5636363636363636,1.0,35.81818181818182
3,BFGS_orig_results_f4_100_2,AICc,0.003544164947767904,0.5454545454545454,1.0,36.018181818181816
4,BFGS_orig_results_f4_100_2,MDL,0.0033224599907429515,0.6,1.0,35.58181818181818
5,BFGS_orig_results_f4_100_2,Err_in,0.0036023711506322125,0.34545454545454546,0.0,46.472727272727276
