,dataset,criteria,avg_test_error,precision_at_k,ground_truth_hit,avg_size
0,BFGS_cluster_results_f2_100_2,MSE_train_opt,5.072275471625211e-05,0.8837209302325582,1.0,41.86046511627907
1,BFGS_cluster_results_f2_100_2,AIC,3.2617839217841815e-05,0.9534883720930233,1.0,33.93023255813954
2,BFGS_cluster_results_f2_100_2,BIC,3.2617839217841815e-05,0.9534883720930233,1.0,33.93023255813954
3,BFGS_cluster_results_f2_100_2,AICc,3.2617839217841815e-05,0.9534883720930233,1.0,33.93023255813954
4,BFGS_cluster_results_f2_100_2,MDL,3.122536501927929e-05,0.9534883720930233,1.0,33.91860465116279
5,BFGS_cluster_results_f2_100_2,Err_in,3.3122678521367014e-05,0.9418604651162791,1.0,35.69767441860465
