,dataset,criteria,avg_test_error,precision_at_k,ground_truth_hit,avg_size
0,BFGS_pert_results_f5_100_3,MSE_train_opt,0.044422354135129974,0.40425531914893614,0.0,44.787234042553195
1,BFGS_pert_results_f5_100_3,AIC,0.044434169143454785,0.5531914893617021,1.0,36.95744680851064
2,BFGS_pert_results_f5_100_3,BIC,0.044420708057130394,0.574468085106383,1.0,36.93617021276596
3,BFGS_pert_results_f5_100_3,AICc,0.044434169143454785,0.5531914893617021,1.0,36.95744680851064
4,BFGS_pert_results_f5_100_3,MDL,0.04370113919886173,0.6170212765957447,1.0,35.234042553191486
5,BFGS_pert_results_f5_100_3,Err_in,3.061959566165244,0.44680851063829785,1.0,49.08510638297872
