,dataset,criteria,avg_test_error,precision_at_k,ground_truth_hit,avg_size
0,BFGS_orig_results_f3_100_1,MSE_train_opt,1.5346909413294138e-06,0.0,0.0,45.542857142857144
1,BFGS_orig_results_f3_100_1,AIC,5.434754811999096e-07,0.37142857142857144,1.0,26.571428571428573
2,BFGS_orig_results_f3_100_1,BIC,5.434754811999096e-07,0.37142857142857144,1.0,26.571428571428573
3,BFGS_orig_results_f3_100_1,AICc,5.434754811999096e-07,0.37142857142857144,1.0,26.571428571428573
4,BFGS_orig_results_f3_100_1,MDL,5.26713214418019e-07,0.4,1.0,26.485714285714284
5,BFGS_orig_results_f3_100_1,Err_in,1.5347420608966028e-06,0.0,0.0,42.42857142857143
