,dataset,criteria,avg_test_error,precision_at_k,ground_truth_hit,avg_size
0,BFGS_cluster_results_f7_100_2,MSE_train_opt,0.010699459284647963,0.0,0.0,37.421052631578945
1,BFGS_cluster_results_f7_100_2,AIC,0.009259229311933778,0.15789473684210525,1.0,23.263157894736842
2,BFGS_cluster_results_f7_100_2,BIC,0.009259229311933778,0.15789473684210525,1.0,23.263157894736842
3,BFGS_cluster_results_f7_100_2,AICc,0.009259229311933778,0.15789473684210525,1.0,23.263157894736842
4,BFGS_cluster_results_f7_100_2,MDL,0.008345157636083294,0.21052631578947367,1.0,22.736842105263158
5,BFGS_cluster_results_f7_100_2,Err_in,0.008836369427596026,0.2631578947368421,0.0,29.894736842105264
