,dataset,criteria,avg_test_error,precision_at_k,ground_truth_hit,avg_size
0,BFGS_orig_results_f2_100_2,MSE_train_opt,1.2924069154713692e-05,0.1956521739130435,0.0,39.19565217391305
1,BFGS_orig_results_f2_100_2,AIC,6.519419320406265e-06,0.5217391304347826,1.0,25.891304347826086
2,BFGS_orig_results_f2_100_2,BIC,6.519419320406265e-06,0.5217391304347826,1.0,25.891304347826086
3,BFGS_orig_results_f2_100_2,AICc,6.519419320406265e-06,0.5217391304347826,1.0,25.891304347826086
4,BFGS_orig_results_f2_100_2,MDL,6.667656331610918e-06,0.5217391304347826,1.0,26.130434782608695
5,BFGS_orig_results_f2_100_2,Err_in,1.2924069154713692e-05,0.1956521739130435,0.0,39.19565217391305
