,dataset,criteria,avg_test_error,precision_at_k,ground_truth_hit,avg_size
0,BFGS_cluster_results_f1_100_10,MSE_train_opt,0.030070109185925984,0.684931506849315,0.0,45.397260273972606
1,BFGS_cluster_results_f1_100_10,AIC,0.021561972013891435,0.7945205479452054,1.0,37.863013698630134
2,BFGS_cluster_results_f1_100_10,BIC,0.01959567407447568,0.8356164383561644,1.0,36.3013698630137
3,BFGS_cluster_results_f1_100_10,AICc,0.019801573066181268,0.821917808219178,1.0,36.534246575342465
4,BFGS_cluster_results_f1_100_10,MDL,0.017757858348110698,0.8767123287671232,1.0,35.178082191780824
5,BFGS_cluster_results_f1_100_10,Err_in,0.0161632503020097,0.9178082191780822,1.0,38.28767123287671
