,dataset,criteria,avg_test_error,precision_at_k,ground_truth_hit,avg_size
0,BFGS_cluster_results_f3_100_1,MSE_train_opt,0.00016663873094481172,0.0,0.0,70.66666666666667
1,BFGS_cluster_results_f3_100_1,AIC,1.5833892423656562e-05,0.16666666666666666,1.0,24.944444444444443
2,BFGS_cluster_results_f3_100_1,BIC,1.5833892423656562e-05,0.16666666666666666,1.0,24.944444444444443
3,BFGS_cluster_results_f3_100_1,AICc,1.5833892423656562e-05,0.16666666666666666,1.0,24.944444444444443
4,BFGS_cluster_results_f3_100_1,MDL,1.2780776303897131e-05,0.16666666666666666,1.0,24.055555555555557
5,BFGS_cluster_results_f3_100_1,Err_in,1.4556106059327425e-05,0.3888888888888889,0.0,30.61111111111111
