,dataset,criteria,avg_test_error,precision_at_k,ground_truth_hit,avg_size
0,BFGS_orig_results_f4_100_2,MSE_train_opt,0.003882033584900551,0.23529411764705882,0.0,45.549019607843135
1,BFGS_orig_results_f4_100_2,AIC,0.0038220240332695827,0.47058823529411764,1.0,35.72549019607843
2,BFGS_orig_results_f4_100_2,BIC,0.0004923329257255951,0.5098039215686274,1.0,35.450980392156865
3,BFGS_orig_results_f4_100_2,AICc,0.0007289544014512223,0.5098039215686274,1.0,35.450980392156865
4,BFGS_orig_results_f4_100_2,MDL,0.0035606192362563306,0.5882352941176471,1.0,34.8235294117647
5,BFGS_orig_results_f4_100_2,Err_in,0.003882033584900551,0.23529411764705882,0.0,45.549019607843135
