,dataset,criteria,avg_test_error,precision_at_k,ground_truth_hit,avg_size
0,BFGS_pert_results_f3_100_1,MSE_train_opt,0.0003896435580554312,0.9615384615384616,0.0,47.57692307692308
1,BFGS_pert_results_f3_100_1,AIC,0.0003503434199927697,0.9615384615384616,0.0,45.73076923076923
2,BFGS_pert_results_f3_100_1,BIC,0.0003503434199927697,0.9615384615384616,0.0,45.73076923076923
3,BFGS_pert_results_f3_100_1,AICc,0.0003503434199927697,0.9615384615384616,0.0,45.73076923076923
4,BFGS_pert_results_f3_100_1,MDL,0.0012319617598109413,0.5,1.0,27.923076923076923
5,BFGS_pert_results_f3_100_1,Err_in,0.0018808302957537698,0.34615384615384615,1.0,45.42307692307692
