,dataset,criteria,avg_test_error,precision_at_k,ground_truth_hit,avg_size
0,BFGS_pert_results_f3_100_1,MSE_train_opt,3.021607471291681e-06,0.0,0.0,97.33333333333333
1,BFGS_pert_results_f3_100_1,AIC,1.7424081632306707e-06,0.0,0.0,24.333333333333332
2,BFGS_pert_results_f3_100_1,BIC,1.7424081632306707e-06,0.0,0.0,24.333333333333332
3,BFGS_pert_results_f3_100_1,AICc,1.7424081632306707e-06,0.0,0.0,24.333333333333332
4,BFGS_pert_results_f3_100_1,MDL,1.2692879750349454e-06,0.0,0.0,24.666666666666668
5,BFGS_pert_results_f3_100_1,Err_in,0.003334859488008667,0.0,0.0,51.333333333333336
