,dataset,criteria,avg_test_error,precision_at_k,ground_truth_hit,avg_size
0,BFGS_pert_results_f2_100_2,MSE_train_opt,0.011350290129159675,0.96,0.0,47.04
1,BFGS_pert_results_f2_100_2,AIC,0.011350290129159677,0.96,0.0,47.04
2,BFGS_pert_results_f2_100_2,BIC,0.011350290129159677,0.96,0.0,47.04
3,BFGS_pert_results_f2_100_2,AICc,0.011350290129159677,0.96,0.0,47.04
4,BFGS_pert_results_f2_100_2,MDL,0.011496821681815938,0.92,0.0,38.8
5,BFGS_pert_results_f2_100_2,Err_in,0.01394037658551397,0.32,0.0,41.48
