,dataset,criteria,avg_test_error,precision_at_k,ground_truth_hit,avg_size
0,BFGS_cluster_results_f4_100_2,MSE_train_opt,0.0018709363612482931,0.0,0.0,68.4
1,BFGS_cluster_results_f4_100_2,AIC,0.0011636929350496467,0.06666666666666667,1.0,35.0
2,BFGS_cluster_results_f4_100_2,BIC,0.0005832196282076535,0.26666666666666666,1.0,28.2
3,BFGS_cluster_results_f4_100_2,AICc,0.0010585850955984332,0.13333333333333333,1.0,32.86666666666667
4,BFGS_cluster_results_f4_100_2,MDL,0.0005532093146570666,0.2,1.0,28.2
5,BFGS_cluster_results_f4_100_2,Err_in,0.0010202231787058333,0.2,0.0,49.266666666666666
