,dataset,criteria,avg_test_error,precision_at_k,ground_truth_hit,avg_size
0,BFGS_orig_results_f5_100_3,MSE_train_opt,8.126837504577752e-05,0.1111111111111111,0.0,50.86666666666667
1,BFGS_orig_results_f5_100_3,AIC,2.4710669706671052e-05,0.4444444444444444,1.0,32.91111111111111
2,BFGS_orig_results_f5_100_3,BIC,2.4710669706671052e-05,0.4444444444444444,1.0,32.91111111111111
3,BFGS_orig_results_f5_100_3,AICc,2.4710669706671052e-05,0.4444444444444444,1.0,32.91111111111111
4,BFGS_orig_results_f5_100_3,MDL,1.5789990224501735e-05,0.5777777777777777,1.0,31.955555555555556
5,BFGS_orig_results_f5_100_3,Err_in,8.126837504577752e-05,0.1111111111111111,0.0,50.86666666666667
