,dataset,criteria,avg_test_error,precision_at_k,ground_truth_hit,avg_size
0,BFGS_orig_results_f7_100_2,MSE_train_opt,0.008392292826316235,0.868421052631579,1.0,30.88157894736842
1,BFGS_orig_results_f7_100_2,AIC,0.00841712729173726,0.8289473684210527,1.0,26.68421052631579
2,BFGS_orig_results_f7_100_2,BIC,0.00841712729173726,0.8289473684210527,1.0,26.68421052631579
3,BFGS_orig_results_f7_100_2,AICc,0.00841712729173726,0.8289473684210527,1.0,26.68421052631579
4,BFGS_orig_results_f7_100_2,MDL,0.008415309000556054,0.8421052631578947,1.0,26.57894736842105
5,BFGS_orig_results_f7_100_2,Err_in,0.008223862306047805,0.8289473684210527,1.0,29.894736842105264
