,dataset,criteria,avg_test_error,precision_at_k,ground_truth_hit,avg_size
0,BFGS_orig_results_f4_100_2,MSE_train_opt,0.0031963436520999625,0.46774193548387094,0.0,45.935483870967744
1,BFGS_orig_results_f4_100_2,AIC,0.0031625977259787893,0.6129032258064516,1.0,36.854838709677416
2,BFGS_orig_results_f4_100_2,BIC,0.0031445763257387884,0.6290322580645161,1.0,36.79032258064516
3,BFGS_orig_results_f4_100_2,AICc,0.00316259772597879,0.6129032258064516,1.0,36.854838709677416
4,BFGS_orig_results_f4_100_2,MDL,0.00294961924023084,0.6451612903225806,1.0,36.74193548387097
5,BFGS_orig_results_f4_100_2,Err_in,0.0031963436520999625,0.46774193548387094,0.0,45.935483870967744
