,dataset,criteria,avg_test_error,precision_at_k,ground_truth_hit,avg_size
0,BFGS_orig_results_f1_100_10,MSE_train_opt,0.016023946043663917,0.09090909090909091,1.0,40.54545454545455
1,BFGS_orig_results_f1_100_10,AIC,0.013712174635722179,0.21212121212121213,1.0,32.45454545454545
2,BFGS_orig_results_f1_100_10,BIC,0.013265945588016543,0.21212121212121213,1.0,32.39393939393939
3,BFGS_orig_results_f1_100_10,AICc,0.013712174635722179,0.21212121212121213,1.0,32.45454545454545
4,BFGS_orig_results_f1_100_10,MDL,0.011156928550502834,0.3939393939393939,1.0,30.09090909090909
5,BFGS_orig_results_f1_100_10,Err_in,0.011463576559825288,0.48484848484848486,1.0,37.484848484848484
