,dataset,criteria,avg_test_error,precision_at_k,ground_truth_hit,avg_size
0,BFGS_cluster_results_f3_100_1,MSE_train_opt,6.664486236445828e-05,0.7027027027027027,0.0,47.13513513513514
1,BFGS_cluster_results_f3_100_1,AIC,3.951768595079936e-05,0.8918918918918919,1.0,33.229729729729726
2,BFGS_cluster_results_f3_100_1,BIC,3.89529128467239e-05,0.9054054054054054,1.0,33.0945945945946
3,BFGS_cluster_results_f3_100_1,AICc,3.9517685950799364e-05,0.8918918918918919,1.0,33.229729729729726
4,BFGS_cluster_results_f3_100_1,MDL,3.383427152009163e-05,0.918918918918919,1.0,32.986486486486484
5,BFGS_cluster_results_f3_100_1,Err_in,4.319339660321484e-05,0.8513513513513513,1.0,37.5945945945946
