,dataset,criteria,avg_test_error,precision_at_k,ground_truth_hit,avg_size
0,BFGS_orig_results_f7_100_2,MSE_train_opt,0.008500910440159208,0.043478260869565216,0.0,34.78260869565217
1,BFGS_orig_results_f7_100_2,AIC,0.008401848157723693,0.0,1.0,23.608695652173914
2,BFGS_orig_results_f7_100_2,BIC,0.008401848157723693,0.0,1.0,23.608695652173914
3,BFGS_orig_results_f7_100_2,AICc,0.008401848157723693,0.0,1.0,23.608695652173914
4,BFGS_orig_results_f7_100_2,MDL,0.008401868833884356,0.043478260869565216,1.0,23.17391304347826
5,BFGS_orig_results_f7_100_2,Err_in,0.008297373052400693,0.17391304347826086,0.0,31.608695652173914
