,dataset,criteria,avg_test_error,precision_at_k,ground_truth_hit,avg_size
0,BFGS_orig_results_f6_100_2,MSE_train_opt,0.0006377762000884749,0.9333333333333333,0.0,48.044444444444444
1,BFGS_orig_results_f6_100_2,AIC,0.0006317046912683022,0.9333333333333333,1.0,43.477777777777774
2,BFGS_orig_results_f6_100_2,BIC,0.0006317046912683021,0.9333333333333333,1.0,43.477777777777774
3,BFGS_orig_results_f6_100_2,AICc,0.0006317046912683021,0.9333333333333333,1.0,43.477777777777774
4,BFGS_orig_results_f6_100_2,MDL,0.0006268523474911522,0.9333333333333333,1.0,43.1
5,BFGS_orig_results_f6_100_2,Err_in,0.0006377762000884749,0.9333333333333333,0.0,48.044444444444444
