,dataset,criteria,avg_test_error,precision_at_k,ground_truth_hit,avg_size
0,BFGS_cluster_results_f2_100_2,MSE_train_opt,4.76894878252793e-05,0.9787234042553191,1.0,40.829787234042556
1,BFGS_cluster_results_f2_100_2,AIC,4.5923619326744884e-05,0.9787234042553191,1.0,39.244680851063826
2,BFGS_cluster_results_f2_100_2,BIC,4.665028603479167e-05,0.9787234042553191,1.0,39.09574468085106
3,BFGS_cluster_results_f2_100_2,AICc,4.665028603479167e-05,0.9787234042553191,1.0,39.09574468085106
4,BFGS_cluster_results_f2_100_2,MDL,4.34654064388949e-05,0.9787234042553191,1.0,39.191489361702125
5,BFGS_cluster_results_f2_100_2,Err_in,4.4851566629827885e-05,0.9787234042553191,1.0,39.361702127659576
