,dataset,criteria,avg_test_error,precision_at_k,ground_truth_hit,avg_size
0,BFGS_cluster_results_f3_100_1,MSE_train_opt,8.383611392044132e-05,0.3157894736842105,0.0,52.49122807017544
1,BFGS_cluster_results_f3_100_1,AIC,2.4902325911717237e-05,0.8245614035087719,1.0,29.57894736842105
2,BFGS_cluster_results_f3_100_1,BIC,1.971763818248384e-05,0.8245614035087719,1.0,28.912280701754387
3,BFGS_cluster_results_f3_100_1,AICc,1.983390996993782e-05,0.8245614035087719,1.0,29.12280701754386
4,BFGS_cluster_results_f3_100_1,MDL,1.4971315575095313e-05,0.8947368421052632,1.0,28.894736842105264
5,BFGS_cluster_results_f3_100_1,Err_in,1.9070045930804924e-05,0.8421052631578947,1.0,31.43859649122807
