,dataset,criteria,avg_test_error,precision_at_k,ground_truth_hit,avg_size
0,BFGS_orig_results_f6_100_2,MSE_train_opt,0.0007895363419983364,0.09090909090909091,0.0,48.72727272727273
1,BFGS_orig_results_f6_100_2,AIC,0.0005846876037515091,0.09090909090909091,1.0,29.363636363636363
2,BFGS_orig_results_f6_100_2,BIC,0.0005846876037515091,0.09090909090909091,1.0,29.363636363636363
3,BFGS_orig_results_f6_100_2,AICc,0.0005846876037515091,0.09090909090909091,1.0,29.363636363636363
4,BFGS_orig_results_f6_100_2,MDL,0.000527844161678891,0.09090909090909091,1.0,28.727272727272727
5,BFGS_orig_results_f6_100_2,Err_in,0.0007895363419983364,0.09090909090909091,0.0,48.72727272727273
