,dataset,criteria,avg_test_error,precision_at_k,ground_truth_hit,avg_size
0,BFGS_orig_results_f6_100_2,MSE_train_opt,0.0007376584958612001,0.0,0.0,57.0
1,BFGS_orig_results_f6_100_2,AIC,0.0003271935426521333,0.16666666666666666,1.0,29.0
2,BFGS_orig_results_f6_100_2,BIC,0.0003271935426521333,0.16666666666666666,1.0,29.0
3,BFGS_orig_results_f6_100_2,AICc,0.0003271935426521333,0.16666666666666666,1.0,29.0
4,BFGS_orig_results_f6_100_2,MDL,0.0005038233779890166,0.16666666666666666,1.0,28.5
5,BFGS_orig_results_f6_100_2,Err_in,0.0007376584958612001,0.0,0.0,57.0
