,dataset,criteria,avg_test_error,precision_at_k,ground_truth_hit,avg_size
0,BFGS_cluster_results_f5_100_3,MSE_train_opt,0.011386389498622317,0.6774193548387096,1.0,49.0
1,BFGS_cluster_results_f5_100_3,AIC,0.006465307034408923,0.7741935483870968,1.0,37.83870967741935
2,BFGS_cluster_results_f5_100_3,BIC,0.006067734128654957,0.7741935483870968,1.0,36.58064516129032
3,BFGS_cluster_results_f5_100_3,AICc,0.00584110772545692,0.8064516129032258,1.0,37.483870967741936
4,BFGS_cluster_results_f5_100_3,MDL,0.0063119999619930525,0.7741935483870968,1.0,33.483870967741936
5,BFGS_cluster_results_f5_100_3,Err_in,0.0081307081098186,0.6774193548387096,1.0,35.806451612903224
