,dataset,criteria,avg_test_error,precision_at_k,ground_truth_hit,avg_size
0,BFGS_cluster_results_f4_100_2,MSE_train_opt,0.0014920648781652144,0.07142857142857142,0.0,63.785714285714285
1,BFGS_cluster_results_f4_100_2,AIC,0.0008344650963508097,0.5714285714285714,1.0,32.30952380952381
2,BFGS_cluster_results_f4_100_2,BIC,0.0007371780557409024,0.6428571428571429,1.0,31.166666666666668
3,BFGS_cluster_results_f4_100_2,AICc,0.0007862894737794812,0.5952380952380952,1.0,31.88095238095238
4,BFGS_cluster_results_f4_100_2,MDL,0.0005832298820506452,0.7619047619047619,1.0,30.61904761904762
5,BFGS_cluster_results_f4_100_2,Err_in,0.0006989500221263833,0.7380952380952381,1.0,39.595238095238095
