,dataset,criteria,avg_test_error,precision_at_k,ground_truth_hit,avg_size
0,BFGS_pert_results_f6_100_2,MSE_train_opt,0.37202625054359534,1.0,0.0,51.23529411764706
1,BFGS_pert_results_f6_100_2,AIC,0.37210580538199123,0.9705882352941176,0.0,49.3235294117647
2,BFGS_pert_results_f6_100_2,BIC,0.3727510030804533,0.9411764705882353,0.0,47.529411764705884
3,BFGS_pert_results_f6_100_2,AICc,0.372214328140009,0.9705882352941176,0.0,49.088235294117645
4,BFGS_pert_results_f6_100_2,MDL,0.3731697470596409,0.9117647058823529,0.0,45.61764705882353
5,BFGS_pert_results_f6_100_2,Err_in,0.8612881810886822,0.5,1.0,48.911764705882355
