,dataset,criteria,avg_test_error,precision_at_k,ground_truth_hit,avg_size
0,BFGS_cluster_results_f3_100_1,MSE_train_opt,6.908040956821833e-05,0.647887323943662,0.0,48.04225352112676
1,BFGS_cluster_results_f3_100_1,AIC,3.920133895400297e-05,0.8732394366197183,1.0,32.45070422535211
2,BFGS_cluster_results_f3_100_1,BIC,3.800357696407359e-05,0.8873239436619719,1.0,32.29577464788732
3,BFGS_cluster_results_f3_100_1,AICc,3.800357696407359e-05,0.8873239436619719,1.0,32.29577464788732
4,BFGS_cluster_results_f3_100_1,MDL,3.199397187800834e-05,0.9295774647887324,1.0,32.25352112676056
5,BFGS_cluster_results_f3_100_1,Err_in,3.7286546386184854e-05,0.8591549295774648,1.0,35.605633802816904
