,dataset,criteria,avg_test_error,precision_at_k,ground_truth_hit,avg_size
0,BFGS_orig_results_f4_100_2,MSE_train_opt,0.0030964583790747697,0.5,0.0,45.671875
1,BFGS_orig_results_f4_100_2,AIC,0.0030637667887418274,0.640625,1.0,37.15625
2,BFGS_orig_results_f4_100_2,BIC,0.00304630831589129,0.65625,1.0,37.21875
3,BFGS_orig_results_f4_100_2,AICc,0.0030637667887418274,0.640625,1.0,37.15625
4,BFGS_orig_results_f4_100_2,MDL,0.002858512065821244,0.65625,1.0,37.078125
5,BFGS_orig_results_f4_100_2,Err_in,0.0030964583790747697,0.5,0.0,45.671875
