,dataset,criteria,avg_test_error,precision_at_k,ground_truth_hit,avg_size
0,BFGS_cluster_results_f2_100_2,MSE_train_opt,7.757391497524575e-05,0.14285714285714285,0.0,53.06122448979592
1,BFGS_cluster_results_f2_100_2,AIC,2.0682278275916785e-05,0.7551020408163265,1.0,26.428571428571427
2,BFGS_cluster_results_f2_100_2,BIC,2.051040693958818e-05,0.7551020408163265,1.0,26.3265306122449
3,BFGS_cluster_results_f2_100_2,AICc,2.0682278275916788e-05,0.7551020408163265,1.0,26.428571428571427
4,BFGS_cluster_results_f2_100_2,MDL,1.8241851827241404e-05,0.7755102040816326,1.0,25.6734693877551
5,BFGS_cluster_results_f2_100_2,Err_in,1.5625256834897673e-05,0.8571428571428571,1.0,27.53061224489796
