,dataset,criteria,avg_test_error,precision_at_k,ground_truth_hit,avg_size
0,BFGS_pert_results_f4_100_2,MSE_train_opt,0.001225789720226346,0.9285714285714286,0.0,39.857142857142854
1,BFGS_pert_results_f4_100_2,AIC,0.0012257897201782258,0.9285714285714286,0.0,38.357142857142854
2,BFGS_pert_results_f4_100_2,BIC,0.002252714726148119,0.8571428571428571,0.0,36.214285714285715
3,BFGS_pert_results_f4_100_2,AICc,0.0012257897201782258,0.9285714285714286,0.0,38.357142857142854
4,BFGS_pert_results_f4_100_2,MDL,0.0051886587997461995,0.7142857142857143,0.0,34.42857142857143
5,BFGS_pert_results_f4_100_2,Err_in,0.025378330711287225,0.07142857142857142,0.0,52.642857142857146
