,dataset,criteria,avg_test_error,precision_at_k,ground_truth_hit,avg_size
0,BFGS_cluster_results_f3_100_1,MSE_train_opt,0.000103874167678325,0.0,0.0,57.372093023255815
1,BFGS_cluster_results_f3_100_1,AIC,2.111191518027731e-05,0.5813953488372093,1.0,27.74418604651163
2,BFGS_cluster_results_f3_100_1,BIC,1.800153709177579e-05,0.5813953488372093,1.0,27.558139534883722
3,BFGS_cluster_results_f3_100_1,AICc,2.102958020159462e-05,0.5813953488372093,1.0,27.6046511627907
4,BFGS_cluster_results_f3_100_1,MDL,1.2767027687683499e-05,0.6976744186046512,1.0,26.697674418604652
5,BFGS_cluster_results_f3_100_1,Err_in,1.194406266486203e-05,0.8604651162790697,1.0,29.930232558139537
