,dataset,criteria,avg_test_error,precision_at_k,ground_truth_hit,avg_size
0,BFGS_orig_results_f4_100_2,MSE_train_opt,0.0022277673077665348,0.9213483146067416,0.0,47.61797752808989
1,BFGS_orig_results_f4_100_2,AIC,0.0022259206923809197,0.9213483146067416,1.0,44.19101123595506
2,BFGS_orig_results_f4_100_2,BIC,0.00222592069238092,0.9213483146067416,1.0,44.19101123595506
3,BFGS_orig_results_f4_100_2,AICc,0.00222592069238092,0.9213483146067416,1.0,44.19101123595506
4,BFGS_orig_results_f4_100_2,MDL,0.00222522625915651,0.9213483146067416,1.0,43.842696629213485
5,BFGS_orig_results_f4_100_2,Err_in,0.0022277673077665348,0.9213483146067416,0.0,47.61797752808989
