,dataset,criteria,avg_test_error,precision_at_k,ground_truth_hit,avg_size
0,BFGS_cluster_results_f3_100_1,MSE_train_opt,0.0001235007946216372,0.0,0.0,62.5
1,BFGS_cluster_results_f3_100_1,AIC,1.8284562940083877e-05,0.4117647058823529,1.0,26.529411764705884
2,BFGS_cluster_results_f3_100_1,BIC,1.3660439652924032e-05,0.47058823529411764,1.0,25.852941176470587
3,BFGS_cluster_results_f3_100_1,AICc,1.8284562940083877e-05,0.4117647058823529,1.0,26.529411764705884
4,BFGS_cluster_results_f3_100_1,MDL,1.366472919020323e-05,0.47058823529411764,1.0,25.735294117647058
5,BFGS_cluster_results_f3_100_1,Err_in,1.2583862638091802e-05,0.7352941176470589,1.0,29.470588235294116
