,dataset,criteria,avg_test_error,precision_at_k,ground_truth_hit,avg_size
0,BFGS_pert_results_f4_100_2,MSE_train_opt,0.010777912105077255,0.8387096774193549,0.0,44.67741935483871
1,BFGS_pert_results_f4_100_2,AIC,0.010777912105077255,0.8387096774193549,0.0,44.67741935483871
2,BFGS_pert_results_f4_100_2,BIC,0.010885833600593699,0.8387096774193549,0.0,43.12903225806452
3,BFGS_pert_results_f4_100_2,AICc,0.010777912105077251,0.8387096774193549,0.0,44.67741935483871
4,BFGS_pert_results_f4_100_2,MDL,0.012561822587933143,0.6451612903225806,1.0,34.41935483870968
5,BFGS_pert_results_f4_100_2,Err_in,0.02166230277667768,0.4838709677419355,0.0,51.354838709677416
