,dataset,criteria,avg_test_error,precision_at_k,ground_truth_hit,avg_size
0,BFGS_cluster_results_f5_100_3,MSE_train_opt,0.021380124071569126,0.0,0.0,64.0
1,BFGS_cluster_results_f5_100_3,AIC,0.018067078106978617,0.125,1.0,33.375
2,BFGS_cluster_results_f5_100_3,BIC,0.0016673069341033504,0.25,1.0,32.125
3,BFGS_cluster_results_f5_100_3,AICc,0.001827955832817175,0.125,1.0,32.125
4,BFGS_cluster_results_f5_100_3,MDL,0.0012047357709919,0.125,1.0,28.5
5,BFGS_cluster_results_f5_100_3,Err_in,0.022285088540389637,0.125,1.0,40.375
