,dataset,criteria,avg_test_error,precision_at_k,ground_truth_hit,avg_size
0,BFGS_cluster_results_f3_100_1,MSE_train_opt,8.947663278814031e-05,0.18867924528301888,0.0,53.490566037735846
1,BFGS_cluster_results_f3_100_1,AIC,2.5975287163455356e-05,0.7358490566037735,1.0,29.056603773584907
2,BFGS_cluster_results_f3_100_1,BIC,1.9828641038254567e-05,0.7547169811320755,1.0,28.358490566037737
3,BFGS_cluster_results_f3_100_1,AICc,1.982864103825457e-05,0.7547169811320755,1.0,28.358490566037737
4,BFGS_cluster_results_f3_100_1,MDL,1.4014322214588715e-05,0.8490566037735849,1.0,28.09433962264151
5,BFGS_cluster_results_f3_100_1,Err_in,1.682615703016191e-05,0.8490566037735849,1.0,30.58490566037736
