,dataset,criteria,avg_test_error,precision_at_k,ground_truth_hit,avg_size
0,BFGS_cluster_results_f4_100_2,MSE_train_opt,0.0011968097740465834,0.6060606060606061,0.0,52.96969696969697
1,BFGS_cluster_results_f4_100_2,AIC,0.0007720333319337864,0.8181818181818182,1.0,35.28787878787879
2,BFGS_cluster_results_f4_100_2,BIC,0.0008022678314971241,0.803030303030303,1.0,35.04545454545455
3,BFGS_cluster_results_f4_100_2,AICc,0.0007878614625655909,0.803030303030303,1.0,35.333333333333336
4,BFGS_cluster_results_f4_100_2,MDL,0.0007714830064495711,0.8333333333333334,1.0,35.04545454545455
5,BFGS_cluster_results_f4_100_2,Err_in,0.0008984746148195772,0.7878787878787878,1.0,44.43939393939394
