,dataset,criteria,avg_test_error,precision_at_k,ground_truth_hit,avg_size
0,BFGS_orig_results_f1_100_10,MSE_train_opt,0.012992569447012,0.7222222222222222,1.0,35.986111111111114
1,BFGS_orig_results_f1_100_10,AIC,0.012667980574448297,0.7638888888888888,1.0,32.43055555555556
2,BFGS_orig_results_f1_100_10,BIC,0.012581803044711414,0.7638888888888888,1.0,32.138888888888886
3,BFGS_orig_results_f1_100_10,AICc,0.012667980574448297,0.7638888888888888,1.0,32.43055555555556
4,BFGS_orig_results_f1_100_10,MDL,0.011707267078550486,0.8611111111111112,1.0,31.666666666666668
5,BFGS_orig_results_f1_100_10,Err_in,0.011193726914754879,0.875,1.0,34.56944444444444
