,dataset,criteria,avg_test_error,precision_at_k,ground_truth_hit,avg_size
0,BFGS_cluster_results_f7_100_2,MSE_train_opt,0.008968160999734846,0.7222222222222222,1.0,29.76388888888889
1,BFGS_cluster_results_f7_100_2,AIC,0.008761815844966566,0.8194444444444444,1.0,25.625
2,BFGS_cluster_results_f7_100_2,BIC,0.008663025984216529,0.8333333333333334,1.0,25.51388888888889
3,BFGS_cluster_results_f7_100_2,AICc,0.008663025984216529,0.8333333333333334,1.0,25.51388888888889
4,BFGS_cluster_results_f7_100_2,MDL,0.008664755769818646,0.7916666666666666,1.0,25.194444444444443
5,BFGS_cluster_results_f7_100_2,Err_in,0.00852299611258007,0.875,0.0,27.375
