,dataset,criteria,avg_test_error,precision_at_k,ground_truth_hit,avg_size
0,BFGS_orig_results_f7_100_2,MSE_train_opt,0.0083883223276624,0.9036144578313253,1.0,30.433734939759034
1,BFGS_orig_results_f7_100_2,AIC,0.008412163187112614,0.8674698795180723,1.0,27.55421686746988
2,BFGS_orig_results_f7_100_2,BIC,0.008314118427734982,0.8674698795180723,1.0,27.542168674698797
3,BFGS_orig_results_f7_100_2,AICc,0.008412163187112614,0.8674698795180723,1.0,27.55421686746988
4,BFGS_orig_results_f7_100_2,MDL,0.008410712864202629,0.8795180722891566,1.0,27.53012048192771
5,BFGS_orig_results_f7_100_2,Err_in,0.008233963125751875,0.9156626506024096,1.0,29.59036144578313
