,dataset,criteria,avg_test_error,precision_at_k,ground_truth_hit,avg_size
0,BFGS_cluster_results_f5_100_3,MSE_train_opt,0.07643613605349199,0.9508196721311475,1.0,47.47540983606557
1,BFGS_cluster_results_f5_100_3,AIC,0.07643613605349199,0.9508196721311475,1.0,47.47540983606557
2,BFGS_cluster_results_f5_100_3,BIC,0.07643613605349199,0.9508196721311475,1.0,47.47540983606557
3,BFGS_cluster_results_f5_100_3,AICc,0.07643613605349199,0.9508196721311475,1.0,47.47540983606557
4,BFGS_cluster_results_f5_100_3,MDL,0.0784359301425671,0.9508196721311475,1.0,46.34426229508197
5,BFGS_cluster_results_f5_100_3,Err_in,0.08019971636732483,0.9508196721311475,1.0,45.868852459016395
