,dataset,criteria,avg_test_error,precision_at_k,ground_truth_hit,avg_size
0,BFGS_cluster_results_f7_100_2,MSE_train_opt,0.008822352001026285,0.9787234042553191,1.0,28.829787234042552
1,BFGS_cluster_results_f7_100_2,AIC,0.008840912430227393,0.9787234042553191,1.0,27.840425531914892
2,BFGS_cluster_results_f7_100_2,BIC,0.008840912430227393,0.9787234042553191,1.0,27.840425531914892
3,BFGS_cluster_results_f7_100_2,AICc,0.008840912430227391,0.9787234042553191,1.0,27.840425531914892
4,BFGS_cluster_results_f7_100_2,MDL,0.008750281779520553,0.9893617021276596,1.0,27.77659574468085
5,BFGS_cluster_results_f7_100_2,Err_in,0.008744902984681068,0.9787234042553191,1.0,28.75531914893617
