,dataset,criteria,avg_test_error,precision_at_k,ground_truth_hit,avg_size
0,BFGS_pert_results_f1_100_10,MSE_train_opt,0.015674987374102035,0.11764705882352941,1.0,38.14705882352941
1,BFGS_pert_results_f1_100_10,AIC,0.013182469653848963,0.3235294117647059,1.0,32.411764705882355
2,BFGS_pert_results_f1_100_10,BIC,0.013182469653848965,0.3235294117647059,1.0,32.411764705882355
3,BFGS_pert_results_f1_100_10,AICc,0.013182469653848963,0.3235294117647059,1.0,32.411764705882355
4,BFGS_pert_results_f1_100_10,MDL,0.010986806786823552,0.5294117647058824,1.0,30.147058823529413
5,BFGS_pert_results_f1_100_10,Err_in,0.011058025924318053,0.4411764705882353,0.0,37.05882352941177
