,dataset,criteria,avg_test_error,precision_at_k,ground_truth_hit,avg_size
0,BFGS_orig_results_f4_100_2,MSE_train_opt,0.00254165895888411,0.7692307692307693,0.0,47.794871794871796
1,BFGS_orig_results_f4_100_2,AIC,0.002535110366670451,0.782051282051282,1.0,40.41025641025641
2,BFGS_orig_results_f4_100_2,BIC,0.0025335569743070215,0.782051282051282,1.0,40.37179487179487
3,BFGS_orig_results_f4_100_2,AICc,0.002535110366670451,0.782051282051282,1.0,40.41025641025641
4,BFGS_orig_results_f4_100_2,MDL,0.002516968974528642,0.8076923076923077,1.0,40.47435897435897
5,BFGS_orig_results_f4_100_2,Err_in,0.00254165895888411,0.7692307692307693,0.0,47.794871794871796
