,dataset,criteria,avg_test_error,precision_at_k,ground_truth_hit,avg_size
0,BFGS_cluster_results_f7_100_2,MSE_train_opt,0.011472139669458438,0.0,0.0,38.57142857142857
1,BFGS_cluster_results_f7_100_2,AIC,0.009252675759231627,0.07142857142857142,1.0,22.642857142857142
2,BFGS_cluster_results_f7_100_2,BIC,0.009410584736467414,0.07142857142857142,1.0,22.714285714285715
3,BFGS_cluster_results_f7_100_2,AICc,0.009252675759231627,0.07142857142857142,1.0,22.642857142857142
4,BFGS_cluster_results_f7_100_2,MDL,0.008345157879667544,0.07142857142857142,1.0,22.5
5,BFGS_cluster_results_f7_100_2,Err_in,0.009023754521154528,0.14285714285714285,0.0,30.142857142857142
