,dataset,criteria,avg_test_error,precision_at_k,ground_truth_hit,avg_size
0,BFGS_orig_results_f6_100_2,MSE_train_opt,0.0006468293824608356,0.8705882352941177,0.0,48.65882352941176
1,BFGS_orig_results_f6_100_2,AIC,0.000644401740436357,0.8705882352941177,1.0,40.49411764705882
2,BFGS_orig_results_f6_100_2,BIC,0.000644401740436357,0.8705882352941177,1.0,40.49411764705882
3,BFGS_orig_results_f6_100_2,AICc,0.000644401740436357,0.8705882352941177,1.0,40.49411764705882
4,BFGS_orig_results_f6_100_2,MDL,0.0006494389641395865,0.8705882352941177,1.0,40.32941176470588
5,BFGS_orig_results_f6_100_2,Err_in,0.0006468293824608356,0.8705882352941177,0.0,48.65882352941176
