,dataset,criteria,avg_test_error,precision_at_k,ground_truth_hit,avg_size
0,BFGS_orig_results_f6_100_2,MSE_train_opt,0.0006116470714918497,0.8227848101265823,0.0,48.77215189873418
1,BFGS_orig_results_f6_100_2,AIC,0.0006316899352943804,0.8481012658227848,1.0,38.0253164556962
2,BFGS_orig_results_f6_100_2,BIC,0.0006316899352943804,0.8481012658227848,1.0,38.0253164556962
3,BFGS_orig_results_f6_100_2,AICc,0.0006316899352943804,0.8481012658227848,1.0,38.0253164556962
4,BFGS_orig_results_f6_100_2,MDL,0.0006316899352943804,0.8481012658227848,1.0,38.0253164556962
5,BFGS_orig_results_f6_100_2,Err_in,0.0006116470714918497,0.8227848101265823,0.0,48.77215189873418
