,dataset,criteria,avg_test_error,precision_at_k,ground_truth_hit,avg_size
0,BFGS_orig_results_f5_100_3,MSE_train_opt,7.096859658229026e-05,0.2909090909090909,0.0,49.81818181818182
1,BFGS_orig_results_f5_100_3,AIC,3.1292446156963063e-05,0.5818181818181818,1.0,34.4
2,BFGS_orig_results_f5_100_3,BIC,3.1292446156963063e-05,0.5818181818181818,1.0,34.4
3,BFGS_orig_results_f5_100_3,AICc,3.1292446156963063e-05,0.5818181818181818,1.0,34.4
4,BFGS_orig_results_f5_100_3,MDL,1.8172965489809658e-05,0.6909090909090909,1.0,33.345454545454544
5,BFGS_orig_results_f5_100_3,Err_in,7.096859658229026e-05,0.2909090909090909,0.0,49.81818181818182
