,dataset,criteria,avg_test_error,precision_at_k,ground_truth_hit,avg_size
0,BFGS_orig_results_f2_100_2,MSE_train_opt,9.241123579457834e-06,0.8571428571428571,0.0,39.92857142857143
1,BFGS_orig_results_f2_100_2,AIC,8.15616042994766e-06,0.8809523809523809,1.0,34.142857142857146
2,BFGS_orig_results_f2_100_2,BIC,8.15616042994766e-06,0.8809523809523809,1.0,34.142857142857146
3,BFGS_orig_results_f2_100_2,AICc,8.15616042994766e-06,0.8809523809523809,1.0,34.142857142857146
4,BFGS_orig_results_f2_100_2,MDL,8.067268966606761e-06,0.8809523809523809,1.0,34.25
5,BFGS_orig_results_f2_100_2,Err_in,9.241123579457834e-06,0.8571428571428571,0.0,39.92857142857143
