,dataset,criteria,avg_test_error,precision_at_k,ground_truth_hit,avg_size
0,BFGS_orig_results_f3_100_1,MSE_train_opt,2.1352059227920686e-06,0.0,0.0,48.833333333333336
1,BFGS_orig_results_f3_100_1,AIC,3.8906192319439184e-07,0.16666666666666666,1.0,25.333333333333332
2,BFGS_orig_results_f3_100_1,BIC,3.8906192319439184e-07,0.16666666666666666,1.0,25.333333333333332
3,BFGS_orig_results_f3_100_1,AICc,3.8906192319439184e-07,0.16666666666666666,1.0,25.333333333333332
4,BFGS_orig_results_f3_100_1,MDL,2.9372371717292617e-07,0.2916666666666667,1.0,25.125
5,BFGS_orig_results_f3_100_1,Err_in,2.147729229172935e-06,0.0,0.0,46.208333333333336
