,dataset,criteria,avg_test_error,precision_at_k,ground_truth_hit,avg_size
0,BFGS_orig_results_f6_100_2,MSE_train_opt,0.00055217652365236,0.5555555555555556,0.0,54.888888888888886
1,BFGS_orig_results_f6_100_2,AIC,0.0006738619482743553,0.2222222222222222,1.0,30.25925925925926
2,BFGS_orig_results_f6_100_2,BIC,0.0006738619482743553,0.2222222222222222,1.0,30.25925925925926
3,BFGS_orig_results_f6_100_2,AICc,0.0006738619482743553,0.2222222222222222,1.0,30.25925925925926
4,BFGS_orig_results_f6_100_2,MDL,0.0005440193235808351,0.2962962962962963,1.0,29.814814814814813
5,BFGS_orig_results_f6_100_2,Err_in,0.00055217652365236,0.5555555555555556,0.0,54.888888888888886
