,dataset,criteria,avg_test_error,precision_at_k,ground_truth_hit,avg_size
0,BFGS_cluster_results_f2_100_2,MSE_train_opt,6.88145040584087e-05,0.3333333333333333,0.0,49.473684210526315
1,BFGS_cluster_results_f2_100_2,AIC,2.188293441455415e-05,0.8070175438596491,1.0,27.473684210526315
2,BFGS_cluster_results_f2_100_2,BIC,2.0918034644241383e-05,0.8245614035087719,1.0,27.19298245614035
3,BFGS_cluster_results_f2_100_2,AICc,2.0918034644241383e-05,0.8245614035087719,1.0,27.19298245614035
4,BFGS_cluster_results_f2_100_2,MDL,1.901712281640584e-05,0.8421052631578947,1.0,26.473684210526315
5,BFGS_cluster_results_f2_100_2,Err_in,1.598865282885876e-05,0.9298245614035088,1.0,27.964912280701753
