,dataset,criteria,avg_test_error,precision_at_k,ground_truth_hit,avg_size
0,BFGS_cluster_results_f4_100_2,MSE_train_opt,0.0011764037229820678,0.6470588235294118,0.0,52.455882352941174
1,BFGS_cluster_results_f4_100_2,AIC,0.0007864398552074324,0.8382352941176471,1.0,35.794117647058826
2,BFGS_cluster_results_f4_100_2,BIC,0.0008115920335133706,0.8088235294117647,1.0,35.5735294117647
3,BFGS_cluster_results_f4_100_2,AICc,0.0008096305029711324,0.8235294117647058,1.0,35.720588235294116
4,BFGS_cluster_results_f4_100_2,MDL,0.0007897149414505587,0.8235294117647058,1.0,35.5
5,BFGS_cluster_results_f4_100_2,Err_in,0.0008934631320580954,0.8088235294117647,1.0,44.39705882352941
