,dataset,criteria,avg_test_error,precision_at_k,ground_truth_hit,avg_size
0,BFGS_cluster_results_f2_100_2,MSE_train_opt,5.9483827126540815e-05,0.6086956521739131,0.0,45.46376811594203
1,BFGS_cluster_results_f2_100_2,AIC,2.906379723368808e-05,0.8695652173913043,1.0,29.28985507246377
2,BFGS_cluster_results_f2_100_2,BIC,2.223026119254755e-05,0.8985507246376812,1.0,28.63768115942029
3,BFGS_cluster_results_f2_100_2,AICc,2.2230261192547546e-05,0.8985507246376812,1.0,28.63768115942029
4,BFGS_cluster_results_f2_100_2,MDL,2.0519122727751696e-05,0.927536231884058,1.0,28.304347826086957
5,BFGS_cluster_results_f2_100_2,Err_in,2.296123003501781e-05,0.8695652173913043,1.0,30.55072463768116
