,dataset,criteria,avg_test_error,precision_at_k,ground_truth_hit,avg_size
0,BFGS_orig_results_f6_100_2,MSE_train_opt,0.0007090060342461376,0.0,0.0,53.0
1,BFGS_orig_results_f6_100_2,AIC,0.0003585897281062125,0.125,1.0,29.0
2,BFGS_orig_results_f6_100_2,BIC,0.00035858972810621256,0.125,1.0,29.0
3,BFGS_orig_results_f6_100_2,AICc,0.0003585897281062125,0.125,1.0,29.0
4,BFGS_orig_results_f6_100_2,MDL,0.00046557299195482506,0.125,1.0,28.625
5,BFGS_orig_results_f6_100_2,Err_in,0.0007090060342461376,0.0,0.0,53.0
