,dataset,criteria,avg_test_error,precision_at_k,ground_truth_hit,avg_size
0,BFGS_cluster_results_f7_100_2,MSE_train_opt,0.010006500046113656,0.2222222222222222,0.0,34.333333333333336
1,BFGS_cluster_results_f7_100_2,AIC,0.008988393261823545,0.2962962962962963,1.0,23.48148148148148
2,BFGS_cluster_results_f7_100_2,BIC,0.008988393261823545,0.2962962962962963,1.0,23.48148148148148
3,BFGS_cluster_results_f7_100_2,AICc,0.008988393261823545,0.2962962962962963,1.0,23.48148148148148
4,BFGS_cluster_results_f7_100_2,MDL,0.008499708641563504,0.3333333333333333,1.0,22.925925925925927
5,BFGS_cluster_results_f7_100_2,Err_in,0.00870312000298296,0.2962962962962963,0.0,29.51851851851852
