,dataset,criteria,avg_test_error,precision_at_k,ground_truth_hit,avg_size
0,BFGS_cluster_results_f4_100_2,MSE_train_opt,0.001050608924035575,0.967741935483871,1.0,48.634408602150536
1,BFGS_cluster_results_f4_100_2,AIC,0.0010551629847212452,0.967741935483871,1.0,47.225806451612904
2,BFGS_cluster_results_f4_100_2,BIC,0.0010133479046273955,0.978494623655914,1.0,46.924731182795696
3,BFGS_cluster_results_f4_100_2,AICc,0.0010133479046273955,0.978494623655914,1.0,46.924731182795696
4,BFGS_cluster_results_f4_100_2,MDL,0.0010090865820435741,0.978494623655914,1.0,46.763440860215056
5,BFGS_cluster_results_f4_100_2,Err_in,0.0010401065152666022,0.967741935483871,1.0,47.784946236559136
