,dataset,criteria,avg_test_error,precision_at_k,ground_truth_hit,avg_size
0,BFGS_cluster_results_f6_100_2,MSE_train_opt,0.41977680638444137,0.5517241379310345,1.0,51.44827586206897
1,BFGS_cluster_results_f6_100_2,AIC,0.42787508539612196,0.5172413793103449,1.0,49.03448275862069
2,BFGS_cluster_results_f6_100_2,BIC,0.4325819141480901,0.4827586206896552,1.0,46.41379310344828
3,BFGS_cluster_results_f6_100_2,AICc,0.42797467050384574,0.5172413793103449,1.0,47.3448275862069
4,BFGS_cluster_results_f6_100_2,MDL,0.4366163356656305,0.41379310344827586,1.0,34.48275862068966
5,BFGS_cluster_results_f6_100_2,Err_in,0.2631903747205977,0.4482758620689655,1.0,47.86206896551724
