,dataset,criteria,avg_test_error,precision_at_k,ground_truth_hit,avg_size
0,BFGS_orig_results_f7_100_2,MSE_train_opt,0.00846071658255438,0.0967741935483871,0.0,33.483870967741936
1,BFGS_orig_results_f7_100_2,AIC,0.008418882626501539,0.16129032258064516,1.0,24.193548387096776
2,BFGS_orig_results_f7_100_2,BIC,0.008418882626501539,0.16129032258064516,1.0,24.193548387096776
3,BFGS_orig_results_f7_100_2,AICc,0.008418882626501539,0.16129032258064516,1.0,24.193548387096776
4,BFGS_orig_results_f7_100_2,MDL,0.00841887902869376,0.1935483870967742,1.0,23.516129032258064
5,BFGS_orig_results_f7_100_2,Err_in,0.008309740626873232,0.3548387096774194,0.0,30.967741935483872
