,dataset,criteria,avg_test_error,precision_at_k,ground_truth_hit,avg_size
0,BFGS_orig_results_f7_100_2,MSE_train_opt,0.008412748785994548,0.6037735849056604,1.0,30.849056603773583
1,BFGS_orig_results_f7_100_2,AIC,0.0084459831054519,0.5849056603773585,1.0,25.0
2,BFGS_orig_results_f7_100_2,BIC,0.0084459831054519,0.5849056603773585,1.0,25.0
3,BFGS_orig_results_f7_100_2,AICc,0.0084459831054519,0.5849056603773585,1.0,25.0
4,BFGS_orig_results_f7_100_2,MDL,0.008388182815540476,0.6226415094339622,1.0,24.58490566037736
5,BFGS_orig_results_f7_100_2,Err_in,0.008170907100771483,0.6226415094339622,1.0,30.77358490566038
