,dataset,criteria,avg_test_error,precision_at_k,ground_truth_hit,avg_size
0,BFGS_pert_results_f3_100_1,MSE_train_opt,7.699747471269296e-07,1.0,0.0,49.68421052631579
1,BFGS_pert_results_f3_100_1,AIC,7.699747471269297e-07,1.0,0.0,49.68421052631579
2,BFGS_pert_results_f3_100_1,BIC,7.48940959574718e-05,0.9473684210526315,0.0,45.36842105263158
3,BFGS_pert_results_f3_100_1,AICc,7.699747471269297e-07,1.0,0.0,49.68421052631579
4,BFGS_pert_results_f3_100_1,MDL,0.0007721882829659832,0.5789473684210527,1.0,28.789473684210527
5,BFGS_pert_results_f3_100_1,Err_in,0.0018951916988133332,0.10526315789473684,1.0,43.68421052631579
