,dataset,criteria,avg_test_error,precision_at_k,ground_truth_hit,avg_size
0,BFGS_pert_results_f4_100_2,MSE_train_opt,0.0016722116610567402,0.9375,0.0,44.1875
1,BFGS_pert_results_f4_100_2,AIC,0.001971125385421709,0.875,0.0,41.375
2,BFGS_pert_results_f4_100_2,BIC,0.003612720725163685,0.8125,0.0,38.0625
3,BFGS_pert_results_f4_100_2,AICc,0.0036127207251636854,0.8125,0.0,38.0625
4,BFGS_pert_results_f4_100_2,MDL,0.0061223330062557,0.6875,0.0,35.3125
5,BFGS_pert_results_f4_100_2,Err_in,0.026498629743709486,0.0625,0.0,53.6875
