,dataset,criteria,avg_test_error,precision_at_k,ground_truth_hit,avg_size
0,BFGS_orig_results_f1_100_10,MSE_train_opt,0.022026808605689792,0.0,0.0,39.42857142857143
1,BFGS_orig_results_f1_100_10,AIC,0.015064422025601888,0.14285714285714285,1.0,31.5
2,BFGS_orig_results_f1_100_10,BIC,0.014302402476532436,0.14285714285714285,1.0,30.714285714285715
3,BFGS_orig_results_f1_100_10,AICc,0.01508818801706155,0.14285714285714285,1.0,31.142857142857142
4,BFGS_orig_results_f1_100_10,MDL,0.010429508990364243,0.21428571428571427,1.0,29.5
5,BFGS_orig_results_f1_100_10,Err_in,0.012798517542377402,0.2857142857142857,0.0,45.42857142857143
