,dataset,criteria,avg_test_error,precision_at_k,ground_truth_hit,avg_size
0,BFGS_pert_results_f1_100_10,MSE_train_opt,0.014675477513301557,0.2857142857142857,1.0,38.11904761904762
1,BFGS_pert_results_f1_100_10,AIC,0.01265772492175657,0.4523809523809524,1.0,31.952380952380953
2,BFGS_pert_results_f1_100_10,BIC,0.01265772492175657,0.4523809523809524,1.0,31.952380952380953
3,BFGS_pert_results_f1_100_10,AICc,0.01265772492175657,0.4523809523809524,1.0,31.952380952380953
4,BFGS_pert_results_f1_100_10,MDL,0.010975067541739303,0.5476190476190477,1.0,30.333333333333332
5,BFGS_pert_results_f1_100_10,Err_in,0.011189044809806481,0.5,0.0,36.0
