,dataset,criteria,avg_test_error,precision_at_k,ground_truth_hit,avg_size
0,BFGS_pert_results_f4_100_2,MSE_train_opt,0.010421524779888997,0.8333333333333334,0.0,44.6
1,BFGS_pert_results_f4_100_2,AIC,0.010421524779888997,0.8333333333333334,0.0,44.6
2,BFGS_pert_results_f4_100_2,BIC,0.010633000368820509,0.8333333333333334,0.0,43.333333333333336
3,BFGS_pert_results_f4_100_2,AICc,0.010421524779888995,0.8333333333333334,0.0,44.6
4,BFGS_pert_results_f4_100_2,MDL,0.012196606476385182,0.6666666666666666,1.0,34.46666666666667
5,BFGS_pert_results_f4_100_2,Err_in,0.022384354880580666,0.43333333333333335,0.0,52.06666666666667
