,dataset,criteria,avg_test_error,precision_at_k,ground_truth_hit,avg_size
0,BFGS_orig_results_f6_100_2,MSE_train_opt,0.0005793038913932634,0.8088235294117647,0.0,48.39705882352941
1,BFGS_orig_results_f6_100_2,AIC,0.0006379195332710693,0.6764705882352942,1.0,35.220588235294116
2,BFGS_orig_results_f6_100_2,BIC,0.0006379195332710693,0.6764705882352942,1.0,35.220588235294116
3,BFGS_orig_results_f6_100_2,AICc,0.0006379195332710693,0.6764705882352942,1.0,35.220588235294116
4,BFGS_orig_results_f6_100_2,MDL,0.0006238127502679133,0.6911764705882353,1.0,35.11764705882353
5,BFGS_orig_results_f6_100_2,Err_in,0.0005793038913932634,0.8088235294117647,0.0,48.39705882352941
