,dataset,criteria,avg_test_error,precision_at_k,ground_truth_hit,avg_size
0,BFGS_cluster_results_f6_100_2,MSE_train_opt,0.007388284526690859,0.7142857142857143,0.0,56.285714285714285
1,BFGS_cluster_results_f6_100_2,AIC,0.1442146952158569,0.7142857142857143,0.0,47.714285714285715
2,BFGS_cluster_results_f6_100_2,BIC,0.14142433133129978,0.7142857142857143,0.0,42.0
3,BFGS_cluster_results_f6_100_2,AICc,0.14142433133129978,0.7142857142857143,0.0,42.0
4,BFGS_cluster_results_f6_100_2,MDL,1.0787267743061861,0.14285714285714285,1.0,29.571428571428573
5,BFGS_cluster_results_f6_100_2,Err_in,0.1602975440596917,0.14285714285714285,0.0,71.85714285714286
