,dataset,criteria,avg_test_error,precision_at_k,ground_truth_hit,avg_size
0,BFGS_cluster_results_f3_100_1,MSE_train_opt,9.444402317477372e-05,0.08163265306122448,0.0,54.02040816326531
1,BFGS_cluster_results_f3_100_1,AIC,2.0712315027194222e-05,0.6938775510204082,1.0,28.224489795918366
2,BFGS_cluster_results_f3_100_1,BIC,1.689975629913337e-05,0.7346938775510204,1.0,27.836734693877553
3,BFGS_cluster_results_f3_100_1,AICc,1.9628328925438352e-05,0.7142857142857143,1.0,27.979591836734695
4,BFGS_cluster_results_f3_100_1,MDL,1.279710278806351e-05,0.8163265306122449,1.0,27.367346938775512
5,BFGS_cluster_results_f3_100_1,Err_in,1.1969861921935892e-05,0.8979591836734694,1.0,29.6734693877551
