,dataset,criteria,avg_test_error,precision_at_k,ground_truth_hit,avg_size
0,BFGS_pert_results_f1_100_10,MSE_train_opt,0.014482390467911695,0.3181818181818182,1.0,37.75
1,BFGS_pert_results_f1_100_10,AIC,0.012556353161031536,0.45454545454545453,1.0,31.84090909090909
2,BFGS_pert_results_f1_100_10,BIC,0.012556353161031536,0.45454545454545453,1.0,31.84090909090909
3,BFGS_pert_results_f1_100_10,AICc,0.012556353161031536,0.45454545454545453,1.0,31.84090909090909
4,BFGS_pert_results_f1_100_10,MDL,0.01099392027660615,0.5454545454545454,1.0,30.477272727272727
5,BFGS_pert_results_f1_100_10,Err_in,0.01115443143166696,0.5454545454545454,0.0,35.75
