,dataset,criteria,avg_test_error,precision_at_k,ground_truth_hit,avg_size
0,BFGS_orig_results_f5_100_3,MSE_train_opt,9.150523510827582e-05,0.0,0.0,53.114285714285714
1,BFGS_orig_results_f5_100_3,AIC,2.784105124669727e-05,0.2857142857142857,1.0,32.08571428571429
2,BFGS_orig_results_f5_100_3,BIC,2.6015871904623863e-05,0.2857142857142857,1.0,31.571428571428573
3,BFGS_orig_results_f5_100_3,AICc,2.6015871904623866e-05,0.2857142857142857,1.0,31.571428571428573
4,BFGS_orig_results_f5_100_3,MDL,1.65249089456385e-05,0.4,1.0,30.542857142857144
5,BFGS_orig_results_f5_100_3,Err_in,9.150523510827582e-05,0.0,0.0,53.114285714285714
