,dataset,criteria,avg_test_error,precision_at_k,ground_truth_hit,avg_size
0,BFGS_orig_results_f3_100_1,MSE_train_opt,1.9274549179527816e-06,0.0,0.0,47.51851851851852
1,BFGS_orig_results_f3_100_1,AIC,6.904382215861447e-07,0.18518518518518517,1.0,25.62962962962963
2,BFGS_orig_results_f3_100_1,BIC,6.904382215861447e-07,0.18518518518518517,1.0,25.62962962962963
3,BFGS_orig_results_f3_100_1,AICc,6.904382215861447e-07,0.18518518518518517,1.0,25.62962962962963
4,BFGS_orig_results_f3_100_1,MDL,6.056931506024743e-07,0.2962962962962963,1.0,25.555555555555557
5,BFGS_orig_results_f3_100_1,Err_in,1.93113184200808e-06,0.0,0.0,45.074074074074076
