,dataset,criteria,avg_test_error,precision_at_k,ground_truth_hit,avg_size
0,BFGS_orig_results_f4_100_2,MSE_train_opt,0.002332603416367313,0.8705882352941177,0.0,47.141176470588235
1,BFGS_orig_results_f4_100_2,AIC,0.0023278090451770493,0.8705882352941177,1.0,42.65882352941176
2,BFGS_orig_results_f4_100_2,BIC,0.0023278090451770493,0.8705882352941177,1.0,42.65882352941176
3,BFGS_orig_results_f4_100_2,AICc,0.0023278090451770493,0.8705882352941177,1.0,42.65882352941176
4,BFGS_orig_results_f4_100_2,MDL,0.002327819240749055,0.8705882352941177,1.0,42.56470588235294
5,BFGS_orig_results_f4_100_2,Err_in,0.002332603416367313,0.8705882352941177,0.0,47.141176470588235
