,dataset,criteria,avg_test_error,precision_at_k,ground_truth_hit,avg_size
0,BFGS_cluster_results_f5_100_3,MSE_train_opt,1.437734411253003,0.9166666666666666,1.0,47.214285714285715
1,BFGS_cluster_results_f5_100_3,AIC,1.4377344112530033,0.9166666666666666,1.0,47.214285714285715
2,BFGS_cluster_results_f5_100_3,BIC,1.4377344112530033,0.9166666666666666,1.0,47.214285714285715
3,BFGS_cluster_results_f5_100_3,AICc,1.437734411253003,0.9166666666666666,1.0,47.214285714285715
4,BFGS_cluster_results_f5_100_3,MDL,1.4377344112530033,0.9166666666666666,1.0,47.214285714285715
5,BFGS_cluster_results_f5_100_3,Err_in,0.6718759650143663,0.9285714285714286,1.0,46.76190476190476
