,dataset,criteria,avg_test_error,precision_at_k,ground_truth_hit,avg_size
0,BFGS_orig_results_f1_100_10,MSE_train_opt,0.020484882752613412,0.0,0.0,38.76470588235294
1,BFGS_orig_results_f1_100_10,AIC,0.015073317530560388,0.17647058823529413,1.0,31.647058823529413
2,BFGS_orig_results_f1_100_10,BIC,0.0137988885619039,0.17647058823529413,1.0,30.941176470588236
3,BFGS_orig_results_f1_100_10,AICc,0.01439672905878749,0.17647058823529413,1.0,31.41176470588235
4,BFGS_orig_results_f1_100_10,MDL,0.010429165113371865,0.23529411764705882,1.0,29.705882352941178
5,BFGS_orig_results_f1_100_10,Err_in,0.012403219108943,0.35294117647058826,0.0,43.23529411764706
