,dataset,criteria,avg_test_error,precision_at_k,ground_truth_hit,avg_size
0,BFGS_cluster_results_f2_100_2,MSE_train_opt,5.4369897763841526e-05,0.7692307692307693,0.0,43.64102564102564
1,BFGS_cluster_results_f2_100_2,AIC,2.939518391877472e-05,0.8974358974358975,1.0,30.67948717948718
2,BFGS_cluster_results_f2_100_2,BIC,2.7624225490757097e-05,0.9102564102564102,1.0,30.435897435897434
3,BFGS_cluster_results_f2_100_2,AICc,2.939518391877472e-05,0.8974358974358975,1.0,30.67948717948718
4,BFGS_cluster_results_f2_100_2,MDL,2.724884736938624e-05,0.9102564102564102,1.0,30.53846153846154
5,BFGS_cluster_results_f2_100_2,Err_in,2.2980645578764255e-05,0.9615384615384616,1.0,33.01282051282051
