,dataset,criteria,avg_test_error,precision_at_k,ground_truth_hit,avg_size
0,BFGS_cluster_results_f4_100_2,MSE_train_opt,0.0015713953219909584,0.027777777777777776,0.0,66.16666666666667
1,BFGS_cluster_results_f4_100_2,AIC,0.0008321238931888918,0.4722222222222222,1.0,31.916666666666668
2,BFGS_cluster_results_f4_100_2,BIC,0.0007762061802924446,0.5,1.0,30.944444444444443
3,BFGS_cluster_results_f4_100_2,AICc,0.0008328670879069028,0.4722222222222222,1.0,31.916666666666668
4,BFGS_cluster_results_f4_100_2,MDL,0.0005733567910669251,0.6944444444444444,1.0,30.02777777777778
5,BFGS_cluster_results_f4_100_2,Err_in,0.000730636502076536,0.6111111111111112,1.0,41.30555555555556
