,dataset,criteria,avg_test_error,precision_at_k,ground_truth_hit,avg_size
0,BFGS_orig_results_f5_100_3,MSE_train_opt,8.561146578590012e-05,0.09523809523809523,0.0,52.214285714285715
1,BFGS_orig_results_f5_100_3,AIC,2.4937559482950537e-05,0.42857142857142855,1.0,32.54761904761905
2,BFGS_orig_results_f5_100_3,BIC,2.4937559482950537e-05,0.42857142857142855,1.0,32.54761904761905
3,BFGS_orig_results_f5_100_3,AICc,2.4937559482950537e-05,0.42857142857142855,1.0,32.54761904761905
4,BFGS_orig_results_f5_100_3,MDL,1.4882289330866493e-05,0.5476190476190477,1.0,31.595238095238095
5,BFGS_orig_results_f5_100_3,Err_in,8.561146578590012e-05,0.09523809523809523,0.0,52.214285714285715
