,dataset,criteria,avg_test_error,precision_at_k,ground_truth_hit,avg_size
0,BFGS_cluster_results_f6_100_2,MSE_train_opt,0.25124133515068187,0.9014084507042254,1.0,54.15492957746479
1,BFGS_cluster_results_f6_100_2,AIC,0.25124133515068187,0.9014084507042254,1.0,54.15492957746479
2,BFGS_cluster_results_f6_100_2,BIC,0.2512413351506818,0.9014084507042254,1.0,54.15492957746479
3,BFGS_cluster_results_f6_100_2,AICc,0.2512413351506818,0.9014084507042254,1.0,54.15492957746479
4,BFGS_cluster_results_f6_100_2,MDL,0.25396442785729045,0.9014084507042254,1.0,52.87323943661972
5,BFGS_cluster_results_f6_100_2,Err_in,0.2633878069195837,0.9014084507042254,1.0,53.070422535211264
