,dataset,criteria,avg_test_error,precision_at_k,ground_truth_hit,avg_size
0,BFGS_cluster_results_f3_100_1,MSE_train_opt,0.00017506927472880579,0.0,0.0,84.14285714285714
1,BFGS_cluster_results_f3_100_1,AIC,1.5346456292418517e-05,0.14285714285714285,1.0,23.0
2,BFGS_cluster_results_f3_100_1,BIC,1.5346456292418517e-05,0.14285714285714285,1.0,23.0
3,BFGS_cluster_results_f3_100_1,AICc,1.5346456292418517e-05,0.14285714285714285,1.0,23.0
4,BFGS_cluster_results_f3_100_1,MDL,1.2351461656217726e-05,0.2857142857142857,1.0,22.428571428571427
5,BFGS_cluster_results_f3_100_1,Err_in,1.959566695342089e-05,0.2857142857142857,0.0,31.285714285714285
