,dataset,criteria,avg_test_error,precision_at_k,ground_truth_hit,avg_size
0,BFGS_cluster_results_f4_100_2,MSE_train_opt,0.0015214305631199342,0.02857142857142857,0.0,65.71428571428571
1,BFGS_cluster_results_f4_100_2,AIC,0.0008401774412565029,0.4857142857142857,1.0,31.942857142857143
2,BFGS_cluster_results_f4_100_2,BIC,0.0007847073311857831,0.4857142857142857,1.0,30.914285714285715
3,BFGS_cluster_results_f4_100_2,AICc,0.0008401774412565028,0.4857142857142857,1.0,31.942857142857143
4,BFGS_cluster_results_f4_100_2,MDL,0.0005797639154502457,0.6857142857142857,1.0,29.97142857142857
5,BFGS_cluster_results_f4_100_2,Err_in,0.0007371400862443285,0.5714285714285714,1.0,41.65714285714286
