,dataset,criteria,avg_test_error,precision_at_k,ground_truth_hit,avg_size
0,BFGS_cluster_results_f6_100_2,MSE_train_opt,0.2408267849098103,0.8461538461538461,1.0,52.93846153846154
1,BFGS_cluster_results_f6_100_2,AIC,0.24082678490981033,0.8461538461538461,1.0,52.93846153846154
2,BFGS_cluster_results_f6_100_2,BIC,0.2488920451366731,0.8307692307692308,1.0,52.49230769230769
3,BFGS_cluster_results_f6_100_2,AICc,0.24082678490981027,0.8461538461538461,1.0,52.93846153846154
4,BFGS_cluster_results_f6_100_2,MDL,0.26505110544522814,0.8153846153846154,1.0,49.49230769230769
5,BFGS_cluster_results_f6_100_2,Err_in,0.2700099213930067,0.8307692307692308,1.0,51.92307692307692
