,dataset,criteria,avg_test_error,precision_at_k,ground_truth_hit,avg_size
0,BFGS_orig_results_f3_100_1,MSE_train_opt,7.99023685250546e-07,0.684931506849315,0.0,46.986301369863014
1,BFGS_orig_results_f3_100_1,AIC,6.560257301244451e-07,0.726027397260274,1.0,34.602739726027394
2,BFGS_orig_results_f3_100_1,BIC,5.172279717549737e-07,0.7397260273972602,1.0,34.56164383561644
3,BFGS_orig_results_f3_100_1,AICc,6.560257301244451e-07,0.726027397260274,1.0,34.602739726027394
4,BFGS_orig_results_f3_100_1,MDL,6.131165218410655e-07,0.7397260273972602,1.0,34.534246575342465
5,BFGS_orig_results_f3_100_1,Err_in,7.971603408707381e-07,0.684931506849315,0.0,46.49315068493151
