,dataset,criteria,avg_test_error,precision_at_k,ground_truth_hit,avg_size
0,BFGS_orig_results_f4_100_2,MSE_train_opt,0.004600031454954417,0.047619047619047616,0.0,45.476190476190474
1,BFGS_orig_results_f4_100_2,AIC,0.0004990397395682434,0.35714285714285715,1.0,34.666666666666664
2,BFGS_orig_results_f4_100_2,BIC,0.00020233524173776402,0.35714285714285715,1.0,34.19047619047619
3,BFGS_orig_results_f4_100_2,AICc,0.0004990397395682434,0.35714285714285715,1.0,34.666666666666664
4,BFGS_orig_results_f4_100_2,MDL,0.004312715897356845,0.42857142857142855,1.0,33.5
5,BFGS_orig_results_f4_100_2,Err_in,0.004600031454954417,0.047619047619047616,0.0,45.476190476190474
