,dataset,criteria,avg_test_error,precision_at_k,ground_truth_hit,avg_size
0,BFGS_pert_results_f5_100_3,MSE_train_opt,0.02875648142025838,0.5263157894736842,0.0,49.78947368421053
1,BFGS_pert_results_f5_100_3,AIC,0.028756427483333548,0.5263157894736842,1.0,44.0
2,BFGS_pert_results_f5_100_3,BIC,0.028756427483333548,0.5263157894736842,1.0,44.0
3,BFGS_pert_results_f5_100_3,AICc,0.028756427483333548,0.5263157894736842,1.0,44.0
4,BFGS_pert_results_f5_100_3,MDL,0.026983565975779958,0.5263157894736842,1.0,38.94736842105263
5,BFGS_pert_results_f5_100_3,Err_in,7.504756001511577,0.05263157894736842,0.0,56.421052631578945
