,dataset,criteria,avg_test_error,precision_at_k,ground_truth_hit,avg_size
0,BFGS_orig_results_f5_100_3,MSE_train_opt,8.971424085867228e-05,0.0,0.0,52.611111111111114
1,BFGS_orig_results_f5_100_3,AIC,2.8412112805948202e-05,0.3055555555555556,1.0,32.361111111111114
2,BFGS_orig_results_f5_100_3,BIC,2.5710821389739966e-05,0.3055555555555556,1.0,31.61111111111111
3,BFGS_orig_results_f5_100_3,AICc,2.571082138973997e-05,0.3055555555555556,1.0,31.61111111111111
4,BFGS_orig_results_f5_100_3,MDL,1.7313930028864195e-05,0.4166666666666667,1.0,30.72222222222222
5,BFGS_orig_results_f5_100_3,Err_in,8.971424085867228e-05,0.0,0.0,52.611111111111114
