,dataset,criteria,avg_test_error,precision_at_k,ground_truth_hit,avg_size
0,BFGS_orig_results_f5_100_3,MSE_train_opt,5.264549726985615e-05,0.7333333333333333,0.0,45.653333333333336
1,BFGS_orig_results_f5_100_3,AIC,4.0791400017236975e-05,0.8,1.0,37.946666666666665
2,BFGS_orig_results_f5_100_3,BIC,4.0791400017236975e-05,0.8,1.0,37.946666666666665
3,BFGS_orig_results_f5_100_3,AICc,4.079140001723698e-05,0.8,1.0,37.946666666666665
4,BFGS_orig_results_f5_100_3,MDL,3.364243212003593e-05,0.8133333333333334,1.0,37.64
5,BFGS_orig_results_f5_100_3,Err_in,5.264549726985615e-05,0.7333333333333333,0.0,45.653333333333336
