,dataset,criteria,avg_test_error,precision_at_k,ground_truth_hit,avg_size
0,BFGS_pert_results_f7_100_2,MSE_train_opt,0.008785109550785809,0.0,0.0,36.642857142857146
1,BFGS_pert_results_f7_100_2,AIC,0.008438271053694915,0.0,1.0,23.214285714285715
2,BFGS_pert_results_f7_100_2,BIC,0.008438271053694915,0.0,1.0,23.214285714285715
3,BFGS_pert_results_f7_100_2,AICc,0.008438271053694915,0.0,1.0,23.214285714285715
4,BFGS_pert_results_f7_100_2,MDL,0.00834515893283992,0.0,1.0,22.857142857142858
5,BFGS_pert_results_f7_100_2,Err_in,0.00846996322124655,0.14285714285714285,0.0,26.428571428571427
