,dataset,criteria,avg_test_error,precision_at_k,ground_truth_hit,avg_size
0,BFGS_cluster_results_f1_100_10,MSE_train_opt,0.056049629304043586,0.0,0.0,62.23529411764706
1,BFGS_cluster_results_f1_100_10,AIC,0.03460188859936198,0.058823529411764705,1.0,37.11764705882353
2,BFGS_cluster_results_f1_100_10,BIC,0.021884182317038117,0.058823529411764705,1.0,33.11764705882353
3,BFGS_cluster_results_f1_100_10,AICc,0.03382225695082294,0.058823529411764705,1.0,36.8235294117647
4,BFGS_cluster_results_f1_100_10,MDL,0.014875787002499904,0.5294117647058824,1.0,29.764705882352942
5,BFGS_cluster_results_f1_100_10,Err_in,0.014945038983582518,0.5882352941176471,1.0,30.88235294117647
