,dataset,criteria,avg_test_error,precision_at_k,ground_truth_hit,avg_size
0,BFGS_cluster_results_f7_100_2,MSE_train_opt,0.010070397921322447,0.19230769230769232,0.0,34.76923076923077
1,BFGS_cluster_results_f7_100_2,AIC,0.00901313304250802,0.2692307692307692,1.0,23.53846153846154
2,BFGS_cluster_results_f7_100_2,BIC,0.00901313304250802,0.2692307692307692,1.0,23.53846153846154
3,BFGS_cluster_results_f7_100_2,AICc,0.00901313304250802,0.2692307692307692,1.0,23.53846153846154
4,BFGS_cluster_results_f7_100_2,MDL,0.008382891263611265,0.3076923076923077,1.0,22.884615384615383
5,BFGS_cluster_results_f7_100_2,Err_in,0.008716887729153504,0.3076923076923077,0.0,29.76923076923077
