,dataset,criteria,avg_test_error,precision_at_k,ground_truth_hit,avg_size
0,BFGS_orig_results_f3_100_1,MSE_train_opt,3.2851616160572717e-06,0.0,0.0,47.5
1,BFGS_orig_results_f3_100_1,AIC,5.813702773653307e-07,0.14285714285714285,1.0,24.928571428571427
2,BFGS_orig_results_f3_100_1,BIC,5.813702773653307e-07,0.14285714285714285,1.0,24.928571428571427
3,BFGS_orig_results_f3_100_1,AICc,5.813702773653307e-07,0.14285714285714285,1.0,24.928571428571427
4,BFGS_orig_results_f3_100_1,MDL,3.6406189319672407e-07,0.14285714285714285,1.0,24.0
5,BFGS_orig_results_f3_100_1,Err_in,3.2851616160572717e-06,0.0,0.0,47.5
