,dataset,criteria,avg_test_error,precision_at_k,ground_truth_hit,avg_size
0,BFGS_orig_results_f7_100_2,MSE_train_opt,0.008473097717433866,0.10714285714285714,0.0,33.142857142857146
1,BFGS_orig_results_f7_100_2,AIC,0.008426781572382002,0.10714285714285714,1.0,24.107142857142858
2,BFGS_orig_results_f7_100_2,BIC,0.008426781572382002,0.10714285714285714,1.0,24.107142857142858
3,BFGS_orig_results_f7_100_2,AICc,0.008426781572382002,0.10714285714285714,1.0,24.107142857142858
4,BFGS_orig_results_f7_100_2,MDL,0.008426777483352108,0.14285714285714285,1.0,23.428571428571427
5,BFGS_orig_results_f7_100_2,Err_in,0.008305945836264003,0.25,0.0,31.142857142857142
