,dataset,criteria,avg_test_error,precision_at_k,ground_truth_hit,avg_size
0,BFGS_pert_results_f5_100_3,MSE_train_opt,0.044191258186995805,0.41304347826086957,0.0,45.04347826086956
1,BFGS_pert_results_f5_100_3,AIC,0.044203330043327674,0.5434782608695652,1.0,37.04347826086956
2,BFGS_pert_results_f5_100_3,BIC,0.04418957632229959,0.5652173913043478,1.0,36.97826086956522
3,BFGS_pert_results_f5_100_3,AICc,0.044203330043327674,0.5434782608695652,1.0,37.04347826086956
4,BFGS_pert_results_f5_100_3,MDL,0.043454126026638125,0.6086956521739131,1.0,34.67391304347826
5,BFGS_pert_results_f5_100_3,Err_in,3.1273271052686624,0.43478260869565216,1.0,49.5
