,dataset,criteria,avg_test_error,precision_at_k,ground_truth_hit,avg_size
0,BFGS_cluster_results_f2_100_2,MSE_train_opt,4.9914581270471545e-05,0.9090909090909091,1.0,41.54545454545455
1,BFGS_cluster_results_f2_100_2,AIC,3.5475519128355634e-05,0.9659090909090909,1.0,35.10227272727273
2,BFGS_cluster_results_f2_100_2,BIC,3.429832687225702e-05,0.9659090909090909,1.0,34.96590909090909
3,BFGS_cluster_results_f2_100_2,AICc,3.4298326872257013e-05,0.9659090909090909,1.0,34.96590909090909
4,BFGS_cluster_results_f2_100_2,MDL,3.429832687225702e-05,0.9659090909090909,1.0,34.96590909090909
5,BFGS_cluster_results_f2_100_2,Err_in,3.4967897530265494e-05,0.9545454545454546,1.0,36.52272727272727
