,dataset,criteria,avg_test_error,precision_at_k,ground_truth_hit,avg_size
0,BFGS_cluster_results_f3_100_1,MSE_train_opt,6.824600581711583e-05,0.6666666666666666,0.0,47.68055555555556
1,BFGS_cluster_results_f3_100_1,AIC,3.8781927441091156e-05,0.875,1.0,32.56944444444444
2,BFGS_cluster_results_f3_100_1,BIC,3.878192744109116e-05,0.875,1.0,32.56944444444444
3,BFGS_cluster_results_f3_100_1,AICc,3.878192744109116e-05,0.875,1.0,32.56944444444444
4,BFGS_cluster_results_f3_100_1,MDL,3.241883230084831e-05,0.9166666666666666,1.0,32.31944444444444
5,BFGS_cluster_results_f3_100_1,Err_in,3.772032573675753e-05,0.8472222222222222,1.0,36.27777777777778
