,dataset,criteria,avg_test_error,precision_at_k,ground_truth_hit,avg_size
0,BFGS_pert_results_f3_100_1,MSE_train_opt,2.182556731478713e-06,0.0,0.0,66.5
1,BFGS_pert_results_f3_100_1,AIC,8.822595887118637e-07,0.16666666666666666,0.0,25.0
2,BFGS_pert_results_f3_100_1,BIC,8.822595887118637e-07,0.16666666666666666,0.0,25.0
3,BFGS_pert_results_f3_100_1,AICc,8.822595887118637e-07,0.16666666666666666,0.0,25.0
4,BFGS_pert_results_f3_100_1,MDL,8.822595887118635e-07,0.16666666666666666,0.0,25.0
5,BFGS_pert_results_f3_100_1,Err_in,0.00250111546008205,0.16666666666666666,1.0,46.166666666666664
