,dataset,criteria,avg_test_error,precision_at_k,ground_truth_hit,avg_size
0,BFGS_pert_results_f4_100_2,MSE_train_opt,0.5050122231689754,0.7446808510638298,0.0,48.08510638297872
1,BFGS_pert_results_f4_100_2,AIC,0.505304164558876,0.6808510638297872,1.0,44.191489361702125
2,BFGS_pert_results_f4_100_2,BIC,0.01506319374090296,0.6808510638297872,1.0,42.12765957446808
3,BFGS_pert_results_f4_100_2,AICc,0.5052542744501812,0.6595744680851063,1.0,42.59574468085106
4,BFGS_pert_results_f4_100_2,MDL,0.5063864195067201,0.5531914893617021,1.0,35.0
5,BFGS_pert_results_f4_100_2,Err_in,0.020751801396088447,0.574468085106383,0.0,49.53191489361702
