,dataset,criteria,avg_test_error,precision_at_k,ground_truth_hit,avg_size
0,BFGS_pert_results_f1_100_10,MSE_train_opt,0.022918227210612232,0.0,0.0,41.111111111111114
1,BFGS_pert_results_f1_100_10,AIC,0.017626030386229553,0.1111111111111111,1.0,31.88888888888889
2,BFGS_pert_results_f1_100_10,BIC,0.016347131882872658,0.1111111111111111,1.0,31.11111111111111
3,BFGS_pert_results_f1_100_10,AICc,0.016347131882872658,0.1111111111111111,1.0,31.11111111111111
4,BFGS_pert_results_f1_100_10,MDL,0.0104296750700887,0.1111111111111111,1.0,29.11111111111111
5,BFGS_pert_results_f1_100_10,Err_in,0.010313137752286768,0.3333333333333333,0.0,33.333333333333336
