,dataset,criteria,avg_test_error,precision_at_k,ground_truth_hit,avg_size
0,BFGS_orig_results_f4_100_2,MSE_train_opt,0.002678565135724803,0.7027027027027027,0.0,47.17567567567568
1,BFGS_orig_results_f4_100_2,AIC,0.0026681125353009774,0.7567567567567568,1.0,39.21621621621622
2,BFGS_orig_results_f4_100_2,BIC,0.0026681125353009774,0.7567567567567568,1.0,39.21621621621622
3,BFGS_orig_results_f4_100_2,AICc,0.0026681125353009774,0.7567567567567568,1.0,39.21621621621622
4,BFGS_orig_results_f4_100_2,MDL,0.0026430761783170402,0.7837837837837838,1.0,39.310810810810814
5,BFGS_orig_results_f4_100_2,Err_in,0.002678565135724803,0.7027027027027027,0.0,47.17567567567568
