,dataset,criteria,avg_test_error,precision_at_k,ground_truth_hit,avg_size
0,BFGS_cluster_results_f5_100_3,MSE_train_opt,0.07503021442290264,0.9148936170212766,1.0,46.51063829787234
1,BFGS_cluster_results_f5_100_3,AIC,0.07503021442290264,0.9148936170212766,1.0,46.51063829787234
2,BFGS_cluster_results_f5_100_3,BIC,0.07503021442290264,0.9148936170212766,1.0,46.51063829787234
3,BFGS_cluster_results_f5_100_3,AICc,0.07503021442290264,0.9148936170212766,1.0,46.51063829787234
4,BFGS_cluster_results_f5_100_3,MDL,0.00883544639277354,0.9361702127659575,1.0,42.276595744680854
5,BFGS_cluster_results_f5_100_3,Err_in,0.011104363681374031,0.8723404255319149,1.0,40.170212765957444
