,dataset,criteria,avg_test_error,precision_at_k,ground_truth_hit,avg_size
0,BFGS_orig_results_f5_100_3,MSE_train_opt,0.00010618129699797516,0.0,0.0,57.4
1,BFGS_orig_results_f5_100_3,AIC,3.716059514528252e-05,0.06666666666666667,1.0,30.8
2,BFGS_orig_results_f5_100_3,BIC,2.779874560299286e-05,0.06666666666666667,1.0,30.266666666666666
3,BFGS_orig_results_f5_100_3,AICc,3.716059514528252e-05,0.06666666666666667,1.0,30.8
4,BFGS_orig_results_f5_100_3,MDL,1.7072928298685885e-05,0.2,1.0,28.533333333333335
5,BFGS_orig_results_f5_100_3,Err_in,0.00010618129699797516,0.0,0.0,57.4
