,dataset,criteria,avg_test_error,precision_at_k,ground_truth_hit,avg_size
0,BFGS_cluster_results_f5_100_3,MSE_train_opt,0.019890350284097046,0.0,0.0,61.333333333333336
1,BFGS_cluster_results_f5_100_3,AIC,0.016870330991940505,0.2222222222222222,1.0,36.22222222222222
2,BFGS_cluster_results_f5_100_3,BIC,0.001648249188669778,0.3333333333333333,1.0,32.0
3,BFGS_cluster_results_f5_100_3,AICc,0.016221263350238435,0.2222222222222222,1.0,32.666666666666664
4,BFGS_cluster_results_f5_100_3,MDL,0.0013185545768809555,0.1111111111111111,1.0,28.88888888888889
5,BFGS_cluster_results_f5_100_3,Err_in,0.019870381252850157,0.1111111111111111,1.0,39.55555555555556
