,dataset,criteria,avg_test_error,precision_at_k,ground_truth_hit,avg_size
0,BFGS_orig_results_f2_100_2,MSE_train_opt,1.7478483438718352e-05,0.0,0.0,36.935483870967744
1,BFGS_orig_results_f2_100_2,AIC,4.188449350512676e-06,0.2903225806451613,1.0,24.70967741935484
2,BFGS_orig_results_f2_100_2,BIC,4.188449350512676e-06,0.2903225806451613,1.0,24.70967741935484
3,BFGS_orig_results_f2_100_2,AICc,4.188449350512676e-06,0.2903225806451613,1.0,24.70967741935484
4,BFGS_orig_results_f2_100_2,MDL,7.303245312232021e-06,0.3225806451612903,1.0,24.64516129032258
5,BFGS_orig_results_f2_100_2,Err_in,1.7478483438718352e-05,0.0,0.0,36.935483870967744
