,dataset,criteria,avg_test_error,precision_at_k,ground_truth_hit,avg_size
0,BFGS_cluster_results_f2_100_2,MSE_train_opt,9.96574323202279e-05,0.0,0.0,59.80555555555556
1,BFGS_cluster_results_f2_100_2,AIC,2.219489100720594e-05,0.5,1.0,25.694444444444443
2,BFGS_cluster_results_f2_100_2,BIC,1.9564183374107854e-05,0.5277777777777778,1.0,25.083333333333332
3,BFGS_cluster_results_f2_100_2,AICc,2.219489100720594e-05,0.5,1.0,25.694444444444443
4,BFGS_cluster_results_f2_100_2,MDL,1.919006370209335e-05,0.5833333333333334,1.0,24.583333333333332
5,BFGS_cluster_results_f2_100_2,Err_in,1.516259040183744e-05,0.6944444444444444,0.0,27.083333333333332
