,dataset,criteria,avg_test_error,precision_at_k,ground_truth_hit,avg_size
0,BFGS_cluster_results_f2_100_2,MSE_train_opt,5.7055294201774984e-05,0.684931506849315,0.0,44.64383561643836
1,BFGS_cluster_results_f2_100_2,AIC,2.8772768607212888e-05,0.8767123287671232,1.0,29.71232876712329
2,BFGS_cluster_results_f2_100_2,BIC,2.2631400884359817e-05,0.8904109589041096,1.0,29.383561643835616
3,BFGS_cluster_results_f2_100_2,AICc,2.6880511781861387e-05,0.8904109589041096,1.0,29.52054794520548
4,BFGS_cluster_results_f2_100_2,MDL,2.0953296293565537e-05,0.9315068493150684,1.0,29.232876712328768
5,BFGS_cluster_results_f2_100_2,Err_in,2.2649262664813907e-05,0.9178082191780822,1.0,31.71232876712329
