,dataset,criteria,avg_test_error,precision_at_k,ground_truth_hit,avg_size
0,BFGS_orig_results_f7_100_2,MSE_train_opt,0.008453713088650852,0.15151515151515152,0.0,32.93939393939394
1,BFGS_orig_results_f7_100_2,AIC,0.008414414369021534,0.24242424242424243,1.0,24.21212121212121
2,BFGS_orig_results_f7_100_2,BIC,0.008414414369021534,0.24242424242424243,1.0,24.21212121212121
3,BFGS_orig_results_f7_100_2,AICc,0.008414414369021534,0.24242424242424243,1.0,24.21212121212121
4,BFGS_orig_results_f7_100_2,MDL,0.008414410754916772,0.24242424242424243,1.0,23.636363636363637
5,BFGS_orig_results_f7_100_2,Err_in,0.008065291293195996,0.36363636363636365,0.0,31.272727272727273
