,dataset,criteria,avg_test_error,precision_at_k,ground_truth_hit,avg_size
0,BFGS_orig_results_f7_100_2,MSE_train_opt,0.008395613040609588,0.8028169014084507,1.0,30.887323943661972
1,BFGS_orig_results_f7_100_2,AIC,0.008420249496711236,0.7887323943661971,1.0,25.901408450704224
2,BFGS_orig_results_f7_100_2,BIC,0.008420249496711236,0.7887323943661971,1.0,25.901408450704224
3,BFGS_orig_results_f7_100_2,AICc,0.008420249496711236,0.7887323943661971,1.0,25.901408450704224
4,BFGS_orig_results_f7_100_2,MDL,0.00839564629173387,0.8028169014084507,1.0,25.816901408450704
5,BFGS_orig_results_f7_100_2,Err_in,0.008215331766463673,0.7887323943661971,1.0,30.338028169014084
