,dataset,criteria,avg_test_error,precision_at_k,ground_truth_hit,avg_size
0,BFGS_orig_results_f2_100_2,MSE_train_opt,9.46651683704104e-06,0.8292682926829268,0.0,39.68292682926829
1,BFGS_orig_results_f2_100_2,AIC,8.263238212597658e-06,0.8536585365853658,1.0,33.353658536585364
2,BFGS_orig_results_f2_100_2,BIC,8.263238212597658e-06,0.8536585365853658,1.0,33.353658536585364
3,BFGS_orig_results_f2_100_2,AICc,8.263238212597658e-06,0.8536585365853658,1.0,33.353658536585364
4,BFGS_orig_results_f2_100_2,MDL,7.499293901313145e-06,0.8658536585365854,1.0,33.68292682926829
5,BFGS_orig_results_f2_100_2,Err_in,9.46651683704104e-06,0.8292682926829268,0.0,39.68292682926829
