,dataset,criteria,avg_test_error,precision_at_k,ground_truth_hit,avg_size
0,BFGS_cluster_results_f5_100_3,MSE_train_opt,0.08306030603570123,0.9365079365079365,1.0,47.682539682539684
1,BFGS_cluster_results_f5_100_3,AIC,0.08306030603570123,0.9365079365079365,1.0,47.682539682539684
2,BFGS_cluster_results_f5_100_3,BIC,0.08306030603570123,0.9365079365079365,1.0,47.682539682539684
3,BFGS_cluster_results_f5_100_3,AICc,0.08306030603570123,0.9365079365079365,1.0,47.682539682539684
4,BFGS_cluster_results_f5_100_3,MDL,0.08169103259637124,0.9365079365079365,1.0,47.46031746031746
5,BFGS_cluster_results_f5_100_3,Err_in,0.08412620235974598,0.9523809523809523,1.0,46.04761904761905
