,dataset,criteria,avg_test_error,precision_at_k,ground_truth_hit,avg_size
0,BFGS_cluster_results_f2_100_2,MSE_train_opt,6.448777881473733e-05,0.46774193548387094,0.0,47.83870967741935
1,BFGS_cluster_results_f2_100_2,AIC,2.7694371638164557e-05,0.8225806451612904,1.0,28.419354838709676
2,BFGS_cluster_results_f2_100_2,BIC,2.121839170878014e-05,0.8548387096774194,1.0,27.532258064516128
3,BFGS_cluster_results_f2_100_2,AICc,2.2105476842101126e-05,0.8387096774193549,1.0,27.725806451612904
4,BFGS_cluster_results_f2_100_2,MDL,1.899100351767941e-05,0.8870967741935484,1.0,27.112903225806452
5,BFGS_cluster_results_f2_100_2,Err_in,1.8494811865018717e-05,0.9193548387096774,1.0,28.177419354838708
