,dataset,criteria,avg_test_error,precision_at_k,ground_truth_hit,avg_size
0,BFGS_orig_results_f1_100_10,MSE_train_opt,0.016999371584015235,0.07142857142857142,0.0,38.32142857142857
1,BFGS_orig_results_f1_100_10,AIC,0.014276076795158615,0.17857142857142858,1.0,32.57142857142857
2,BFGS_orig_results_f1_100_10,BIC,0.013772800247371025,0.17857142857142858,1.0,32.57142857142857
3,BFGS_orig_results_f1_100_10,AICc,0.014276076795158615,0.17857142857142858,1.0,32.57142857142857
4,BFGS_orig_results_f1_100_10,MDL,0.011268315114000463,0.25,1.0,30.035714285714285
5,BFGS_orig_results_f1_100_10,Err_in,0.011648583787870015,0.4642857142857143,0.0,38.642857142857146
