,dataset,criteria,avg_test_error,precision_at_k,ground_truth_hit,avg_size
0,BFGS_cluster_results_f3_100_1,MSE_train_opt,0.00010757821682695589,0.0,0.0,58.292682926829265
1,BFGS_cluster_results_f3_100_1,AIC,1.799551466932414e-05,0.5853658536585366,1.0,27.365853658536587
2,BFGS_cluster_results_f3_100_1,BIC,1.714608547326746e-05,0.5853658536585366,1.0,27.170731707317074
3,BFGS_cluster_results_f3_100_1,AICc,1.714608547326746e-05,0.5853658536585366,1.0,27.170731707317074
4,BFGS_cluster_results_f3_100_1,MDL,1.2865376171226792e-05,0.6829268292682927,1.0,26.414634146341463
5,BFGS_cluster_results_f3_100_1,Err_in,1.1970598696256854e-05,0.8780487804878049,1.0,29.78048780487805
