,dataset,criteria,avg_test_error,precision_at_k,ground_truth_hit,avg_size
0,BFGS_cluster_results_f1_100_10,MSE_train_opt,0.05905103224824597,0.0,0.0,60.94736842105263
1,BFGS_cluster_results_f1_100_10,AIC,0.03247888462263834,0.10526315789473684,1.0,37.1578947368421
2,BFGS_cluster_results_f1_100_10,BIC,0.023705694777624797,0.10526315789473684,1.0,33.73684210526316
3,BFGS_cluster_results_f1_100_10,AICc,0.031465836460767116,0.10526315789473684,1.0,36.63157894736842
4,BFGS_cluster_results_f1_100_10,MDL,0.01440756466147689,0.5789473684210527,1.0,29.736842105263158
5,BFGS_cluster_results_f1_100_10,Err_in,0.01446951469718598,0.5789473684210527,1.0,30.842105263157894
