,dataset,criteria,avg_test_error,precision_at_k,ground_truth_hit,avg_size
0,BFGS_cluster_results_f5_100_3,MSE_train_opt,1.412766443092379,0.9302325581395349,1.0,47.22093023255814
1,BFGS_cluster_results_f5_100_3,AIC,1.4141295752140772,0.9302325581395349,1.0,46.69767441860465
2,BFGS_cluster_results_f5_100_3,BIC,1.4141295752140772,0.9302325581395349,1.0,46.69767441860465
3,BFGS_cluster_results_f5_100_3,AICc,1.4141295752140772,0.9302325581395349,1.0,46.69767441860465
4,BFGS_cluster_results_f5_100_3,MDL,1.4141295752140772,0.9302325581395349,1.0,46.69767441860465
5,BFGS_cluster_results_f5_100_3,Err_in,1.256877098413529,0.9302325581395349,1.0,47.55813953488372
