,dataset,criteria,avg_test_error,precision_at_k,ground_truth_hit,avg_size
0,BFGS_cluster_results_f6_100_2,MSE_train_opt,0.2602632631324817,0.7818181818181819,1.0,52.96363636363636
1,BFGS_cluster_results_f6_100_2,AIC,0.26031744757907466,0.7818181818181819,1.0,51.29090909090909
2,BFGS_cluster_results_f6_100_2,BIC,0.2692153302206038,0.7636363636363637,1.0,48.872727272727275
3,BFGS_cluster_results_f6_100_2,AICc,0.2605611301595101,0.7818181818181819,1.0,49.89090909090909
4,BFGS_cluster_results_f6_100_2,MDL,0.26560207372630934,0.7818181818181819,1.0,44.85454545454545
5,BFGS_cluster_results_f6_100_2,Err_in,0.2894471320306085,0.7454545454545455,1.0,50.018181818181816
