,dataset,criteria,avg_test_error,precision_at_k,ground_truth_hit,avg_size
0,BFGS_pert_results_f5_100_3,MSE_train_opt,0.03991248172456235,0.3333333333333333,0.0,46.666666666666664
1,BFGS_pert_results_f5_100_3,AIC,0.039929314642248734,0.45454545454545453,1.0,38.24242424242424
2,BFGS_pert_results_f5_100_3,BIC,0.039929314642248734,0.45454545454545453,1.0,38.24242424242424
3,BFGS_pert_results_f5_100_3,AICc,0.039929314642248734,0.45454545454545453,1.0,38.24242424242424
4,BFGS_pert_results_f5_100_3,MDL,0.03889171220210843,0.48484848484848486,1.0,35.18181818181818
5,BFGS_pert_results_f5_100_3,Err_in,4.339279124312263,0.2727272727272727,0.0,51.63636363636363
