,dataset,criteria,avg_test_error,precision_at_k,ground_truth_hit,avg_size
0,BFGS_cluster_results_f4_100_2,MSE_train_opt,0.0020097484700765922,0.0,0.0,66.07692307692308
1,BFGS_cluster_results_f4_100_2,AIC,0.001189402632493323,0.07692307692307693,1.0,34.15384615384615
2,BFGS_cluster_results_f4_100_2,BIC,0.0005955598869838385,0.3076923076923077,1.0,28.153846153846153
3,BFGS_cluster_results_f4_100_2,AICc,0.001144059507494446,0.07692307692307693,1.0,33.69230769230769
4,BFGS_cluster_results_f4_100_2,MDL,0.0005609325509568307,0.15384615384615385,1.0,28.076923076923077
5,BFGS_cluster_results_f4_100_2,Err_in,0.0010938951142136079,0.23076923076923078,0.0,51.46153846153846
