,dataset,criteria,avg_test_error,precision_at_k,ground_truth_hit,avg_size
0,BFGS_orig_results_f4_100_2,MSE_train_opt,0.0036690810956214914,0.3148148148148148,0.0,46.166666666666664
1,BFGS_orig_results_f4_100_2,AIC,0.00360971726461261,0.5370370370370371,1.0,35.851851851851855
2,BFGS_orig_results_f4_100_2,BIC,0.0033861399043493704,0.5555555555555556,1.0,35.7962962962963
3,BFGS_orig_results_f4_100_2,AICc,0.0036097172646126106,0.5370370370370371,1.0,35.851851851851855
4,BFGS_orig_results_f4_100_2,MDL,0.0033746854029297825,0.5925925925925926,1.0,35.351851851851855
5,BFGS_orig_results_f4_100_2,Err_in,0.0036690810956214914,0.3148148148148148,0.0,46.166666666666664
