,dataset,criteria,avg_test_error,precision_at_k,ground_truth_hit,avg_size
0,BFGS_pert_results_f6_100_2,MSE_train_opt,0.3761875259917534,1.0,0.0,50.91428571428571
1,BFGS_pert_results_f6_100_2,AIC,0.37637022994255526,0.9714285714285714,0.0,48.82857142857143
2,BFGS_pert_results_f6_100_2,BIC,0.37689157131327256,0.9428571428571428,0.0,47.31428571428572
3,BFGS_pert_results_f6_100_2,AICc,0.37637022994255526,0.9714285714285714,0.0,48.82857142857143
4,BFGS_pert_results_f6_100_2,MDL,0.3768863953785539,0.9428571428571428,0.0,46.885714285714286
5,BFGS_pert_results_f6_100_2,Err_in,0.8746573093038423,0.5142857142857142,1.0,48.371428571428574
