,dataset,criteria,avg_test_error,precision_at_k,ground_truth_hit,avg_size
0,BFGS_cluster_results_f5_100_3,MSE_train_opt,0.0873892204171787,0.85,1.0,47.075
1,BFGS_cluster_results_f5_100_3,AIC,0.005611097837258673,0.875,1.0,43.275
2,BFGS_cluster_results_f5_100_3,BIC,0.005799030487097631,0.875,1.0,39.275
3,BFGS_cluster_results_f5_100_3,AICc,0.00559721890443375,0.875,1.0,41.05
4,BFGS_cluster_results_f5_100_3,MDL,0.0057934665405709905,0.825,1.0,37.725
5,BFGS_cluster_results_f5_100_3,Err_in,0.007938330575392052,0.75,1.0,38.2
