,dataset,criteria,avg_test_error,precision_at_k,ground_truth_hit,avg_size
0,BFGS_pert_results_f3_100_1,MSE_train_opt,1.2164443827248141e-06,0.4166666666666667,0.0,50.833333333333336
1,BFGS_pert_results_f3_100_1,AIC,4.564648641703657e-07,0.6666666666666666,0.0,31.833333333333332
2,BFGS_pert_results_f3_100_1,BIC,4.564648641703657e-07,0.6666666666666666,0.0,31.833333333333332
3,BFGS_pert_results_f3_100_1,AICc,4.564648641703657e-07,0.6666666666666666,0.0,31.833333333333332
4,BFGS_pert_results_f3_100_1,MDL,0.0002524585222871498,0.5,0.0,28.0
5,BFGS_pert_results_f3_100_1,Err_in,0.0021161895080393602,0.16666666666666666,1.0,42.666666666666664
