,dataset,criteria,avg_test_error,precision_at_k,ground_truth_hit,avg_size
0,BFGS_cluster_results_f3_100_1,MSE_train_opt,9.258795105396194e-05,0.13725490196078433,0.0,54.31372549019608
1,BFGS_cluster_results_f3_100_1,AIC,2.02531550393234e-05,0.7254901960784313,1.0,28.294117647058822
2,BFGS_cluster_results_f3_100_1,BIC,2.02531550393234e-05,0.7254901960784313,1.0,28.294117647058822
3,BFGS_cluster_results_f3_100_1,AICc,2.0253155039323404e-05,0.7254901960784313,1.0,28.294117647058822
4,BFGS_cluster_results_f3_100_1,MDL,1.2648340863657517e-05,0.8431372549019608,1.0,27.725490196078432
5,BFGS_cluster_results_f3_100_1,Err_in,1.5012561237964131e-05,0.8627450980392157,1.0,30.098039215686274
