,dataset,criteria,avg_test_error,precision_at_k,ground_truth_hit,avg_size
0,BFGS_orig_results_f4_100_2,MSE_train_opt,0.003416068101064153,0.39655172413793105,0.0,45.89655172413793
1,BFGS_orig_results_f4_100_2,AIC,0.0033801116240324684,0.5689655172413793,1.0,36.39655172413793
2,BFGS_orig_results_f4_100_2,BIC,0.00336122454361568,0.5689655172413793,1.0,36.293103448275865
3,BFGS_orig_results_f4_100_2,AICc,0.0033612245436156806,0.5689655172413793,1.0,36.293103448275865
4,BFGS_orig_results_f4_100_2,MDL,0.0031510712951295203,0.6206896551724138,1.0,36.10344827586207
5,BFGS_orig_results_f4_100_2,Err_in,0.003416068101064153,0.39655172413793105,0.0,45.89655172413793
