,dataset,criteria,avg_test_error,precision_at_k,ground_truth_hit,avg_size
0,BFGS_cluster_results_f6_100_2,MSE_train_opt,0.3325363647466165,0.9397590361445783,1.0,51.9277108433735
1,BFGS_cluster_results_f6_100_2,AIC,0.3325363647466165,0.9397590361445783,1.0,51.9277108433735
2,BFGS_cluster_results_f6_100_2,BIC,0.33253636474661646,0.9397590361445783,1.0,51.9277108433735
3,BFGS_cluster_results_f6_100_2,AICc,0.3325363647466166,0.9397590361445783,1.0,51.9277108433735
4,BFGS_cluster_results_f6_100_2,MDL,0.33781503879428204,0.9397590361445783,1.0,51.80722891566265
5,BFGS_cluster_results_f6_100_2,Err_in,0.3293474291048422,0.9518072289156626,1.0,52.144578313253014
