,dataset,criteria,avg_test_error,precision_at_k,ground_truth_hit,avg_size
0,BFGS_pert_results_f1_100_10,MSE_train_opt,0.01769998688597172,0.041666666666666664,0.0,38.041666666666664
1,BFGS_pert_results_f1_100_10,AIC,0.01418773657420623,0.125,1.0,32.458333333333336
2,BFGS_pert_results_f1_100_10,BIC,0.014187736574206232,0.125,1.0,32.458333333333336
3,BFGS_pert_results_f1_100_10,AICc,0.014187736574206232,0.125,1.0,32.458333333333336
4,BFGS_pert_results_f1_100_10,MDL,0.010428697662350057,0.2916666666666667,1.0,29.666666666666668
5,BFGS_pert_results_f1_100_10,Err_in,0.01068183389914497,0.4166666666666667,0.0,37.166666666666664
