,dataset,criteria,avg_test_error,precision_at_k,ground_truth_hit,avg_size
0,BFGS_cluster_results_f1_100_10,MSE_train_opt,0.026721949760103704,0.9090909090909091,1.0,42.94318181818182
1,BFGS_cluster_results_f1_100_10,AIC,0.0234129708315815,0.9318181818181818,1.0,39.48863636363637
2,BFGS_cluster_results_f1_100_10,BIC,0.023326642922758,0.9318181818181818,1.0,39.47727272727273
3,BFGS_cluster_results_f1_100_10,AICc,0.0234129708315815,0.9318181818181818,1.0,39.48863636363637
4,BFGS_cluster_results_f1_100_10,MDL,0.02207366698930098,0.9431818181818182,1.0,39.14772727272727
5,BFGS_cluster_results_f1_100_10,Err_in,0.0201928784136801,0.9659090909090909,1.0,41.125
