,dataset,criteria,avg_test_error,precision_at_k,ground_truth_hit,avg_size
0,BFGS_orig_results_f7_100_2,MSE_train_opt,0.00840800513226749,0.6842105263157895,1.0,30.50877192982456
1,BFGS_orig_results_f7_100_2,AIC,0.008438907697386956,0.6140350877192983,1.0,25.263157894736842
2,BFGS_orig_results_f7_100_2,BIC,0.008438907697386956,0.6140350877192983,1.0,25.263157894736842
3,BFGS_orig_results_f7_100_2,AICc,0.008438907697386956,0.6140350877192983,1.0,25.263157894736842
4,BFGS_orig_results_f7_100_2,MDL,0.008385162910400609,0.6666666666666666,1.0,24.842105263157894
5,BFGS_orig_results_f7_100_2,Err_in,0.008183133920448497,0.6666666666666666,1.0,30.789473684210527
