,dataset,criteria,avg_test_error,precision_at_k,ground_truth_hit,avg_size
0,BFGS_orig_results_f1_100_10,MSE_train_opt,0.022554226358981577,0.0,0.0,39.53846153846154
1,BFGS_orig_results_f1_100_10,AIC,0.015388234850682924,0.15384615384615385,1.0,31.307692307692307
2,BFGS_orig_results_f1_100_10,BIC,0.014561308803795293,0.15384615384615385,1.0,30.76923076923077
3,BFGS_orig_results_f1_100_10,AICc,0.015388234850682924,0.15384615384615385,1.0,31.307692307692307
4,BFGS_orig_results_f1_100_10,MDL,0.010383290303364684,0.23076923076923078,1.0,29.384615384615383
5,BFGS_orig_results_f1_100_10,Err_in,0.013003766800642042,0.23076923076923078,0.0,46.53846153846154
