,dataset,criteria,avg_test_error,precision_at_k,ground_truth_hit,avg_size
0,BFGS_orig_results_f6_100_2,MSE_train_opt,0.0005485819130889689,0.7407407407407407,0.0,52.333333333333336
1,BFGS_orig_results_f6_100_2,AIC,0.0006061507726956018,0.5370370370370371,1.0,32.870370370370374
2,BFGS_orig_results_f6_100_2,BIC,0.0006061507726956019,0.5370370370370371,1.0,32.870370370370374
3,BFGS_orig_results_f6_100_2,AICc,0.0006061507726956019,0.5370370370370371,1.0,32.870370370370374
4,BFGS_orig_results_f6_100_2,MDL,0.0005724407800690723,0.5740740740740741,1.0,32.592592592592595
5,BFGS_orig_results_f6_100_2,Err_in,0.0005485819130889689,0.7407407407407407,0.0,52.333333333333336
