,dataset,criteria,avg_test_error,precision_at_k,ground_truth_hit,avg_size
0,BFGS_cluster_results_f7_100_2,MSE_train_opt,0.00914616181287996,0.5714285714285714,1.0,30.928571428571427
1,BFGS_cluster_results_f7_100_2,AIC,0.008707689787244583,0.6785714285714286,1.0,24.25
2,BFGS_cluster_results_f7_100_2,BIC,0.008673041635983505,0.6964285714285714,1.0,24.303571428571427
3,BFGS_cluster_results_f7_100_2,AICc,0.008673041635983505,0.6964285714285714,1.0,24.303571428571427
4,BFGS_cluster_results_f7_100_2,MDL,0.008697699547922407,0.6964285714285714,1.0,24.089285714285715
5,BFGS_cluster_results_f7_100_2,Err_in,0.008549406942658324,0.625,0.0,27.839285714285715
