,dataset,criteria,avg_test_error,precision_at_k,ground_truth_hit,avg_size
0,BFGS_pert_results_f3_100_1,MSE_train_opt,8.586681225320849e-07,0.8823529411764706,0.0,50.588235294117645
1,BFGS_pert_results_f3_100_1,AIC,3.2743654381465647e-07,0.9411764705882353,0.0,43.8235294117647
2,BFGS_pert_results_f3_100_1,BIC,3.2743654381465647e-07,0.9411764705882353,0.0,43.8235294117647
3,BFGS_pert_results_f3_100_1,AICc,3.2743654381465647e-07,0.9411764705882353,0.0,43.8235294117647
4,BFGS_pert_results_f3_100_1,MDL,0.000643005530912428,0.5882352941176471,1.0,28.764705882352942
5,BFGS_pert_results_f3_100_1,Err_in,0.0019655273084945722,0.11764705882352941,1.0,44.529411764705884
