,dataset,criteria,avg_test_error,precision_at_k,ground_truth_hit,avg_size
0,BFGS_cluster_results_f6_100_2,MSE_train_opt,0.27195325999125014,0.75,1.0,53.23076923076923
1,BFGS_cluster_results_f6_100_2,AIC,0.2720502241795555,0.75,1.0,48.40384615384615
2,BFGS_cluster_results_f6_100_2,BIC,0.2664533181546214,0.7692307692307693,1.0,48.17307692307692
3,BFGS_cluster_results_f6_100_2,AICc,0.2664533181546215,0.7692307692307693,1.0,48.17307692307692
4,BFGS_cluster_results_f6_100_2,MDL,0.27194270936753745,0.7692307692307693,1.0,42.42307692307692
5,BFGS_cluster_results_f6_100_2,Err_in,0.30434602258039845,0.6730769230769231,1.0,49.96153846153846
