,dataset,criteria,avg_test_error,precision_at_k,ground_truth_hit,avg_size
0,BFGS_pert_results_f6_100_2,MSE_train_opt,0.31537008112569614,0.9583333333333334,0.0,49.875
1,BFGS_pert_results_f6_100_2,AIC,0.31570546060169874,0.875,0.0,46.25
2,BFGS_pert_results_f6_100_2,BIC,0.31570546060169874,0.875,0.0,46.25
3,BFGS_pert_results_f6_100_2,AICc,0.31570546060169874,0.875,0.0,46.25
4,BFGS_pert_results_f6_100_2,MDL,0.3171081286887974,0.8333333333333334,0.0,44.291666666666664
5,BFGS_pert_results_f6_100_2,Err_in,0.8791123965285746,0.4583333333333333,1.0,49.708333333333336
