,dataset,criteria,avg_test_error,precision_at_k,ground_truth_hit,avg_size
0,BFGS_cluster_results_f1_100_10,MSE_train_opt,0.04056765341502877,0.0,0.0,52.86046511627907
1,BFGS_cluster_results_f1_100_10,AIC,0.02258415100591639,0.5581395348837209,1.0,35.06976744186046
2,BFGS_cluster_results_f1_100_10,BIC,0.018576553877170488,0.6511627906976745,1.0,32.906976744186046
3,BFGS_cluster_results_f1_100_10,AICc,0.02143507236377965,0.6511627906976745,1.0,34.25581395348837
4,BFGS_cluster_results_f1_100_10,MDL,0.013745005344712749,0.7906976744186046,1.0,31.441860465116278
5,BFGS_cluster_results_f1_100_10,Err_in,0.013822640568313135,0.8372093023255814,1.0,32.44186046511628
