,dataset,criteria,avg_test_error,precision_at_k,ground_truth_hit,avg_size
0,BFGS_pert_results_f7_100_2,MSE_train_opt,0.008473477981650518,0.4791666666666667,1.0,30.854166666666668
1,BFGS_pert_results_f7_100_2,AIC,0.008456485721255062,0.5416666666666666,1.0,24.854166666666668
2,BFGS_pert_results_f7_100_2,BIC,0.008456485721255062,0.5416666666666666,1.0,24.854166666666668
3,BFGS_pert_results_f7_100_2,AICc,0.008456485721255062,0.5416666666666666,1.0,24.854166666666668
4,BFGS_pert_results_f7_100_2,MDL,0.008392767271789668,0.5625,1.0,24.416666666666668
5,BFGS_pert_results_f7_100_2,Err_in,0.008381441020399097,0.5208333333333334,0.0,27.854166666666668
