,dataset,criteria,avg_test_error,precision_at_k,ground_truth_hit,avg_size
0,BFGS_pert_results_f2_100_2,MSE_train_opt,0.011550447374543837,0.9285714285714286,0.0,45.285714285714285
1,BFGS_pert_results_f2_100_2,AIC,0.01155044737454384,0.9285714285714286,0.0,45.285714285714285
2,BFGS_pert_results_f2_100_2,BIC,0.01155044737454384,0.9285714285714286,0.0,45.285714285714285
3,BFGS_pert_results_f2_100_2,AICc,0.01155044737454384,0.9285714285714286,0.0,45.285714285714285
4,BFGS_pert_results_f2_100_2,MDL,0.011750336722813106,0.8571428571428571,0.0,38.857142857142854
5,BFGS_pert_results_f2_100_2,Err_in,0.013996692120475955,0.39285714285714285,0.0,42.32142857142857
