,dataset,criteria,avg_test_error,precision_at_k,ground_truth_hit,avg_size
0,BFGS_orig_results_f6_100_2,MSE_train_opt,0.0006514145493474875,0.1875,0.0,59.5
1,BFGS_orig_results_f6_100_2,AIC,0.0006340141828207692,0.1875,1.0,29.5625
2,BFGS_orig_results_f6_100_2,BIC,0.0006340141828207692,0.1875,1.0,29.5625
3,BFGS_orig_results_f6_100_2,AICc,0.0006340141828207692,0.1875,1.0,29.5625
4,BFGS_orig_results_f6_100_2,MDL,0.0005854295041748679,0.125,1.0,28.875
5,BFGS_orig_results_f6_100_2,Err_in,0.0006514145493474875,0.1875,0.0,59.5
