,dataset,criteria,avg_test_error,precision_at_k,ground_truth_hit,avg_size
0,BFGS_cluster_results_f5_100_3,MSE_train_opt,0.012641525366694962,0.2,0.0,57.733333333333334
1,BFGS_cluster_results_f5_100_3,AIC,0.010617429424752408,0.4,1.0,35.86666666666667
2,BFGS_cluster_results_f5_100_3,BIC,0.0015225800236253007,0.4,1.0,31.733333333333334
3,BFGS_cluster_results_f5_100_3,AICc,0.010300786069087,0.4,1.0,34.0
4,BFGS_cluster_results_f5_100_3,MDL,0.0012334825547035066,0.4,1.0,30.066666666666666
5,BFGS_cluster_results_f5_100_3,Err_in,0.012917154388335588,0.3333333333333333,1.0,36.6
