,dataset,criteria,avg_test_error,precision_at_k,ground_truth_hit,avg_size
0,BFGS_cluster_results_f1_100_10,MSE_train_opt,0.043633816932379804,0.0,0.0,54.3421052631579
1,BFGS_cluster_results_f1_100_10,AIC,0.024183702721691486,0.42105263157894735,1.0,35.68421052631579
2,BFGS_cluster_results_f1_100_10,BIC,0.01789094050109653,0.6578947368421053,1.0,32.73684210526316
3,BFGS_cluster_results_f1_100_10,AICc,0.022883423243004714,0.5263157894736842,1.0,34.76315789473684
4,BFGS_cluster_results_f1_100_10,MDL,0.012832481622395623,0.7631578947368421,1.0,31.07894736842105
5,BFGS_cluster_results_f1_100_10,Err_in,0.014118486520249881,0.8157894736842105,1.0,32.3421052631579
