,dataset,criteria,avg_test_error,precision_at_k,ground_truth_hit,avg_size
0,BFGS_orig_results_f7_100_2,MSE_train_opt,0.008396333322492391,0.8142857142857143,1.0,30.728571428571428
1,BFGS_orig_results_f7_100_2,AIC,0.008421322302789977,0.7714285714285715,1.0,25.885714285714286
2,BFGS_orig_results_f7_100_2,BIC,0.008421322302789977,0.7714285714285715,1.0,25.885714285714286
3,BFGS_orig_results_f7_100_2,AICc,0.008421322302789977,0.7714285714285715,1.0,25.885714285714286
4,BFGS_orig_results_f7_100_2,MDL,0.008396367454394612,0.8,1.0,25.728571428571428
5,BFGS_orig_results_f7_100_2,Err_in,0.008213477084974507,0.7857142857142857,1.0,30.442857142857143
