,dataset,criteria,avg_test_error,precision_at_k,ground_truth_hit,avg_size
0,BFGS_orig_results_f5_100_3,MSE_train_opt,5.001011217504805e-05,0.7974683544303798,0.0,46.924050632911396
1,BFGS_orig_results_f5_100_3,AIC,4.1763666819190895e-05,0.8227848101265823,1.0,39.32911392405063
2,BFGS_orig_results_f5_100_3,BIC,4.1763666819190895e-05,0.8227848101265823,1.0,39.32911392405063
3,BFGS_orig_results_f5_100_3,AICc,4.1763666819190895e-05,0.8227848101265823,1.0,39.32911392405063
4,BFGS_orig_results_f5_100_3,MDL,3.255167914174085e-05,0.8607594936708861,1.0,39.037974683544306
5,BFGS_orig_results_f5_100_3,Err_in,5.001011217504805e-05,0.7974683544303798,0.0,46.924050632911396
