,dataset,criteria,avg_test_error,precision_at_k,ground_truth_hit,avg_size
0,BFGS_cluster_results_f3_100_1,MSE_train_opt,7.46259571070329e-05,0.5230769230769231,0.0,49.784615384615385
1,BFGS_cluster_results_f3_100_1,AIC,2.6380753586410777e-05,0.8615384615384616,1.0,31.138461538461538
2,BFGS_cluster_results_f3_100_1,BIC,2.4051124853881547e-05,0.8769230769230769,1.0,30.76923076923077
3,BFGS_cluster_results_f3_100_1,AICc,2.4643859767115986e-05,0.8615384615384616,1.0,30.93846153846154
4,BFGS_cluster_results_f3_100_1,MDL,3.0834576586848406e-05,0.8923076923076924,1.0,30.692307692307693
5,BFGS_cluster_results_f3_100_1,Err_in,2.1136583712483434e-05,0.8615384615384616,1.0,34.184615384615384
