,dataset,criteria,avg_test_error,precision_at_k,ground_truth_hit,avg_size
0,BFGS_pert_results_f6_100_2,MSE_train_opt,0.5770241260169299,0.9787234042553191,1.0,48.340425531914896
1,BFGS_pert_results_f6_100_2,AIC,0.5770241260169299,0.9787234042553191,1.0,48.340425531914896
2,BFGS_pert_results_f6_100_2,BIC,0.5770241260169299,0.9787234042553191,1.0,48.340425531914896
3,BFGS_pert_results_f6_100_2,AICc,0.5770241260169299,0.9787234042553191,1.0,48.340425531914896
4,BFGS_pert_results_f6_100_2,MDL,0.5778057435305699,0.9787234042553191,1.0,47.276595744680854
5,BFGS_pert_results_f6_100_2,Err_in,1.0242000265106324,0.5957446808510638,1.0,46.191489361702125
