,dataset,criteria,avg_test_error,precision_at_k,ground_truth_hit,avg_size
0,BFGS_cluster_results_f4_100_2,MSE_train_opt,0.0017512340644794521,0.0,0.0,68.21739130434783
1,BFGS_cluster_results_f4_100_2,AIC,0.0009338883442444523,0.34782608695652173,1.0,32.69565217391305
2,BFGS_cluster_results_f4_100_2,BIC,0.0007294394560756695,0.391304347826087,1.0,29.608695652173914
3,BFGS_cluster_results_f4_100_2,AICc,0.000865340724565613,0.34782608695652173,1.0,31.391304347826086
4,BFGS_cluster_results_f4_100_2,MDL,0.0005328175430052653,0.4782608695652174,1.0,28.695652173913043
5,BFGS_cluster_results_f4_100_2,Err_in,0.000859295895056313,0.30434782608695654,1.0,45.34782608695652
