,dataset,criteria,avg_test_error,precision_at_k,ground_truth_hit,avg_size
0,BFGS_orig_results_f4_100_2,MSE_train_opt,0.024629742211414986,0.0,0.0,45.42857142857143
1,BFGS_orig_results_f4_100_2,AIC,0.0007834727277318992,0.14285714285714285,1.0,31.285714285714285
2,BFGS_orig_results_f4_100_2,BIC,0.0007801532897032783,0.2857142857142857,1.0,30.0
3,BFGS_orig_results_f4_100_2,AICc,0.0007834727277318992,0.14285714285714285,1.0,31.285714285714285
4,BFGS_orig_results_f4_100_2,MDL,9.456712315797723e-06,0.2857142857142857,1.0,28.428571428571427
5,BFGS_orig_results_f4_100_2,Err_in,0.024629742211414986,0.0,0.0,45.42857142857143
