,dataset,criteria,avg_test_error,precision_at_k,ground_truth_hit,avg_size
0,BFGS_pert_results_f3_100_1,MSE_train_opt,0.0008184178146272253,0.9722222222222222,0.0,45.888888888888886
1,BFGS_pert_results_f3_100_1,AIC,0.0008212441056604476,0.9444444444444444,1.0,43.638888888888886
2,BFGS_pert_results_f3_100_1,BIC,0.0008446027452990282,0.8888888888888888,1.0,42.416666666666664
3,BFGS_pert_results_f3_100_1,AICc,0.0008290939011375115,0.9166666666666666,1.0,42.77777777777778
4,BFGS_pert_results_f3_100_1,MDL,0.0015164668585686495,0.5555555555555556,1.0,28.055555555555557
5,BFGS_pert_results_f3_100_1,Err_in,0.0018942120169118566,0.5555555555555556,1.0,45.47222222222222
