,dataset,criteria,avg_test_error,precision_at_k,ground_truth_hit,avg_size
0,BFGS_cluster_results_f7_100_2,MSE_train_opt,0.009132109126878077,0.5614035087719298,1.0,30.82456140350877
1,BFGS_cluster_results_f7_100_2,AIC,0.008698393858586648,0.7017543859649122,1.0,24.350877192982455
2,BFGS_cluster_results_f7_100_2,BIC,0.008698393858586648,0.7017543859649122,1.0,24.350877192982455
3,BFGS_cluster_results_f7_100_2,AICc,0.008698393858586648,0.7017543859649122,1.0,24.350877192982455
4,BFGS_cluster_results_f7_100_2,MDL,0.008697686753665295,0.7017543859649122,1.0,24.157894736842106
5,BFGS_cluster_results_f7_100_2,Err_in,0.008545823586192974,0.6491228070175439,0.0,27.789473684210527
