,dataset,criteria,avg_test_error,precision_at_k,ground_truth_hit,avg_size
0,BFGS_pert_results_f6_100_2,MSE_train_opt,0.13194599782742572,1.0,0.0,53.666666666666664
1,BFGS_pert_results_f6_100_2,AIC,0.13194599782742572,1.0,0.0,53.666666666666664
2,BFGS_pert_results_f6_100_2,BIC,0.13194599782742572,1.0,0.0,53.666666666666664
3,BFGS_pert_results_f6_100_2,AICc,0.13194599782742572,1.0,0.0,53.666666666666664
4,BFGS_pert_results_f6_100_2,MDL,0.13194599782742572,1.0,0.0,53.666666666666664
5,BFGS_pert_results_f6_100_2,Err_in,0.8685243405840758,0.16666666666666666,1.0,47.666666666666664
