,dataset,criteria,avg_test_error,precision_at_k,ground_truth_hit,avg_size
0,BFGS_orig_results_f4_100_2,MSE_train_opt,0.0071061281880981115,0.0,0.0,45.851851851851855
1,BFGS_orig_results_f4_100_2,AIC,0.0007084817773201768,0.25925925925925924,1.0,33.148148148148145
2,BFGS_orig_results_f4_100_2,BIC,0.0002683654958045572,0.25925925925925924,1.0,32.7037037037037
3,BFGS_orig_results_f4_100_2,AICc,0.0002704338615813064,0.25925925925925924,1.0,32.74074074074074
4,BFGS_orig_results_f4_100_2,MDL,0.006068258646449233,0.37037037037037035,1.0,32.2962962962963
5,BFGS_orig_results_f4_100_2,Err_in,0.0071061281880981115,0.0,0.0,45.851851851851855
