,dataset,criteria,avg_test_error,precision_at_k,ground_truth_hit,avg_size
0,BFGS_cluster_results_f1_100_10,MSE_train_opt,0.026245319815475586,0.945054945054945,1.0,42.7032967032967
1,BFGS_cluster_results_f1_100_10,AIC,0.024533849372878815,0.945054945054945,1.0,41.0
2,BFGS_cluster_results_f1_100_10,BIC,0.024282616172794935,0.9560439560439561,1.0,40.27472527472528
3,BFGS_cluster_results_f1_100_10,AICc,0.024282616172794935,0.9560439560439561,1.0,40.27472527472528
4,BFGS_cluster_results_f1_100_10,MDL,0.023895687279265387,0.967032967032967,1.0,40.175824175824175
5,BFGS_cluster_results_f1_100_10,Err_in,0.022320324274175764,0.967032967032967,1.0,41.48351648351648
