,dataset,criteria,avg_test_error,precision_at_k,ground_truth_hit,avg_size
0,BFGS_pert_results_f1_100_10,MSE_train_opt,0.014576689036880417,0.3023255813953488,1.0,37.95348837209303
1,BFGS_pert_results_f1_100_10,AIC,0.012605861023234393,0.4418604651162791,1.0,31.88372093023256
2,BFGS_pert_results_f1_100_10,BIC,0.012605861023234393,0.4418604651162791,1.0,31.88372093023256
3,BFGS_pert_results_f1_100_10,AICc,0.012605861023234393,0.4418604651162791,1.0,31.88372093023256
4,BFGS_pert_results_f1_100_10,MDL,0.010977074520634443,0.5348837209302325,1.0,30.3953488372093
5,BFGS_pert_results_f1_100_10,Err_in,0.011171335779121893,0.5348837209302325,0.0,35.883720930232556
