,dataset,criteria,avg_test_error,precision_at_k,ground_truth_hit,avg_size
0,BFGS_orig_results_f5_100_3,MSE_train_opt,9.066460568105952e-05,0.0,0.0,52.432432432432435
1,BFGS_orig_results_f5_100_3,AIC,2.8050543631971322e-05,0.32432432432432434,1.0,32.37837837837838
2,BFGS_orig_results_f5_100_3,BIC,2.517314326555086e-05,0.32432432432432434,1.0,31.594594594594593
3,BFGS_orig_results_f5_100_3,AICc,2.5173143265550862e-05,0.32432432432432434,1.0,31.594594594594593
4,BFGS_orig_results_f5_100_3,MDL,1.6888254380485394e-05,0.43243243243243246,1.0,30.81081081081081
5,BFGS_orig_results_f5_100_3,Err_in,9.066460568105952e-05,0.0,0.0,52.432432432432435
