,dataset,criteria,avg_test_error,precision_at_k,ground_truth_hit,avg_size
0,BFGS_pert_results_f2_100_2,MSE_train_opt,0.012392449796115266,0.8421052631578947,0.0,44.44736842105263
1,BFGS_pert_results_f2_100_2,AIC,0.012391032204063734,0.8421052631578947,1.0,42.89473684210526
2,BFGS_pert_results_f2_100_2,BIC,0.012389581021678276,0.8421052631578947,1.0,42.68421052631579
3,BFGS_pert_results_f2_100_2,AICc,0.012389581021678276,0.8421052631578947,1.0,42.68421052631579
4,BFGS_pert_results_f2_100_2,MDL,0.012425838240421686,0.8157894736842105,1.0,40.63157894736842
5,BFGS_pert_results_f2_100_2,Err_in,0.0140833381346618,0.4473684210526316,0.0,41.28947368421053
