,dataset,criteria,avg_test_error,precision_at_k,ground_truth_hit,avg_size
0,BFGS_pert_results_f5_100_3,MSE_train_opt,0.03782416641148487,0.3448275862068966,0.0,46.93103448275862
1,BFGS_pert_results_f5_100_3,AIC,0.03782413104615265,0.41379310344827586,1.0,39.44827586206897
2,BFGS_pert_results_f5_100_3,BIC,0.03782413104615265,0.41379310344827586,1.0,39.44827586206897
3,BFGS_pert_results_f5_100_3,AICc,0.03782413104615265,0.41379310344827586,1.0,39.44827586206897
4,BFGS_pert_results_f5_100_3,MDL,0.0366626010842723,0.4827586206896552,1.0,35.724137931034484
5,BFGS_pert_results_f5_100_3,Err_in,4.930206897666578,0.27586206896551724,0.0,54.0
