,dataset,criteria,avg_test_error,precision_at_k,ground_truth_hit,avg_size
0,BFGS_orig_results_f3_100_1,MSE_train_opt,1.2224807289646927e-06,0.08888888888888889,0.0,44.91111111111111
1,BFGS_orig_results_f3_100_1,AIC,4.477922303127795e-07,0.37777777777777777,1.0,28.42222222222222
2,BFGS_orig_results_f3_100_1,BIC,4.477922303127795e-07,0.37777777777777777,1.0,28.42222222222222
3,BFGS_orig_results_f3_100_1,AICc,4.477922303127795e-07,0.37777777777777777,1.0,28.42222222222222
4,BFGS_orig_results_f3_100_1,MDL,4.3719345478678815e-07,0.4222222222222222,1.0,28.2
5,BFGS_orig_results_f3_100_1,Err_in,1.2238521654951363e-06,0.1111111111111111,0.0,43.13333333333333
