,dataset,criteria,avg_test_error,precision_at_k,ground_truth_hit,avg_size
0,BFGS_orig_results_f2_100_2,MSE_train_opt,1.7085060689329206e-05,0.0,0.0,40.44444444444444
1,BFGS_orig_results_f2_100_2,AIC,3.6292595273224853e-06,0.1111111111111111,1.0,23.666666666666668
2,BFGS_orig_results_f2_100_2,BIC,3.6292595273224853e-06,0.1111111111111111,1.0,23.666666666666668
3,BFGS_orig_results_f2_100_2,AICc,3.6292595273224853e-06,0.1111111111111111,1.0,23.666666666666668
4,BFGS_orig_results_f2_100_2,MDL,2.670564228043286e-06,0.3333333333333333,1.0,23.333333333333332
5,BFGS_orig_results_f2_100_2,Err_in,1.7085060689329206e-05,0.0,0.0,40.44444444444444
