,dataset,criteria,avg_test_error,precision_at_k,ground_truth_hit,avg_size
0,BFGS_cluster_results_f6_100_2,MSE_train_opt,0.4021061590631535,0.5483870967741935,1.0,50.83870967741935
1,BFGS_cluster_results_f6_100_2,AIC,0.4021061590631535,0.5483870967741935,1.0,50.83870967741935
2,BFGS_cluster_results_f6_100_2,BIC,0.4068875444255585,0.5161290322580645,1.0,46.064516129032256
3,BFGS_cluster_results_f6_100_2,AICc,0.40650932144402696,0.5161290322580645,1.0,48.38709677419355
4,BFGS_cluster_results_f6_100_2,MDL,0.41068854161773144,0.4838709677419355,1.0,35.12903225806452
5,BFGS_cluster_results_f6_100_2,Err_in,0.2475848031610113,0.5483870967741935,1.0,47.225806451612904
