,dataset,criteria,avg_test_error,precision_at_k,ground_truth_hit,avg_size
0,BFGS_pert_results_f5_100_3,MSE_train_opt,0.03720885918874588,0.35714285714285715,0.0,47.535714285714285
1,BFGS_pert_results_f5_100_3,AIC,0.03720882260661721,0.35714285714285715,1.0,39.67857142857143
2,BFGS_pert_results_f5_100_3,BIC,0.03720882260661721,0.35714285714285715,1.0,39.67857142857143
3,BFGS_pert_results_f5_100_3,AICc,0.03720882260661721,0.35714285714285715,1.0,39.67857142857143
4,BFGS_pert_results_f5_100_3,MDL,0.03600580942330405,0.4642857142857143,1.0,35.892857142857146
5,BFGS_pert_results_f5_100_3,Err_in,5.104319545177044,0.25,0.0,53.5
