,dataset,criteria,avg_test_error,precision_at_k,ground_truth_hit,avg_size
0,BFGS_pert_results_f1_100_10,MSE_train_opt,0.020156598766289207,0.0,0.0,38.76470588235294
1,BFGS_pert_results_f1_100_10,AIC,0.015073325553394187,0.17647058823529413,1.0,31.647058823529413
2,BFGS_pert_results_f1_100_10,BIC,0.013798893585409741,0.17647058823529413,1.0,30.941176470588236
3,BFGS_pert_results_f1_100_10,AICc,0.014396736942723047,0.17647058823529413,1.0,31.41176470588235
4,BFGS_pert_results_f1_100_10,MDL,0.010429164237491424,0.23529411764705882,1.0,29.705882352941178
5,BFGS_pert_results_f1_100_10,Err_in,0.010382966369296542,0.5294117647058824,0.0,36.1764705882353
