,dataset,criteria,avg_test_error,precision_at_k,ground_truth_hit,avg_size
0,BFGS_cluster_results_f7_100_2,MSE_train_opt,0.01038407813587054,0.09090909090909091,0.0,35.72727272727273
1,BFGS_cluster_results_f7_100_2,AIC,0.009134583094679068,0.22727272727272727,1.0,23.363636363636363
2,BFGS_cluster_results_f7_100_2,BIC,0.009134583094679068,0.22727272727272727,1.0,23.363636363636363
3,BFGS_cluster_results_f7_100_2,AICc,0.009134583094679068,0.22727272727272727,1.0,23.363636363636363
4,BFGS_cluster_results_f7_100_2,MDL,0.00834515780051336,0.22727272727272727,1.0,22.818181818181817
5,BFGS_cluster_results_f7_100_2,Err_in,0.008769386014093432,0.2727272727272727,0.0,29.045454545454547
