,dataset,criteria,avg_test_error,precision_at_k,ground_truth_hit,avg_size
0,BFGS_orig_results_f6_100_2,MSE_train_opt,0.0005467221355993352,0.6956521739130435,0.0,53.130434782608695
1,BFGS_orig_results_f6_100_2,AIC,0.0006503631504094884,0.391304347826087,1.0,31.91304347826087
2,BFGS_orig_results_f6_100_2,BIC,0.0006503631504094883,0.391304347826087,1.0,31.91304347826087
3,BFGS_orig_results_f6_100_2,AICc,0.0006503631504094883,0.391304347826087,1.0,31.91304347826087
4,BFGS_orig_results_f6_100_2,MDL,0.0005928352809512067,0.45652173913043476,1.0,31.67391304347826
5,BFGS_orig_results_f6_100_2,Err_in,0.0005467221355993352,0.6956521739130435,0.0,53.130434782608695
