,dataset,criteria,avg_test_error,precision_at_k,ground_truth_hit,avg_size
0,BFGS_pert_results_f1_100_10,MSE_train_opt,0.014223571232509485,0.40425531914893614,1.0,37.4468085106383
1,BFGS_pert_results_f1_100_10,AIC,0.012420475449636217,0.48936170212765956,1.0,31.70212765957447
2,BFGS_pert_results_f1_100_10,BIC,0.012420475449636217,0.48936170212765956,1.0,31.70212765957447
3,BFGS_pert_results_f1_100_10,AICc,0.012420475449636217,0.48936170212765956,1.0,31.70212765957447
4,BFGS_pert_results_f1_100_10,MDL,0.010966863254489657,0.574468085106383,1.0,30.595744680851062
5,BFGS_pert_results_f1_100_10,Err_in,0.01110803604241487,0.6170212765957447,0.0,35.53191489361702
