,dataset,criteria,avg_test_error,precision_at_k,ground_truth_hit,avg_size
0,BFGS_orig_results_f1_100_10,MSE_train_opt,0.015162963187738963,0.20512820512820512,1.0,38.94871794871795
1,BFGS_orig_results_f1_100_10,AIC,0.01320684953288204,0.3076923076923077,1.0,32.15384615384615
2,BFGS_orig_results_f1_100_10,BIC,0.012829270785437377,0.3333333333333333,1.0,32.1025641025641
3,BFGS_orig_results_f1_100_10,AICc,0.01320684953288204,0.3076923076923077,1.0,32.15384615384615
4,BFGS_orig_results_f1_100_10,MDL,0.01109337028763394,0.48717948717948717,1.0,30.23076923076923
5,BFGS_orig_results_f1_100_10,Err_in,0.011304189292408735,0.5384615384615384,1.0,36.43589743589744
