,dataset,criteria,avg_test_error,precision_at_k,ground_truth_hit,avg_size
0,BFGS_cluster_results_f7_100_2,MSE_train_opt,0.009057161373800499,0.6507936507936508,1.0,30.38095238095238
1,BFGS_cluster_results_f7_100_2,AIC,0.008821338419546921,0.746031746031746,1.0,25.015873015873016
2,BFGS_cluster_results_f7_100_2,BIC,0.00870843566934519,0.7619047619047619,1.0,24.92063492063492
3,BFGS_cluster_results_f7_100_2,AICc,0.00870843566934519,0.7619047619047619,1.0,24.92063492063492
4,BFGS_cluster_results_f7_100_2,MDL,0.008665082142995445,0.7777777777777778,1.0,24.634920634920636
5,BFGS_cluster_results_f7_100_2,Err_in,0.008526712578080332,0.746031746031746,0.0,27.61904761904762
