,dataset,criteria,avg_test_error,precision_at_k,ground_truth_hit,avg_size
0,BFGS_cluster_results_f7_100_2,MSE_train_opt,0.009557488464614992,0.35135135135135137,0.0,32.351351351351354
1,BFGS_cluster_results_f7_100_2,AIC,0.008814545916173346,0.40540540540540543,1.0,23.72972972972973
2,BFGS_cluster_results_f7_100_2,BIC,0.008814545916173346,0.40540540540540543,1.0,23.72972972972973
3,BFGS_cluster_results_f7_100_2,AICc,0.008814545916173346,0.40540540540540543,1.0,23.72972972972973
4,BFGS_cluster_results_f7_100_2,MDL,0.0084948680198161,0.4864864864864865,1.0,23.2972972972973
5,BFGS_cluster_results_f7_100_2,Err_in,0.008654291156995847,0.43243243243243246,0.0,28.89189189189189
