,dataset,criteria,avg_test_error,precision_at_k,ground_truth_hit,avg_size
0,BFGS_cluster_results_f6_100_2,MSE_train_opt,0.2965957199800387,0.6808510638297872,1.0,53.808510638297875
1,BFGS_cluster_results_f6_100_2,AIC,0.2898446533774136,0.7021276595744681,1.0,47.42553191489362
2,BFGS_cluster_results_f6_100_2,BIC,0.28164318042512476,0.723404255319149,1.0,45.702127659574465
3,BFGS_cluster_results_f6_100_2,AICc,0.2897519658422108,0.7021276595744681,1.0,47.170212765957444
4,BFGS_cluster_results_f6_100_2,MDL,0.2949472586415539,0.723404255319149,1.0,40.638297872340424
5,BFGS_cluster_results_f6_100_2,Err_in,0.3248744460463315,0.574468085106383,1.0,49.5531914893617
