,dataset,criteria,avg_test_error,precision_at_k,ground_truth_hit,avg_size
0,BFGS_orig_results_f3_100_1,MSE_train_opt,1.3809297202818451e-06,0.02564102564102564,0.0,45.333333333333336
1,BFGS_orig_results_f3_100_1,AIC,5.07143539919867e-07,0.358974358974359,1.0,27.512820512820515
2,BFGS_orig_results_f3_100_1,BIC,5.07143539919867e-07,0.358974358974359,1.0,27.512820512820515
3,BFGS_orig_results_f3_100_1,AICc,5.07143539919867e-07,0.358974358974359,1.0,27.512820512820515
4,BFGS_orig_results_f3_100_1,MDL,4.962877003571215e-07,0.38461538461538464,1.0,27.102564102564102
5,BFGS_orig_results_f3_100_1,Err_in,1.3785255572857214e-06,0.02564102564102564,0.0,42.97435897435897
