,dataset,criteria,avg_test_error,precision_at_k,ground_truth_hit,avg_size
0,BFGS_pert_results_f1_100_10,MSE_train_opt,0.01657971622141394,0.06896551724137931,0.0,38.13793103448276
1,BFGS_pert_results_f1_100_10,AIC,0.01365745444632186,0.20689655172413793,1.0,32.58620689655172
2,BFGS_pert_results_f1_100_10,BIC,0.013657454446321864,0.20689655172413793,1.0,32.58620689655172
3,BFGS_pert_results_f1_100_10,AICc,0.013657454446321864,0.20689655172413793,1.0,32.58620689655172
4,BFGS_pert_results_f1_100_10,MDL,0.010749750686003572,0.3793103448275862,1.0,29.896551724137932
5,BFGS_pert_results_f1_100_10,Err_in,0.010828305700111132,0.3793103448275862,0.0,36.6551724137931
