,dataset,criteria,avg_test_error,precision_at_k,ground_truth_hit,avg_size
0,BFGS_orig_results_f4_100_2,MSE_train_opt,0.015763230981551826,0.0,0.0,45.916666666666664
1,BFGS_orig_results_f4_100_2,AIC,0.0005414738638764828,0.25,1.0,31.583333333333332
2,BFGS_orig_results_f4_100_2,BIC,0.0005395878215530113,0.25,1.0,31.75
3,BFGS_orig_results_f4_100_2,AICc,0.0005414738638764828,0.25,1.0,31.583333333333332
4,BFGS_orig_results_f4_100_2,MDL,2.016602837929201e-05,0.3333333333333333,1.0,29.916666666666668
5,BFGS_orig_results_f4_100_2,Err_in,0.015763230981551826,0.0,0.0,45.916666666666664
