,dataset,criteria,avg_test_error,precision_at_k,ground_truth_hit,avg_size
0,BFGS_orig_results_f3_100_1,MSE_train_opt,2.21582414738892e-06,0.0,0.0,49.17391304347826
1,BFGS_orig_results_f3_100_1,AIC,4.059776589854524e-07,0.13043478260869565,1.0,25.347826086956523
2,BFGS_orig_results_f3_100_1,BIC,4.059776589854524e-07,0.13043478260869565,1.0,25.347826086956523
3,BFGS_orig_results_f3_100_1,AICc,4.059776589854524e-07,0.13043478260869565,1.0,25.347826086956523
4,BFGS_orig_results_f3_100_1,MDL,2.966842474066851e-07,0.30434782608695654,1.0,25.0
5,BFGS_orig_results_f3_100_1,Err_in,2.2279203724870783e-06,0.0,0.0,47.04347826086956
