,dataset,criteria,avg_test_error,precision_at_k,ground_truth_hit,avg_size
0,BFGS_cluster_results_f2_100_2,MSE_train_opt,5.200804297336251e-05,0.8433734939759037,0.0,42.55421686746988
1,BFGS_cluster_results_f2_100_2,AIC,3.075344266555281e-05,0.9397590361445783,1.0,32.506024096385545
2,BFGS_cluster_results_f2_100_2,BIC,2.950255721257688e-05,0.9518072289156626,1.0,32.28915662650602
3,BFGS_cluster_results_f2_100_2,AICc,2.950255721257688e-05,0.9518072289156626,1.0,32.28915662650602
4,BFGS_cluster_results_f2_100_2,MDL,2.9039308694428175e-05,0.9518072289156626,1.0,32.397590361445786
5,BFGS_cluster_results_f2_100_2,Err_in,2.630776797788546e-05,0.963855421686747,1.0,34.54216867469879
