,dataset,criteria,avg_test_error,precision_at_k,ground_truth_hit,avg_size
0,BFGS_orig_results_f6_100_2,MSE_train_opt,0.0005819891631804784,0.7846153846153846,0.0,49.215384615384615
1,BFGS_orig_results_f6_100_2,AIC,0.0006404715594245859,0.6615384615384615,1.0,34.76923076923077
2,BFGS_orig_results_f6_100_2,BIC,0.0006404715594245859,0.6615384615384615,1.0,34.76923076923077
3,BFGS_orig_results_f6_100_2,AICc,0.0006404715594245859,0.6615384615384615,1.0,34.76923076923077
4,BFGS_orig_results_f6_100_2,MDL,0.0006385105595651093,0.6615384615384615,1.0,34.44615384615385
5,BFGS_orig_results_f6_100_2,Err_in,0.0005819891631804784,0.7846153846153846,0.0,49.215384615384615
