,dataset,criteria,avg_test_error,precision_at_k,ground_truth_hit,avg_size
0,BFGS_cluster_results_f7_100_2,MSE_train_opt,0.01265489086780879,0.0,0.0,43.55555555555556
1,BFGS_cluster_results_f7_100_2,AIC,0.009647843431722343,0.1111111111111111,1.0,22.77777777777778
2,BFGS_cluster_results_f7_100_2,BIC,0.009647843431722343,0.1111111111111111,1.0,22.77777777777778
3,BFGS_cluster_results_f7_100_2,AICc,0.009647843431722343,0.1111111111111111,1.0,22.77777777777778
4,BFGS_cluster_results_f7_100_2,MDL,0.008345158232278624,0.0,1.0,22.0
5,BFGS_cluster_results_f7_100_2,Err_in,0.009400753297553112,0.1111111111111111,0.0,31.22222222222222
