,dataset,criteria,avg_test_error,precision_at_k,ground_truth_hit,avg_size
0,BFGS_cluster_results_f4_100_2,MSE_train_opt,0.001470615929810409,0.08695652173913043,0.0,61.45652173913044
1,BFGS_cluster_results_f4_100_2,AIC,0.0008138114947362631,0.6521739130434783,1.0,32.630434782608695
2,BFGS_cluster_results_f4_100_2,BIC,0.0007442372789890913,0.6956521739130435,1.0,32.02173913043478
3,BFGS_cluster_results_f4_100_2,AICc,0.0007690426869646371,0.6739130434782609,1.0,32.45652173913044
4,BFGS_cluster_results_f4_100_2,MDL,0.0005923877784830629,0.8260869565217391,1.0,30.956521739130434
5,BFGS_cluster_results_f4_100_2,Err_in,0.0006944327490407609,0.7608695652173914,1.0,39.130434782608695
