,dataset,criteria,avg_test_error,precision_at_k,ground_truth_hit,avg_size
0,BFGS_cluster_results_f5_100_3,MSE_train_opt,0.06907963554321493,0.9454545454545454,1.0,47.163636363636364
1,BFGS_cluster_results_f5_100_3,AIC,0.06907963554321495,0.9454545454545454,1.0,47.163636363636364
2,BFGS_cluster_results_f5_100_3,BIC,0.06907963554321492,0.9454545454545454,1.0,47.163636363636364
3,BFGS_cluster_results_f5_100_3,AICc,0.06907963554321493,0.9454545454545454,1.0,47.163636363636364
4,BFGS_cluster_results_f5_100_3,MDL,0.06907963554321492,0.9454545454545454,1.0,47.163636363636364
5,BFGS_cluster_results_f5_100_3,Err_in,0.06933289512815537,0.9454545454545454,1.0,45.6
