,dataset,criteria,avg_test_error,precision_at_k,ground_truth_hit,avg_size
0,BFGS_orig_results_f4_100_2,MSE_train_opt,0.0027152577188570403,0.684931506849315,0.0,46.76712328767123
1,BFGS_orig_results_f4_100_2,AIC,0.0026945845820505387,0.7534246575342466,1.0,38.945205479452056
2,BFGS_orig_results_f4_100_2,BIC,0.0026945845820505387,0.7534246575342466,1.0,38.945205479452056
3,BFGS_orig_results_f4_100_2,AICc,0.0026945845820505387,0.7534246575342466,1.0,38.945205479452056
4,BFGS_orig_results_f4_100_2,MDL,0.002679278523661026,0.7671232876712328,1.0,39.04109589041096
5,BFGS_orig_results_f4_100_2,Err_in,0.0027152577188570403,0.684931506849315,0.0,46.76712328767123
