,dataset,criteria,avg_test_error,precision_at_k,ground_truth_hit,avg_size
0,BFGS_cluster_results_f6_100_2,MSE_train_opt,0.2534466400819451,0.9041095890410958,1.0,53.67123287671233
1,BFGS_cluster_results_f6_100_2,AIC,0.2534466400819451,0.9041095890410958,1.0,53.67123287671233
2,BFGS_cluster_results_f6_100_2,BIC,0.25895901869386895,0.9041095890410958,1.0,53.50684931506849
3,BFGS_cluster_results_f6_100_2,AICc,0.2534466400819451,0.9041095890410958,1.0,53.67123287671233
4,BFGS_cluster_results_f6_100_2,MDL,0.26201371151905684,0.9041095890410958,1.0,52.43835616438356
5,BFGS_cluster_results_f6_100_2,Err_in,0.2668633314642877,0.9041095890410958,1.0,53.082191780821915
