,dataset,criteria,avg_test_error,precision_at_k,ground_truth_hit,avg_size
0,BFGS_cluster_results_f5_100_3,MSE_train_opt,0.012413722451480523,0.6785714285714286,1.0,50.107142857142854
1,BFGS_cluster_results_f5_100_3,AIC,0.006415817181996582,0.7142857142857143,1.0,37.857142857142854
2,BFGS_cluster_results_f5_100_3,BIC,0.00647879187333736,0.7142857142857143,1.0,34.42857142857143
3,BFGS_cluster_results_f5_100_3,AICc,0.00640915180838514,0.7142857142857143,1.0,36.5
4,BFGS_cluster_results_f5_100_3,MDL,0.006478654268175308,0.7142857142857143,1.0,33.035714285714285
5,BFGS_cluster_results_f5_100_3,Err_in,0.008372623281053244,0.6428571428571429,1.0,36.357142857142854
