,dataset,criteria,avg_test_error,precision_at_k,ground_truth_hit,avg_size
0,BFGS_cluster_results_f7_100_2,MSE_train_opt,0.009320293144673098,0.4782608695652174,0.0,31.23913043478261
1,BFGS_cluster_results_f7_100_2,AIC,0.008740310603595565,0.5,1.0,23.804347826086957
2,BFGS_cluster_results_f7_100_2,BIC,0.008740310603595565,0.5,1.0,23.804347826086957
3,BFGS_cluster_results_f7_100_2,AICc,0.008740310603595565,0.5,1.0,23.804347826086957
4,BFGS_cluster_results_f7_100_2,MDL,0.008720450174954954,0.6086956521739131,1.0,23.67391304347826
5,BFGS_cluster_results_f7_100_2,Err_in,0.008593808695062363,0.4782608695652174,0.0,28.391304347826086
