,dataset,criteria,avg_test_error,precision_at_k,ground_truth_hit,avg_size
0,BFGS_cluster_results_f7_100_2,MSE_train_opt,0.010810708674058016,0.0,0.0,37.94444444444444
1,BFGS_cluster_results_f7_100_2,AIC,0.009310011094028861,0.16666666666666666,1.0,23.166666666666668
2,BFGS_cluster_results_f7_100_2,BIC,0.009310011094028861,0.16666666666666666,1.0,23.166666666666668
3,BFGS_cluster_results_f7_100_2,AICc,0.009310011094028861,0.16666666666666666,1.0,23.166666666666668
4,BFGS_cluster_results_f7_100_2,MDL,0.008345157766383194,0.16666666666666666,1.0,22.72222222222222
5,BFGS_cluster_results_f7_100_2,Err_in,0.008863658853239911,0.2777777777777778,0.0,29.555555555555557
