,dataset,criteria,avg_test_error,precision_at_k,ground_truth_hit,avg_size
0,BFGS_cluster_results_f5_100_3,MSE_train_opt,0.633129367283838,0.9473684210526315,1.0,46.03947368421053
1,BFGS_cluster_results_f5_100_3,AIC,0.633129367283838,0.9473684210526315,1.0,46.03947368421053
2,BFGS_cluster_results_f5_100_3,BIC,0.633129367283838,0.9473684210526315,1.0,46.03947368421053
3,BFGS_cluster_results_f5_100_3,AICc,0.633129367283838,0.9473684210526315,1.0,46.03947368421053
4,BFGS_cluster_results_f5_100_3,MDL,0.624430952101238,0.9605263157894737,1.0,45.86842105263158
5,BFGS_cluster_results_f5_100_3,Err_in,0.634453231299062,0.9473684210526315,1.0,45.9078947368421
