,dataset,criteria,avg_test_error,precision_at_k,ground_truth_hit,avg_size
0,BFGS_cluster_results_f1_100_10,MSE_train_opt,0.03318797436069317,0.47619047619047616,0.0,47.53968253968254
1,BFGS_cluster_results_f1_100_10,AIC,0.019434865643656506,0.7777777777777778,1.0,34.82539682539682
2,BFGS_cluster_results_f1_100_10,BIC,0.018783569313737373,0.8095238095238095,1.0,34.42857142857143
3,BFGS_cluster_results_f1_100_10,AICc,0.019598666287899483,0.7777777777777778,1.0,34.61904761904762
4,BFGS_cluster_results_f1_100_10,MDL,0.015394600911648263,0.9047619047619048,1.0,33.55555555555556
5,BFGS_cluster_results_f1_100_10,Err_in,0.015200665916358297,0.8571428571428571,1.0,36.476190476190474
