,dataset,criteria,avg_test_error,precision_at_k,ground_truth_hit,avg_size
0,BFGS_pert_results_f5_100_3,MSE_train_opt,0.043949891296959934,0.4222222222222222,0.0,45.37777777777778
1,BFGS_pert_results_f5_100_3,AIC,0.0439622314251939,0.5555555555555556,1.0,37.08888888888889
2,BFGS_pert_results_f5_100_3,BIC,0.0439622314251939,0.5555555555555556,1.0,37.08888888888889
3,BFGS_pert_results_f5_100_3,AICc,0.0439622314251939,0.5555555555555556,1.0,37.08888888888889
4,BFGS_pert_results_f5_100_3,MDL,0.043196378441866634,0.6,1.0,34.62222222222222
5,BFGS_pert_results_f5_100_3,Err_in,3.195599868061469,0.4222222222222222,1.0,49.733333333333334
