,dataset,criteria,avg_test_error,precision_at_k,ground_truth_hit,avg_size
0,BFGS_pert_results_f5_100_3,MSE_train_opt,0.02174413840528439,0.6666666666666666,0.0,50.666666666666664
1,BFGS_pert_results_f5_100_3,AIC,0.021744070153102528,0.6666666666666666,0.0,48.13333333333333
2,BFGS_pert_results_f5_100_3,BIC,0.021744070153102528,0.6666666666666666,0.0,48.13333333333333
3,BFGS_pert_results_f5_100_3,AICc,0.021744070153102528,0.6666666666666666,0.0,48.13333333333333
4,BFGS_pert_results_f5_100_3,MDL,0.019498445577926182,0.6666666666666666,1.0,41.53333333333333
5,BFGS_pert_results_f5_100_3,Err_in,4.878162356532433,0.0,0.0,54.733333333333334
