,dataset,criteria,avg_test_error,precision_at_k,ground_truth_hit,avg_size
0,BFGS_orig_results_f6_100_2,MSE_train_opt,0.0006147883152862218,0.23529411764705882,0.0,57.94117647058823
1,BFGS_orig_results_f6_100_2,AIC,0.0006503872499529945,0.17647058823529413,1.0,29.470588235294116
2,BFGS_orig_results_f6_100_2,BIC,0.0006503872499529945,0.17647058823529413,1.0,29.470588235294116
3,BFGS_orig_results_f6_100_2,AICc,0.0006503872499529945,0.17647058823529413,1.0,29.470588235294116
4,BFGS_orig_results_f6_100_2,MDL,0.0005749019286969699,0.11764705882352941,1.0,28.88235294117647
5,BFGS_orig_results_f6_100_2,Err_in,0.0006147883152862218,0.23529411764705882,0.0,57.94117647058823
