,dataset,criteria,avg_test_error,precision_at_k,ground_truth_hit,avg_size
0,BFGS_cluster_results_f1_100_10,MSE_train_opt,0.04595482012056458,0.0,0.0,55.77142857142857
1,BFGS_cluster_results_f1_100_10,AIC,0.02536280095162244,0.34285714285714286,1.0,36.114285714285714
2,BFGS_cluster_results_f1_100_10,BIC,0.01771925358407336,0.6285714285714286,1.0,32.48571428571429
3,BFGS_cluster_results_f1_100_10,AICc,0.02395106899247888,0.45714285714285713,1.0,35.142857142857146
4,BFGS_cluster_results_f1_100_10,MDL,0.012986119166226894,0.7714285714285715,1.0,30.857142857142858
5,BFGS_cluster_results_f1_100_10,Err_in,0.013150555546138974,0.8571428571428571,1.0,32.34285714285714
