,dataset,criteria,avg_test_error,precision_at_k,ground_truth_hit,avg_size
0,BFGS_orig_results_f6_100_2,MSE_train_opt,0.0005189772133802565,0.5882352941176471,0.0,53.8235294117647
1,BFGS_orig_results_f6_100_2,AIC,0.0006682017738264527,0.2647058823529412,1.0,30.647058823529413
2,BFGS_orig_results_f6_100_2,BIC,0.0006682017738264527,0.2647058823529412,1.0,30.647058823529413
3,BFGS_orig_results_f6_100_2,AICc,0.0006682017738264527,0.2647058823529412,1.0,30.647058823529413
4,BFGS_orig_results_f6_100_2,MDL,0.0006485436302258334,0.35294117647058826,1.0,30.441176470588236
5,BFGS_orig_results_f6_100_2,Err_in,0.0005189772133802565,0.5882352941176471,0.0,53.8235294117647
