,dataset,criteria,avg_test_error,precision_at_k,ground_truth_hit,avg_size
0,BFGS_orig_results_f6_100_2,MSE_train_opt,0.0006503292816253222,0.896551724137931,0.0,48.28735632183908
1,BFGS_orig_results_f6_100_2,AIC,0.0006351615582522586,0.896551724137931,1.0,41.793103448275865
2,BFGS_orig_results_f6_100_2,BIC,0.0006351615582522586,0.896551724137931,1.0,41.793103448275865
3,BFGS_orig_results_f6_100_2,AICc,0.0006351615582522586,0.896551724137931,1.0,41.793103448275865
4,BFGS_orig_results_f6_100_2,MDL,0.0006432687072059064,0.896551724137931,1.0,41.50574712643678
5,BFGS_orig_results_f6_100_2,Err_in,0.0006503292816253222,0.896551724137931,0.0,48.28735632183908
