,dataset,criteria,avg_test_error,precision_at_k,ground_truth_hit,avg_size
0,BFGS_orig_results_f2_100_2,MSE_train_opt,1.5807851191128225e-05,0.0,0.0,38.13636363636363
1,BFGS_orig_results_f2_100_2,AIC,4.186420220147789e-06,0.13636363636363635,1.0,24.454545454545453
2,BFGS_orig_results_f2_100_2,BIC,4.186420220147789e-06,0.13636363636363635,1.0,24.454545454545453
3,BFGS_orig_results_f2_100_2,AICc,4.186420220147789e-06,0.13636363636363635,1.0,24.454545454545453
4,BFGS_orig_results_f2_100_2,MDL,7.301975589866996e-06,0.2727272727272727,1.0,24.272727272727273
5,BFGS_orig_results_f2_100_2,Err_in,1.5807851191128225e-05,0.0,0.0,38.13636363636363
