,dataset,criteria,avg_test_error,precision_at_k,ground_truth_hit,avg_size
0,BFGS_orig_results_f6_100_2,MSE_train_opt,0.0005040637478934214,0.6744186046511628,0.0,52.97674418604651
1,BFGS_orig_results_f6_100_2,AIC,0.0006727967602374022,0.3488372093023256,1.0,31.72093023255814
2,BFGS_orig_results_f6_100_2,BIC,0.0006837312268117556,0.32558139534883723,1.0,31.627906976744185
3,BFGS_orig_results_f6_100_2,AICc,0.0006837312268117556,0.32558139534883723,1.0,31.627906976744185
4,BFGS_orig_results_f6_100_2,MDL,0.0006128561219616661,0.4186046511627907,1.0,31.441860465116278
5,BFGS_orig_results_f6_100_2,Err_in,0.0005040637478934214,0.6744186046511628,0.0,52.97674418604651
