,dataset,criteria,avg_test_error,precision_at_k,ground_truth_hit,avg_size
0,BFGS_orig_results_f7_100_2,MSE_train_opt,0.008402018322774658,0.7619047619047619,1.0,30.53968253968254
1,BFGS_orig_results_f7_100_2,AIC,0.008429784766946094,0.6984126984126984,1.0,25.428571428571427
2,BFGS_orig_results_f7_100_2,BIC,0.008429784766946094,0.6984126984126984,1.0,25.428571428571427
3,BFGS_orig_results_f7_100_2,AICc,0.008429784766946094,0.6984126984126984,1.0,25.428571428571427
4,BFGS_orig_results_f7_100_2,MDL,0.008402130384170904,0.746031746031746,1.0,25.206349206349206
5,BFGS_orig_results_f7_100_2,Err_in,0.008198566088922494,0.7142857142857143,1.0,30.73015873015873
