,dataset,criteria,avg_test_error,precision_at_k,ground_truth_hit,avg_size
0,BFGS_cluster_results_f2_100_2,MSE_train_opt,0.00012026043266494591,0.0,0.0,66.67857142857143
1,BFGS_cluster_results_f2_100_2,AIC,1.8993001477021053e-05,0.4642857142857143,1.0,25.25
2,BFGS_cluster_results_f2_100_2,BIC,1.5185423620716382e-05,0.4642857142857143,1.0,24.285714285714285
3,BFGS_cluster_results_f2_100_2,AICc,1.8567761706767847e-05,0.4642857142857143,1.0,25.214285714285715
4,BFGS_cluster_results_f2_100_2,MDL,1.5126160964789402e-05,0.5,1.0,24.035714285714285
5,BFGS_cluster_results_f2_100_2,Err_in,1.516244138008639e-05,0.5357142857142857,0.0,26.964285714285715
