,dataset,criteria,avg_test_error,precision_at_k,ground_truth_hit,avg_size
0,BFGS_orig_results_f1_100_10,MSE_train_opt,0.013912102020468855,0.4716981132075472,1.0,37.75471698113208
1,BFGS_orig_results_f1_100_10,AIC,0.0124726968313651,0.5849056603773585,1.0,31.58490566037736
2,BFGS_orig_results_f1_100_10,BIC,0.012189247020124704,0.6037735849056604,1.0,31.547169811320753
3,BFGS_orig_results_f1_100_10,AICc,0.0124726968313651,0.5849056603773585,1.0,31.58490566037736
4,BFGS_orig_results_f1_100_10,MDL,0.011669097954946247,0.6037735849056604,1.0,30.849056603773583
5,BFGS_orig_results_f1_100_10,Err_in,0.011072626797124145,0.7924528301886793,1.0,34.9811320754717
