,dataset,criteria,avg_test_error,precision_at_k,ground_truth_hit,avg_size
0,BFGS_cluster_results_f4_100_2,MSE_train_opt,0.0010826393715204382,0.8227848101265823,1.0,50.164556962025316
1,BFGS_cluster_results_f4_100_2,AIC,0.0008992550725831115,0.8860759493670886,1.0,39.35443037974684
2,BFGS_cluster_results_f4_100_2,BIC,0.0008925807717859418,0.8860759493670886,1.0,39.177215189873415
3,BFGS_cluster_results_f4_100_2,AICc,0.0008992550725831115,0.8860759493670886,1.0,39.35443037974684
4,BFGS_cluster_results_f4_100_2,MDL,0.0008622117996751317,0.8987341772151899,1.0,39.45569620253165
5,BFGS_cluster_results_f4_100_2,Err_in,0.0009596985054734416,0.8607594936708861,1.0,47.08860759493671
