,dataset,criteria,avg_test_error,precision_at_k,ground_truth_hit,avg_size
0,BFGS_orig_results_f2_100_2,MSE_train_opt,1.4907339697819148e-05,0.0,0.0,36.916666666666664
1,BFGS_orig_results_f2_100_2,AIC,2.8407330714766805e-06,0.08333333333333333,1.0,24.5
2,BFGS_orig_results_f2_100_2,BIC,2.8407330714766805e-06,0.08333333333333333,1.0,24.5
3,BFGS_orig_results_f2_100_2,AICc,2.8407330714766805e-06,0.08333333333333333,1.0,24.5
4,BFGS_orig_results_f2_100_2,MDL,8.60563650576403e-06,0.25,1.0,23.75
5,BFGS_orig_results_f2_100_2,Err_in,1.4907339697819148e-05,0.0,0.0,36.916666666666664
