,dataset,criteria,avg_test_error,precision_at_k,ground_truth_hit,avg_size
0,BFGS_orig_results_f3_100_1,MSE_train_opt,7.882260679169272e-07,0.7027027027027027,0.0,46.91891891891892
1,BFGS_orig_results_f3_100_1,AIC,6.483357325758736e-07,0.7432432432432432,1.0,34.83783783783784
2,BFGS_orig_results_f3_100_1,BIC,5.102384045692568e-07,0.7567567567567568,1.0,34.891891891891895
3,BFGS_orig_results_f3_100_1,AICc,6.483357325758736e-07,0.7432432432432432,1.0,34.83783783783784
4,BFGS_orig_results_f3_100_1,MDL,6.048311634867286e-07,0.7567567567567568,1.0,34.82432432432432
5,BFGS_orig_results_f3_100_1,Err_in,7.863879038321054e-07,0.7027027027027027,0.0,46.66216216216216
