,dataset,criteria,avg_test_error,precision_at_k,ground_truth_hit,avg_size
0,BFGS_pert_results_f2_100_2,MSE_train_opt,0.011120650071044179,0.6428571428571429,0.0,42.785714285714285
1,BFGS_pert_results_f2_100_2,AIC,0.011223125094112694,0.5714285714285714,0.0,37.357142857142854
2,BFGS_pert_results_f2_100_2,BIC,0.01122286452423867,0.5714285714285714,0.0,36.57142857142857
3,BFGS_pert_results_f2_100_2,AICc,0.011223125094112694,0.5714285714285714,0.0,37.357142857142854
4,BFGS_pert_results_f2_100_2,MDL,0.011261335198964542,0.5714285714285714,0.0,30.285714285714285
5,BFGS_pert_results_f2_100_2,Err_in,0.013152241622071565,0.2857142857142857,0.0,42.285714285714285
