,dataset,criteria,avg_test_error,precision_at_k,ground_truth_hit,avg_size
0,BFGS_pert_results_f7_100_2,MSE_train_opt,0.008755779477311121,0.0,0.0,36.2
1,BFGS_pert_results_f7_100_2,AIC,0.008432063578900873,0.0,1.0,23.266666666666666
2,BFGS_pert_results_f7_100_2,BIC,0.008432063586343488,0.0,1.0,23.266666666666666
3,BFGS_pert_results_f7_100_2,AICc,0.008432063578900873,0.0,1.0,23.266666666666666
4,BFGS_pert_results_f7_100_2,MDL,0.008345158943888886,0.0,1.0,22.933333333333334
5,BFGS_pert_results_f7_100_2,Err_in,0.008461536140702932,0.2,0.0,26.4
