,dataset,criteria,avg_test_error,precision_at_k,ground_truth_hit,avg_size
0,BFGS_orig_results_f5_100_3,MSE_train_opt,5.1952811891358356e-05,0.75,0.0,46.36842105263158
1,BFGS_orig_results_f5_100_3,AIC,4.135184497839878e-05,0.8026315789473685,1.0,38.21052631578947
2,BFGS_orig_results_f5_100_3,BIC,4.135184497839878e-05,0.8026315789473685,1.0,38.21052631578947
3,BFGS_orig_results_f5_100_3,AICc,4.1351844978398785e-05,0.8026315789473685,1.0,38.21052631578947
4,BFGS_orig_results_f5_100_3,MDL,3.3213553911037496e-05,0.8289473684210527,1.0,37.973684210526315
5,BFGS_orig_results_f5_100_3,Err_in,5.1952811891358356e-05,0.75,0.0,46.36842105263158
