,dataset,criteria,avg_test_error,precision_at_k,ground_truth_hit,avg_size
0,BFGS_orig_results_f5_100_3,MSE_train_opt,0.00010893016850381241,0.0,0.0,55.523809523809526
1,BFGS_orig_results_f5_100_3,AIC,3.32745007517628e-05,0.09523809523809523,1.0,30.761904761904763
2,BFGS_orig_results_f5_100_3,BIC,3.4913858333408434e-05,0.09523809523809523,1.0,31.38095238095238
3,BFGS_orig_results_f5_100_3,AICc,3.327450075176281e-05,0.09523809523809523,1.0,30.761904761904763
4,BFGS_orig_results_f5_100_3,MDL,1.3745099304806194e-05,0.3333333333333333,1.0,29.238095238095237
5,BFGS_orig_results_f5_100_3,Err_in,0.00010893016850381241,0.0,0.0,55.523809523809526
