,dataset,criteria,avg_test_error,precision_at_k,ground_truth_hit,avg_size
0,BFGS_cluster_results_f7_100_2,MSE_train_opt,0.0089353713340974,0.75,1.0,29.61842105263158
1,BFGS_cluster_results_f7_100_2,AIC,0.008741525135135174,0.8289473684210527,1.0,25.776315789473685
2,BFGS_cluster_results_f7_100_2,BIC,0.008647934716523156,0.8421052631578947,1.0,25.68421052631579
3,BFGS_cluster_results_f7_100_2,AICc,0.008741525135135174,0.8289473684210527,1.0,25.776315789473685
4,BFGS_cluster_results_f7_100_2,MDL,0.008647934849174999,0.8421052631578947,1.0,25.44736842105263
5,BFGS_cluster_results_f7_100_2,Err_in,0.008530106384039289,0.9210526315789473,1.0,27.394736842105264
