,dataset,criteria,avg_test_error,precision_at_k,ground_truth_hit,avg_size
0,BFGS_pert_results_f6_100_2,MSE_train_opt,0.558211320830651,0.9782608695652174,1.0,48.76086956521739
1,BFGS_pert_results_f6_100_2,AIC,0.558211320830651,0.9782608695652174,1.0,48.76086956521739
2,BFGS_pert_results_f6_100_2,BIC,0.5575908155590362,0.9782608695652174,1.0,47.67391304347826
3,BFGS_pert_results_f6_100_2,AICc,0.5575908155590362,0.9782608695652174,1.0,47.67391304347826
4,BFGS_pert_results_f6_100_2,MDL,0.5575908155590362,0.9782608695652174,1.0,47.67391304347826
5,BFGS_pert_results_f6_100_2,Err_in,1.0130955827340589,0.5869565217391305,1.0,46.41304347826087
