,dataset,criteria,avg_test_error,precision_at_k,ground_truth_hit,avg_size
0,BFGS_cluster_results_f3_100_1,MSE_train_opt,5.4379908856963934e-05,0.9787234042553191,1.0,43.58510638297872
1,BFGS_cluster_results_f3_100_1,AIC,5.263107873207183e-05,0.9787234042553191,1.0,42.3936170212766
2,BFGS_cluster_results_f3_100_1,BIC,5.263107873207183e-05,0.9787234042553191,1.0,42.3936170212766
3,BFGS_cluster_results_f3_100_1,AICc,5.263107873207183e-05,0.9787234042553191,1.0,42.3936170212766
4,BFGS_cluster_results_f3_100_1,MDL,5.226062430794487e-05,0.9787234042553191,1.0,42.57446808510638
5,BFGS_cluster_results_f3_100_1,Err_in,5.3370026442386664e-05,0.9787234042553191,1.0,42.8936170212766
