,dataset,criteria,avg_test_error,precision_at_k,ground_truth_hit,avg_size
0,BFGS_cluster_results_f7_100_2,MSE_train_opt,0.009191501727773999,0.5283018867924528,0.0,30.849056603773583
1,BFGS_cluster_results_f7_100_2,AIC,0.008728210547273036,0.6226415094339622,1.0,24.18867924528302
2,BFGS_cluster_results_f7_100_2,BIC,0.008694758415654346,0.6415094339622641,1.0,24.132075471698112
3,BFGS_cluster_results_f7_100_2,AICc,0.008694758415654345,0.6415094339622641,1.0,24.132075471698112
4,BFGS_cluster_results_f7_100_2,MDL,0.00868420256114675,0.660377358490566,1.0,23.962264150943398
5,BFGS_cluster_results_f7_100_2,Err_in,0.008560968108088405,0.5849056603773585,0.0,28.0188679245283
