,dataset,criteria,avg_test_error,precision_at_k,ground_truth_hit,avg_size
0,BFGS_orig_results_f3_100_1,MSE_train_opt,6.704451616463487e-07,0.896551724137931,0.0,48.58620689655172
1,BFGS_orig_results_f3_100_1,AIC,5.598327704031097e-07,0.9080459770114943,1.0,40.5632183908046
2,BFGS_orig_results_f3_100_1,BIC,5.598327704031097e-07,0.9080459770114943,1.0,40.5632183908046
3,BFGS_orig_results_f3_100_1,AICc,5.598327704031097e-07,0.9080459770114943,1.0,40.5632183908046
4,BFGS_orig_results_f3_100_1,MDL,5.604555066670753e-07,0.9080459770114943,1.0,41.04597701149425
5,BFGS_orig_results_f3_100_1,Err_in,6.68881665329313e-07,0.896551724137931,0.0,47.367816091954026
