,dataset,criteria,avg_test_error,precision_at_k,ground_truth_hit,avg_size
0,BFGS_cluster_results_f3_100_1,MSE_train_opt,0.0001435340739500988,0.0,0.0,68.17391304347827
1,BFGS_cluster_results_f3_100_1,AIC,1.8527339896014448e-05,0.30434782608695654,1.0,26.17391304347826
2,BFGS_cluster_results_f3_100_1,BIC,1.5062716492146088e-05,0.34782608695652173,1.0,25.47826086956522
3,BFGS_cluster_results_f3_100_1,AICc,1.5062716492146088e-05,0.34782608695652173,1.0,25.47826086956522
4,BFGS_cluster_results_f3_100_1,MDL,1.3509947598390774e-05,0.34782608695652173,1.0,24.347826086956523
5,BFGS_cluster_results_f3_100_1,Err_in,1.4296136251766434e-05,0.391304347826087,0.0,30.565217391304348
