,dataset,criteria,avg_test_error,precision_at_k,ground_truth_hit,avg_size
0,BFGS_cluster_results_f7_100_2,MSE_train_opt,0.00889218492889977,0.8414634146341463,1.0,29.24390243902439
1,BFGS_cluster_results_f7_100_2,AIC,0.008712522719087245,0.8902439024390244,1.0,26.0609756097561
2,BFGS_cluster_results_f7_100_2,BIC,0.008712522719087245,0.8902439024390244,1.0,26.0609756097561
3,BFGS_cluster_results_f7_100_2,AICc,0.008712522719087245,0.8902439024390244,1.0,26.0609756097561
4,BFGS_cluster_results_f7_100_2,MDL,0.008635145449124665,0.8902439024390244,1.0,26.0
5,BFGS_cluster_results_f7_100_2,Err_in,0.008548019438137131,0.9146341463414634,1.0,27.817073170731707
