,dataset,criteria,avg_test_error,precision_at_k,ground_truth_hit,avg_size
0,BFGS_orig_results_f4_100_2,MSE_train_opt,0.005665175046078204,0.0,0.0,46.26470588235294
1,BFGS_orig_results_f4_100_2,AIC,0.0005884239698289781,0.2647058823529412,1.0,34.088235294117645
2,BFGS_orig_results_f4_100_2,BIC,0.0002137755379720655,0.3235294117647059,1.0,33.05882352941177
3,BFGS_orig_results_f4_100_2,AICc,0.00021614042716948262,0.29411764705882354,1.0,33.05882352941177
4,BFGS_orig_results_f4_100_2,MDL,0.004831024680131111,0.38235294117647056,1.0,32.970588235294116
5,BFGS_orig_results_f4_100_2,Err_in,0.005665175046078204,0.0,0.0,46.26470588235294
