,dataset,criteria,avg_test_error,precision_at_k,ground_truth_hit,avg_size
0,BFGS_orig_results_f4_100_2,MSE_train_opt,0.012628855704316344,0.0,0.0,46.733333333333334
1,BFGS_orig_results_f4_100_2,AIC,0.0012444333304171525,0.2,1.0,33.0
2,BFGS_orig_results_f4_100_2,BIC,0.0004317734370904321,0.2,1.0,31.6
3,BFGS_orig_results_f4_100_2,AICc,0.0004393148215651071,0.2,1.0,31.8
4,BFGS_orig_results_f4_100_2,MDL,0.00032662256644978626,0.26666666666666666,1.0,30.4
5,BFGS_orig_results_f4_100_2,Err_in,0.012628855704316344,0.0,0.0,46.733333333333334
