,dataset,criteria,avg_test_error,precision_at_k,ground_truth_hit,avg_size
0,BFGS_pert_results_f7_100_2,MSE_train_opt,0.008612954994520496,0.0,0.0,33.73913043478261
1,BFGS_pert_results_f7_100_2,AIC,0.008401848273368073,0.0,1.0,23.608695652173914
2,BFGS_pert_results_f7_100_2,BIC,0.008401848273368073,0.0,1.0,23.608695652173914
3,BFGS_pert_results_f7_100_2,AICc,0.008401848273368073,0.0,1.0,23.608695652173914
4,BFGS_pert_results_f7_100_2,MDL,0.008401869080089986,0.043478260869565216,1.0,23.17391304347826
5,BFGS_pert_results_f7_100_2,Err_in,0.008420824100909871,0.2608695652173913,0.0,27.0
