,dataset,criteria,avg_test_error,precision_at_k,ground_truth_hit,avg_size
0,BFGS_pert_results_f5_100_3,MSE_train_opt,5.321417304935951e-05,0.8888888888888888,0.0,48.888888888888886
1,BFGS_pert_results_f5_100_3,AIC,5.281978804747497e-05,0.8888888888888888,0.0,43.22222222222222
2,BFGS_pert_results_f5_100_3,BIC,5.281978804747497e-05,0.8888888888888888,0.0,43.22222222222222
3,BFGS_pert_results_f5_100_3,AICc,5.281978804747497e-05,0.8888888888888888,0.0,43.22222222222222
4,BFGS_pert_results_f5_100_3,MDL,5.281978804747497e-05,0.8888888888888888,0.0,43.22222222222222
5,BFGS_pert_results_f5_100_3,Err_in,8.092217278708429,0.0,0.0,49.111111111111114
