,dataset,criteria,avg_test_error,precision_at_k,ground_truth_hit,avg_size
0,BFGS_pert_results_f5_100_3,MSE_train_opt,0.00015644342315669277,0.0,0.0,60.0
1,BFGS_pert_results_f5_100_3,AIC,1.189449317837253e-06,0.6666666666666666,0.0,32.666666666666664
2,BFGS_pert_results_f5_100_3,BIC,1.189449317837253e-06,0.6666666666666666,0.0,32.666666666666664
3,BFGS_pert_results_f5_100_3,AICc,1.189449317837253e-06,0.6666666666666666,0.0,32.666666666666664
4,BFGS_pert_results_f5_100_3,MDL,5.383626758079431e-10,1.0,0.0,30.666666666666668
5,BFGS_pert_results_f5_100_3,Err_in,0.06311436494706853,0.0,0.0,49.0
