,dataset,criteria,avg_test_error,precision_at_k,ground_truth_hit,avg_size
0,BFGS_cluster_results_f7_100_2,MSE_train_opt,0.009891924727871308,0.2413793103448276,0.0,34.10344827586207
1,BFGS_cluster_results_f7_100_2,AIC,0.00894403225849037,0.3103448275862069,1.0,23.620689655172413
2,BFGS_cluster_results_f7_100_2,BIC,0.00894403225849037,0.3103448275862069,1.0,23.620689655172413
3,BFGS_cluster_results_f7_100_2,AICc,0.00894403225849037,0.3103448275862069,1.0,23.620689655172413
4,BFGS_cluster_results_f7_100_2,MDL,0.008536167600124928,0.3448275862068966,1.0,23.0
5,BFGS_cluster_results_f7_100_2,Err_in,0.008678432858808057,0.3448275862068966,0.0,30.20689655172414
