,dataset,criteria,avg_test_error,precision_at_k,ground_truth_hit,avg_size
0,BFGS_pert_results_f5_100_3,MSE_train_opt,0.04035778424723751,0.3235294117647059,0.0,46.088235294117645
1,BFGS_pert_results_f5_100_3,AIC,0.04037412211301133,0.4411764705882353,1.0,38.0
2,BFGS_pert_results_f5_100_3,BIC,0.04037412211301133,0.4411764705882353,1.0,38.0
3,BFGS_pert_results_f5_100_3,AICc,0.04037412211301133,0.4411764705882353,1.0,38.0
4,BFGS_pert_results_f5_100_3,MDL,0.039383405363431344,0.47058823529411764,1.0,35.11764705882353
5,BFGS_pert_results_f5_100_3,Err_in,4.2116592241337125,0.29411764705882354,0.0,51.588235294117645
