,dataset,criteria,avg_test_error,precision_at_k,ground_truth_hit,avg_size
0,BFGS_pert_results_f5_100_3,MSE_train_opt,0.019364877494219553,0.7142857142857143,0.0,49.42857142857143
1,BFGS_pert_results_f5_100_3,AIC,0.019364877494219553,0.7142857142857143,0.0,49.42857142857143
2,BFGS_pert_results_f5_100_3,BIC,0.019364877494219553,0.7142857142857143,0.0,49.42857142857143
3,BFGS_pert_results_f5_100_3,AICc,0.019364877494219553,0.7142857142857143,0.0,49.42857142857143
4,BFGS_pert_results_f5_100_3,MDL,0.016958851152247736,0.7142857142857143,1.0,42.42857142857143
5,BFGS_pert_results_f5_100_3,Err_in,5.222670111201879,0.0,0.0,53.785714285714285
