,dataset,criteria,avg_test_error,precision_at_k,ground_truth_hit,avg_size
0,BFGS_cluster_results_f1_100_10,MSE_train_opt,0.053434225825400625,0.0,0.0,60.09090909090909
1,BFGS_cluster_results_f1_100_10,AIC,0.030611620358010957,0.13636363636363635,1.0,37.5
2,BFGS_cluster_results_f1_100_10,BIC,0.02199392020657246,0.13636363636363635,1.0,33.63636363636363
3,BFGS_cluster_results_f1_100_10,AICc,0.029366031671423688,0.13636363636363635,1.0,36.36363636363637
4,BFGS_cluster_results_f1_100_10,MDL,0.01389791773347928,0.5454545454545454,1.0,30.0
5,BFGS_cluster_results_f1_100_10,Err_in,0.013918338841119844,0.7272727272727273,1.0,31.0
