,dataset,criteria,avg_test_error,precision_at_k,ground_truth_hit,avg_size
0,BFGS_orig_results_f5_100_3,MSE_train_opt,9.805474961189046e-05,0.0,0.0,52.791666666666664
1,BFGS_orig_results_f5_100_3,AIC,3.385378041387975e-05,0.08333333333333333,1.0,31.625
2,BFGS_orig_results_f5_100_3,BIC,3.0779865933967534e-05,0.08333333333333333,1.0,31.75
3,BFGS_orig_results_f5_100_3,AICc,3.385378041387974e-05,0.08333333333333333,1.0,31.625
4,BFGS_orig_results_f5_100_3,MDL,1.2281182319023355e-05,0.2916666666666667,1.0,29.5
5,BFGS_orig_results_f5_100_3,Err_in,9.805474961189046e-05,0.0,0.0,52.791666666666664
