,dataset,criteria,avg_test_error,precision_at_k,ground_truth_hit,avg_size
0,BFGS_orig_results_f2_100_2,MSE_train_opt,1.8880199645023206e-05,0.0,0.0,38.72222222222222
1,BFGS_orig_results_f2_100_2,AIC,2.028352030491212e-06,0.1111111111111111,1.0,24.38888888888889
2,BFGS_orig_results_f2_100_2,BIC,2.028352030491212e-06,0.1111111111111111,1.0,24.38888888888889
3,BFGS_orig_results_f2_100_2,AICc,2.028352030491212e-06,0.1111111111111111,1.0,24.38888888888889
4,BFGS_orig_results_f2_100_2,MDL,8.836166293129264e-06,0.2777777777777778,1.0,24.055555555555557
5,BFGS_orig_results_f2_100_2,Err_in,1.8880199645023206e-05,0.0,0.0,38.72222222222222
