,dataset,criteria,avg_test_error,precision_at_k,ground_truth_hit,avg_size
0,BFGS_orig_results_f6_100_2,MSE_train_opt,0.0007975938724347668,0.0,0.0,52.22222222222222
1,BFGS_orig_results_f6_100_2,AIC,0.00037551110706151116,0.1111111111111111,1.0,28.88888888888889
2,BFGS_orig_results_f6_100_2,BIC,0.00037551110706151116,0.1111111111111111,1.0,28.88888888888889
3,BFGS_orig_results_f6_100_2,AICc,0.00037551110706151116,0.1111111111111111,1.0,28.88888888888889
4,BFGS_orig_results_f6_100_2,MDL,0.0004945428895974445,0.1111111111111111,1.0,28.88888888888889
5,BFGS_orig_results_f6_100_2,Err_in,0.0007975938724347668,0.0,0.0,52.22222222222222
