,dataset,criteria,avg_test_error,precision_at_k,ground_truth_hit,avg_size
0,BFGS_orig_results_f1_100_10,MSE_train_opt,0.01345511167616017,0.5737704918032787,1.0,36.868852459016395
1,BFGS_orig_results_f1_100_10,AIC,0.012802556275112854,0.6065573770491803,1.0,32.34426229508197
2,BFGS_orig_results_f1_100_10,BIC,0.012266401574294268,0.6557377049180327,1.0,31.770491803278688
3,BFGS_orig_results_f1_100_10,AICc,0.012653345911011747,0.6229508196721312,1.0,32.09836065573771
4,BFGS_orig_results_f1_100_10,MDL,0.011506269067449613,0.7540983606557377,1.0,31.0
5,BFGS_orig_results_f1_100_10,Err_in,0.010993846047258667,0.8688524590163934,1.0,34.49180327868852
