,dataset,criteria,avg_test_error,precision_at_k,ground_truth_hit,avg_size
0,BFGS_pert_results_f6_100_2,MSE_train_opt,0.4080324394406106,1.0,0.0,51.07692307692308
1,BFGS_pert_results_f6_100_2,AIC,0.4080324394406106,1.0,0.0,51.07692307692308
2,BFGS_pert_results_f6_100_2,BIC,0.4080324394406105,1.0,0.0,51.07692307692308
3,BFGS_pert_results_f6_100_2,AICc,0.4080324394406106,1.0,0.0,51.07692307692308
4,BFGS_pert_results_f6_100_2,MDL,0.4080324394406106,1.0,0.0,51.07692307692308
5,BFGS_pert_results_f6_100_2,Err_in,0.9424935945815391,0.5128205128205128,1.0,47.333333333333336
