,dataset,criteria,avg_test_error,precision_at_k,ground_truth_hit,avg_size
0,BFGS_orig_results_f2_100_2,MSE_train_opt,1.0541265435618555e-05,0.6212121212121212,0.0,38.36363636363637
1,BFGS_orig_results_f2_100_2,AIC,7.623695150723007e-06,0.7121212121212122,1.0,28.681818181818183
2,BFGS_orig_results_f2_100_2,BIC,7.623695150723007e-06,0.7121212121212122,1.0,28.681818181818183
3,BFGS_orig_results_f2_100_2,AICc,7.623695150723007e-06,0.7121212121212122,1.0,28.681818181818183
4,BFGS_orig_results_f2_100_2,MDL,6.72421493804338e-06,0.7272727272727273,1.0,28.651515151515152
5,BFGS_orig_results_f2_100_2,Err_in,1.0541265435618555e-05,0.6212121212121212,0.0,38.36363636363637
