,dataset,criteria,avg_test_error,precision_at_k,ground_truth_hit,avg_size
0,BFGS_cluster_results_f4_100_2,MSE_train_opt,0.0014123738455237205,0.16326530612244897,0.0,60.183673469387756
1,BFGS_cluster_results_f4_100_2,AIC,0.0007897749630763409,0.7142857142857143,1.0,32.93877551020408
2,BFGS_cluster_results_f4_100_2,BIC,0.0007333804439145429,0.7346938775510204,1.0,32.42857142857143
3,BFGS_cluster_results_f4_100_2,AICc,0.0007897749630763408,0.7142857142857143,1.0,32.93877551020408
4,BFGS_cluster_results_f4_100_2,MDL,0.0006652875801745021,0.8163265306122449,1.0,31.489795918367346
5,BFGS_cluster_results_f4_100_2,Err_in,0.0006959884123143959,0.7755102040816326,1.0,39.53061224489796
