,dataset,criteria,avg_test_error,precision_at_k,ground_truth_hit,avg_size
0,BFGS_cluster_results_f4_100_2,MSE_train_opt,0.0018613435452259446,0.0,0.0,74.72222222222223
1,BFGS_cluster_results_f4_100_2,AIC,0.0010535777873684168,0.16666666666666666,1.0,33.77777777777778
2,BFGS_cluster_results_f4_100_2,BIC,0.0005698515922275445,0.3333333333333333,1.0,28.27777777777778
3,BFGS_cluster_results_f4_100_2,AICc,0.0009659878216791612,0.2777777777777778,1.0,32.22222222222222
4,BFGS_cluster_results_f4_100_2,MDL,0.0005448419770832778,0.2777777777777778,1.0,28.27777777777778
5,BFGS_cluster_results_f4_100_2,Err_in,0.0009582659386946332,0.16666666666666666,0.0,49.27777777777778
