,dataset,criteria,avg_test_error,precision_at_k,ground_truth_hit,avg_size
0,BFGS_pert_results_f6_100_2,MSE_train_opt,0.20376665522549472,0.9333333333333333,0.0,53.666666666666664
1,BFGS_pert_results_f6_100_2,AIC,0.20376665522549472,0.9333333333333333,0.0,53.666666666666664
2,BFGS_pert_results_f6_100_2,BIC,0.20376665522549472,0.9333333333333333,0.0,53.666666666666664
3,BFGS_pert_results_f6_100_2,AICc,0.20376665522549472,0.9333333333333333,0.0,53.666666666666664
4,BFGS_pert_results_f6_100_2,MDL,0.20583675725255768,0.8,0.0,49.53333333333333
5,BFGS_pert_results_f6_100_2,Err_in,0.9355094382449357,0.2,1.0,49.06666666666667
