,dataset,criteria,avg_test_error,precision_at_k,ground_truth_hit,avg_size
0,BFGS_orig_results_f2_100_2,MSE_train_opt,1.5385321689702568e-05,0.027777777777777776,0.0,37.0
1,BFGS_orig_results_f2_100_2,AIC,7.006683441495556e-06,0.3333333333333333,1.0,24.97222222222222
2,BFGS_orig_results_f2_100_2,BIC,7.006683441495556e-06,0.3333333333333333,1.0,24.97222222222222
3,BFGS_orig_results_f2_100_2,AICc,7.006683441495556e-06,0.3333333333333333,1.0,24.97222222222222
4,BFGS_orig_results_f2_100_2,MDL,6.970787473071196e-06,0.3611111111111111,1.0,25.083333333333332
5,BFGS_orig_results_f2_100_2,Err_in,1.5385321689702568e-05,0.027777777777777776,0.0,37.0
