,dataset,criteria,avg_test_error,precision_at_k,ground_truth_hit,avg_size
0,BFGS_orig_results_f5_100_3,MSE_train_opt,0.00010495270790720266,0.0,0.0,54.148148148148145
1,BFGS_orig_results_f5_100_3,AIC,3.124188379679292e-05,0.14814814814814814,1.0,31.703703703703702
2,BFGS_orig_results_f5_100_3,BIC,2.9109958101674094e-05,0.14814814814814814,1.0,31.666666666666668
3,BFGS_orig_results_f5_100_3,AICc,3.124188379679292e-05,0.14814814814814814,1.0,31.703703703703702
4,BFGS_orig_results_f5_100_3,MDL,1.3214025193995762e-05,0.3333333333333333,1.0,29.59259259259259
5,BFGS_orig_results_f5_100_3,Err_in,0.00010495270790720266,0.0,0.0,54.148148148148145
