,dataset,criteria,avg_test_error,precision_at_k,ground_truth_hit,avg_size
0,BFGS_pert_results_f5_100_3,MSE_train_opt,0.04485624855876633,0.42857142857142855,0.0,45.755102040816325
1,BFGS_pert_results_f5_100_3,AIC,0.044867581319016615,0.5918367346938775,1.0,36.93877551020408
2,BFGS_pert_results_f5_100_3,BIC,0.04485466967166592,0.5918367346938775,1.0,36.95918367346939
3,BFGS_pert_results_f5_100_3,AICc,0.044867581319016615,0.5918367346938775,1.0,36.93877551020408
4,BFGS_pert_results_f5_100_3,MDL,0.044164470976149145,0.6122448979591837,1.0,35.326530612244895
5,BFGS_pert_results_f5_100_3,Err_in,2.9392286764300835,0.46938775510204084,1.0,48.51020408163265
