,dataset,criteria,avg_test_error,precision_at_k,ground_truth_hit,avg_size
0,BFGS_orig_results_f2_100_2,MSE_train_opt,1.1291546993510273e-05,0.4,0.0,38.41818181818182
1,BFGS_orig_results_f2_100_2,AIC,6.43449301592807e-06,0.6545454545454545,1.0,27.21818181818182
2,BFGS_orig_results_f2_100_2,BIC,6.43449301592807e-06,0.6545454545454545,1.0,27.21818181818182
3,BFGS_orig_results_f2_100_2,AICc,6.43449301592807e-06,0.6545454545454545,1.0,27.21818181818182
4,BFGS_orig_results_f2_100_2,MDL,6.594205477562276e-06,0.6727272727272727,1.0,27.0
5,BFGS_orig_results_f2_100_2,Err_in,1.1291546993510273e-05,0.4,0.0,38.41818181818182
