,dataset,criteria,avg_test_error,precision_at_k,ground_truth_hit,avg_size
0,BFGS_orig_results_f6_100_2,MSE_train_opt,0.0005887374725104201,0.23809523809523808,0.0,59.0
1,BFGS_orig_results_f6_100_2,AIC,0.0006596604624666003,0.23809523809523808,1.0,29.904761904761905
2,BFGS_orig_results_f6_100_2,BIC,0.0006596604624666003,0.23809523809523808,1.0,29.904761904761905
3,BFGS_orig_results_f6_100_2,AICc,0.0006596604624666003,0.23809523809523808,1.0,29.904761904761905
4,BFGS_orig_results_f6_100_2,MDL,0.0005994193880917564,0.19047619047619047,1.0,29.19047619047619
5,BFGS_orig_results_f6_100_2,Err_in,0.0005887374725104201,0.23809523809523808,0.0,59.0
