,dataset,criteria,avg_test_error,precision_at_k,ground_truth_hit,avg_size
0,BFGS_orig_results_f6_100_2,MSE_train_opt,0.0006334367117340539,0.8690476190476191,0.0,48.726190476190474
1,BFGS_orig_results_f6_100_2,AIC,0.0006481695567887245,0.8571428571428571,1.0,39.86904761904762
2,BFGS_orig_results_f6_100_2,BIC,0.0006481695567887244,0.8571428571428571,1.0,39.86904761904762
3,BFGS_orig_results_f6_100_2,AICc,0.0006481695567887244,0.8571428571428571,1.0,39.86904761904762
4,BFGS_orig_results_f6_100_2,MDL,0.0006481695567887245,0.8571428571428571,1.0,39.86904761904762
5,BFGS_orig_results_f6_100_2,Err_in,0.0006334367117340539,0.8690476190476191,0.0,48.726190476190474
