,dataset,criteria,avg_test_error,precision_at_k,ground_truth_hit,avg_size
0,BFGS_orig_results_f5_100_3,MSE_train_opt,7.19314235342858e-05,0.2777777777777778,0.0,50.24074074074074
1,BFGS_orig_results_f5_100_3,AIC,3.07658972412948e-05,0.5740740740740741,1.0,34.01851851851852
2,BFGS_orig_results_f5_100_3,BIC,3.07658972412948e-05,0.5740740740740741,1.0,34.01851851851852
3,BFGS_orig_results_f5_100_3,AICc,3.07658972412948e-05,0.5740740740740741,1.0,34.01851851851852
4,BFGS_orig_results_f5_100_3,MDL,1.8509439868104744e-05,0.6666666666666666,1.0,33.129629629629626
5,BFGS_orig_results_f5_100_3,Err_in,7.19314235342858e-05,0.2777777777777778,0.0,50.24074074074074
