,dataset,criteria,avg_test_error,precision_at_k,ground_truth_hit,avg_size
0,BFGS_cluster_results_f3_100_1,MSE_train_opt,6.439910339477486e-05,0.7532467532467533,0.0,46.41558441558441
1,BFGS_cluster_results_f3_100_1,AIC,3.9269082609163975e-05,0.9090909090909091,1.0,33.935064935064936
2,BFGS_cluster_results_f3_100_1,BIC,3.926908260916398e-05,0.9090909090909091,1.0,33.935064935064936
3,BFGS_cluster_results_f3_100_1,AICc,3.926908260916398e-05,0.9090909090909091,1.0,33.935064935064936
4,BFGS_cluster_results_f3_100_1,MDL,3.778913347018585e-05,0.922077922077922,1.0,33.97402597402598
5,BFGS_cluster_results_f3_100_1,Err_in,4.468256432347289e-05,0.8831168831168831,1.0,37.81818181818182
