,dataset,criteria,avg_test_error,precision_at_k,ground_truth_hit,avg_size
0,BFGS_pert_results_f7_100_2,MSE_train_opt,0.008625127537752178,0.0,0.0,34.18181818181818
1,BFGS_pert_results_f7_100_2,AIC,0.008404412096530348,0.0,1.0,23.681818181818183
2,BFGS_pert_results_f7_100_2,BIC,0.008404412096530348,0.0,1.0,23.681818181818183
3,BFGS_pert_results_f7_100_2,AICc,0.008404412096530348,0.0,1.0,23.681818181818183
4,BFGS_pert_results_f7_100_2,MDL,0.008345193769776714,0.045454545454545456,1.0,23.181818181818183
5,BFGS_pert_results_f7_100_2,Err_in,0.008424265743599392,0.22727272727272727,0.0,27.136363636363637
