,dataset,criteria,avg_test_error,precision_at_k,ground_truth_hit,avg_size
0,BFGS_orig_results_f2_100_2,MSE_train_opt,8.625048674558497e-06,0.9333333333333333,0.0,41.0
1,BFGS_orig_results_f2_100_2,AIC,8.051338032239393e-06,0.9333333333333333,1.0,36.43333333333333
2,BFGS_orig_results_f2_100_2,BIC,8.051338032239393e-06,0.9333333333333333,1.0,36.43333333333333
3,BFGS_orig_results_f2_100_2,AICc,8.051338032239393e-06,0.9333333333333333,1.0,36.43333333333333
4,BFGS_orig_results_f2_100_2,MDL,8.051338032239393e-06,0.9333333333333333,1.0,36.43333333333333
5,BFGS_orig_results_f2_100_2,Err_in,8.625048674558497e-06,0.9333333333333333,0.0,41.0
