,dataset,criteria,avg_test_error,precision_at_k,ground_truth_hit,avg_size
0,BFGS_orig_results_f1_100_10,MSE_train_opt,0.013611710294405258,0.5172413793103449,1.0,37.189655172413794
1,BFGS_orig_results_f1_100_10,AIC,0.01258784680321403,0.603448275862069,1.0,32.01724137931034
2,BFGS_orig_results_f1_100_10,BIC,0.012361514773953482,0.603448275862069,1.0,31.70689655172414
3,BFGS_orig_results_f1_100_10,AICc,0.012361514773953482,0.603448275862069,1.0,31.70689655172414
4,BFGS_orig_results_f1_100_10,MDL,0.01156206499110452,0.7068965517241379,1.0,30.948275862068964
5,BFGS_orig_results_f1_100_10,Err_in,0.011017018240513786,0.8620689655172413,1.0,34.56896551724138
