,dataset,criteria,avg_test_error,precision_at_k,ground_truth_hit,avg_size
0,BFGS_cluster_results_f5_100_3,MSE_train_opt,0.08957180762033788,0.8461538461538461,1.0,46.92307692307692
1,BFGS_cluster_results_f5_100_3,AIC,0.005653355061877944,0.8717948717948718,1.0,41.41025641025641
2,BFGS_cluster_results_f5_100_3,BIC,0.005943904532505351,0.8717948717948718,1.0,38.94871794871795
3,BFGS_cluster_results_f5_100_3,AICc,0.005728135575512382,0.8717948717948718,1.0,40.17948717948718
4,BFGS_cluster_results_f5_100_3,MDL,0.005652766788948517,0.8461538461538461,1.0,37.82051282051282
5,BFGS_cluster_results_f5_100_3,Err_in,0.008136494801711492,0.7435897435897436,1.0,38.02564102564103
