,dataset,criteria,avg_test_error,precision_at_k,ground_truth_hit,avg_size
0,BFGS_orig_results_f7_100_2,MSE_train_opt,0.008424765443192192,0.37777777777777777,1.0,31.666666666666668
1,BFGS_orig_results_f7_100_2,AIC,0.008395968931256829,0.5777777777777777,1.0,24.355555555555554
2,BFGS_orig_results_f7_100_2,BIC,0.008395968931256829,0.5777777777777777,1.0,24.355555555555554
3,BFGS_orig_results_f7_100_2,AICc,0.008395968931256829,0.5777777777777777,1.0,24.355555555555554
4,BFGS_orig_results_f7_100_2,MDL,0.008395937403529152,0.5555555555555556,1.0,24.22222222222222
5,BFGS_orig_results_f7_100_2,Err_in,0.008139929324024377,0.4666666666666667,1.0,30.42222222222222
