,dataset,criteria,avg_test_error,precision_at_k,ground_truth_hit,avg_size
0,BFGS_orig_results_f7_100_2,MSE_train_opt,0.008482939151659449,0.07692307692307693,0.0,33.76923076923077
1,BFGS_orig_results_f7_100_2,AIC,0.008433060291956939,0.07692307692307693,1.0,23.807692307692307
2,BFGS_orig_results_f7_100_2,BIC,0.008433060291956939,0.07692307692307693,1.0,23.807692307692307
3,BFGS_orig_results_f7_100_2,AICc,0.008433060291956939,0.07692307692307693,1.0,23.807692307692307
4,BFGS_orig_results_f7_100_2,MDL,0.008395321795851344,0.15384615384615385,1.0,23.307692307692307
5,BFGS_orig_results_f7_100_2,Err_in,0.008302933974984338,0.19230769230769232,0.0,31.46153846153846
