,dataset,criteria,avg_test_error,precision_at_k,ground_truth_hit,avg_size
0,BFGS_cluster_results_f4_100_2,MSE_train_opt,0.0014536845414707532,0.0851063829787234,0.0,61.297872340425535
1,BFGS_cluster_results_f4_100_2,AIC,0.0008064329186956215,0.6808510638297872,1.0,32.851063829787236
2,BFGS_cluster_results_f4_100_2,BIC,0.0007440189448602553,0.7021276595744681,1.0,32.234042553191486
3,BFGS_cluster_results_f4_100_2,AICc,0.0007601078944260428,0.7021276595744681,1.0,32.4468085106383
4,BFGS_cluster_results_f4_100_2,MDL,0.0006030277028513191,0.8297872340425532,1.0,31.04255319148936
5,BFGS_cluster_results_f4_100_2,Err_in,0.0006993111656079957,0.7659574468085106,1.0,39.04255319148936
