,dataset,criteria,avg_test_error,precision_at_k,ground_truth_hit,avg_size
0,BFGS_pert_results_f3_100_1,MSE_train_opt,0.0002737664767468527,0.9565217391304348,0.0,49.08695652173913
1,BFGS_pert_results_f3_100_1,AIC,0.00022430982845678745,0.9565217391304348,0.0,46.95652173913044
2,BFGS_pert_results_f3_100_1,BIC,0.00023126622615793094,0.9130434782608695,0.0,46.869565217391305
3,BFGS_pert_results_f3_100_1,AICc,0.00022857089975808747,0.9130434782608695,0.0,46.869565217391305
4,BFGS_pert_results_f3_100_1,MDL,0.001066427484840886,0.5652173913043478,1.0,28.434782608695652
5,BFGS_pert_results_f3_100_1,Err_in,0.0019127987373451405,0.21739130434782608,1.0,43.56521739130435
