,dataset,criteria,avg_test_error,precision_at_k,ground_truth_hit,avg_size
0,BFGS_orig_results_f5_100_3,MSE_train_opt,8.459689277273481e-05,0.09302325581395349,0.0,51.883720930232556
1,BFGS_orig_results_f5_100_3,AIC,2.469159796096544e-05,0.4418604651162791,1.0,32.83720930232558
2,BFGS_orig_results_f5_100_3,BIC,2.469159796096544e-05,0.4418604651162791,1.0,32.83720930232558
3,BFGS_orig_results_f5_100_3,AICc,2.469159796096544e-05,0.4418604651162791,1.0,32.83720930232558
4,BFGS_orig_results_f5_100_3,MDL,1.4897743380966631e-05,0.5581395348837209,1.0,31.6046511627907
5,BFGS_orig_results_f5_100_3,Err_in,8.459689277273481e-05,0.09302325581395349,0.0,51.883720930232556
