,dataset,criteria,avg_test_error,precision_at_k,ground_truth_hit,avg_size
0,BFGS_cluster_results_f5_100_3,MSE_train_opt,0.10197022184472448,0.972972972972973,1.0,46.36486486486486
1,BFGS_cluster_results_f5_100_3,AIC,0.10197022184472447,0.972972972972973,1.0,46.36486486486486
2,BFGS_cluster_results_f5_100_3,BIC,0.10197022184472447,0.972972972972973,1.0,46.36486486486486
3,BFGS_cluster_results_f5_100_3,AICc,0.10197022184472448,0.972972972972973,1.0,46.36486486486486
4,BFGS_cluster_results_f5_100_3,MDL,0.10197022184472448,0.972972972972973,1.0,46.36486486486486
5,BFGS_cluster_results_f5_100_3,Err_in,0.10332986596846801,0.9594594594594594,1.0,46.229729729729726
