,dataset,criteria,avg_test_error,precision_at_k,ground_truth_hit,avg_size
0,BFGS_cluster_results_f4_100_2,MSE_train_opt,0.001306358025553707,0.38596491228070173,0.0,56.666666666666664
1,BFGS_cluster_results_f4_100_2,AIC,0.0007747181440362876,0.7543859649122807,1.0,33.31578947368421
2,BFGS_cluster_results_f4_100_2,BIC,0.000774415124372407,0.7543859649122807,1.0,33.3859649122807
3,BFGS_cluster_results_f4_100_2,AICc,0.000774415124372407,0.7543859649122807,1.0,33.3859649122807
4,BFGS_cluster_results_f4_100_2,MDL,0.0006636512984863017,0.8245614035087719,1.0,32.719298245614034
5,BFGS_cluster_results_f4_100_2,Err_in,0.0007630822166819474,0.7719298245614035,1.0,41.333333333333336
