,dataset,criteria,avg_test_error,precision_at_k,ground_truth_hit,avg_size
0,BFGS_cluster_results_f1_100_10,MSE_train_opt,0.03432115550371513,0.4,0.0,48.3
1,BFGS_cluster_results_f1_100_10,AIC,0.019590085711044418,0.7666666666666667,1.0,34.5
2,BFGS_cluster_results_f1_100_10,BIC,0.018954235948442744,0.8,1.0,34.03333333333333
3,BFGS_cluster_results_f1_100_10,AICc,0.019590085711044418,0.7666666666666667,1.0,34.5
4,BFGS_cluster_results_f1_100_10,MDL,0.014467460700251736,0.9,1.0,33.166666666666664
5,BFGS_cluster_results_f1_100_10,Err_in,0.01471934837543176,0.8833333333333333,1.0,34.36666666666667
