,dataset,criteria,avg_test_error,precision_at_k,ground_truth_hit,avg_size
0,BFGS_cluster_results_f1_100_10,MSE_train_opt,0.060555040119113675,0.0,0.0,64.0
1,BFGS_cluster_results_f1_100_10,AIC,0.05432588900525822,0.0,0.0,42.333333333333336
2,BFGS_cluster_results_f1_100_10,BIC,0.023049577828780036,0.1111111111111111,1.0,30.666666666666668
3,BFGS_cluster_results_f1_100_10,AICc,0.04293473567662502,0.0,0.0,37.55555555555556
4,BFGS_cluster_results_f1_100_10,MDL,0.010480267754600578,0.3333333333333333,1.0,29.11111111111111
5,BFGS_cluster_results_f1_100_10,Err_in,0.018960576704880987,0.3333333333333333,0.0,31.0
