,dataset,criteria,avg_test_error,precision_at_k,ground_truth_hit,avg_size
0,BFGS_pert_results_f7_100_2,MSE_train_opt,0.00857328154524817,0.07407407407407407,1.0,32.48148148148148
1,BFGS_pert_results_f7_100_2,AIC,0.008429804790489904,0.1111111111111111,1.0,24.11111111111111
2,BFGS_pert_results_f7_100_2,BIC,0.008429804790489904,0.1111111111111111,1.0,24.11111111111111
3,BFGS_pert_results_f7_100_2,AICc,0.008429804790489904,0.1111111111111111,1.0,24.11111111111111
4,BFGS_pert_results_f7_100_2,MDL,0.008393464076678016,0.14814814814814814,1.0,23.37037037037037
5,BFGS_pert_results_f7_100_2,Err_in,0.00840965485847147,0.2962962962962963,0.0,28.11111111111111
