,dataset,criteria,avg_test_error,precision_at_k,ground_truth_hit,avg_size
0,BFGS_pert_results_f5_100_3,MSE_train_opt,7.942366880281218e-05,0.3333333333333333,0.0,56.666666666666664
1,BFGS_pert_results_f5_100_3,AIC,1.007970492866061e-06,0.8333333333333334,0.0,34.833333333333336
2,BFGS_pert_results_f5_100_3,BIC,1.007970492866061e-06,0.8333333333333334,0.0,34.833333333333336
3,BFGS_pert_results_f5_100_3,AICc,1.007970492866061e-06,0.8333333333333334,0.0,34.833333333333336
4,BFGS_pert_results_f5_100_3,MDL,1.007970492866061e-06,0.8333333333333334,0.0,34.833333333333336
5,BFGS_pert_results_f5_100_3,Err_in,12.110799534806887,0.0,0.0,49.333333333333336
