,dataset,criteria,avg_test_error,precision_at_k,ground_truth_hit,avg_size
0,BFGS_orig_results_f3_100_1,MSE_train_opt,2.4098332568674974e-06,0.0,0.0,50.142857142857146
1,BFGS_orig_results_f3_100_1,AIC,4.4464005428560545e-07,0.09523809523809523,1.0,25.428571428571427
2,BFGS_orig_results_f3_100_1,BIC,4.4464005428560545e-07,0.09523809523809523,1.0,25.428571428571427
3,BFGS_orig_results_f3_100_1,AICc,4.4464005428560545e-07,0.09523809523809523,1.0,25.428571428571427
4,BFGS_orig_results_f3_100_1,MDL,3.217974549468945e-07,0.23809523809523808,1.0,24.666666666666668
5,BFGS_orig_results_f3_100_1,Err_in,2.4189591465763266e-06,0.0,0.0,48.42857142857143
