,dataset,criteria,avg_test_error,precision_at_k,ground_truth_hit,avg_size
0,BFGS_cluster_results_f5_100_3,MSE_train_opt,1.401162870521498,0.9425287356321839,1.0,46.96551724137931
1,BFGS_cluster_results_f5_100_3,AIC,1.4011628705214982,0.9425287356321839,1.0,46.96551724137931
2,BFGS_cluster_results_f5_100_3,BIC,1.4011628705214982,0.9425287356321839,1.0,46.96551724137931
3,BFGS_cluster_results_f5_100_3,AICc,1.401162870521498,0.9425287356321839,1.0,46.96551724137931
4,BFGS_cluster_results_f5_100_3,MDL,1.4011628705214982,0.9425287356321839,1.0,46.96551724137931
5,BFGS_cluster_results_f5_100_3,Err_in,1.2456856092236388,0.9425287356321839,1.0,47.160919540229884
