,dataset,criteria,avg_test_error,precision_at_k,ground_truth_hit,avg_size
0,BFGS_pert_results_f4_100_2,MSE_train_opt,0.001430088006930737,0.75,0.0,41.583333333333336
1,BFGS_pert_results_f4_100_2,AIC,0.0014300879042028654,0.75,0.0,35.083333333333336
2,BFGS_pert_results_f4_100_2,BIC,0.0014300879042028654,0.75,0.0,35.083333333333336
3,BFGS_pert_results_f4_100_2,AICc,0.0014300879042028654,0.75,0.0,35.083333333333336
4,BFGS_pert_results_f4_100_2,MDL,0.004810859520531656,0.5833333333333334,0.0,33.333333333333336
5,BFGS_pert_results_f4_100_2,Err_in,0.02606513798992818,0.08333333333333333,0.0,55.416666666666664
