,dataset,criteria,avg_test_error,precision_at_k,ground_truth_hit,avg_size
0,BFGS_cluster_results_f7_100_2,MSE_train_opt,0.009413163268272077,0.4523809523809524,0.0,31.952380952380953
1,BFGS_cluster_results_f7_100_2,AIC,0.008758666340056287,0.47619047619047616,1.0,23.738095238095237
2,BFGS_cluster_results_f7_100_2,BIC,0.008758666340056289,0.47619047619047616,1.0,23.738095238095237
3,BFGS_cluster_results_f7_100_2,AICc,0.008758666340056287,0.47619047619047616,1.0,23.738095238095237
4,BFGS_cluster_results_f7_100_2,MDL,0.008477045323770234,0.5714285714285714,1.0,23.452380952380953
5,BFGS_cluster_results_f7_100_2,Err_in,0.008617489621941246,0.5,0.0,28.761904761904763
