,dataset,criteria,avg_test_error,precision_at_k,ground_truth_hit,avg_size
0,BFGS_orig_results_f3_100_1,MSE_train_opt,1.8622619040723216e-06,0.0,0.0,46.67857142857143
1,BFGS_orig_results_f3_100_1,AIC,6.657797136723538e-07,0.21428571428571427,1.0,25.714285714285715
2,BFGS_orig_results_f3_100_1,BIC,6.657797136723538e-07,0.21428571428571427,1.0,25.714285714285715
3,BFGS_orig_results_f3_100_1,AICc,6.657797136723538e-07,0.21428571428571427,1.0,25.714285714285715
4,BFGS_orig_results_f3_100_1,MDL,5.840612523666717e-07,0.32142857142857145,1.0,25.75
5,BFGS_orig_results_f3_100_1,Err_in,1.8755007012124509e-06,0.0,0.0,44.857142857142854
