,dataset,criteria,avg_test_error,precision_at_k,ground_truth_hit,avg_size
0,BFGS_pert_results_f5_100_3,MSE_train_opt,0.03583625079563617,0.38461538461538464,0.0,48.80769230769231
1,BFGS_pert_results_f5_100_3,AIC,0.03583621146904119,0.38461538461538464,1.0,40.23076923076923
2,BFGS_pert_results_f5_100_3,BIC,0.03583621146904119,0.38461538461538464,1.0,40.23076923076923
3,BFGS_pert_results_f5_100_3,AICc,0.03583621146904119,0.38461538461538464,1.0,40.23076923076923
4,BFGS_pert_results_f5_100_3,MDL,0.03454065880670875,0.46153846153846156,1.0,36.26923076923077
5,BFGS_pert_results_f5_100_3,Err_in,5.492724688991554,0.23076923076923078,0.0,55.07692307692308
