,dataset,criteria,avg_test_error,precision_at_k,ground_truth_hit,avg_size
0,BFGS_orig_results_f5_100_3,MSE_train_opt,0.00010117317725112119,0.0,0.0,55.1
1,BFGS_orig_results_f5_100_3,AIC,2.873848782376767e-05,0.16666666666666666,1.0,31.566666666666666
2,BFGS_orig_results_f5_100_3,BIC,2.6227279019318963e-05,0.2,1.0,31.466666666666665
3,BFGS_orig_results_f5_100_3,AICc,2.8738487823767667e-05,0.16666666666666666,1.0,31.566666666666666
4,BFGS_orig_results_f5_100_3,MDL,1.4000474960224826e-05,0.36666666666666664,1.0,29.933333333333334
5,BFGS_orig_results_f5_100_3,Err_in,0.00010117317725112119,0.0,0.0,55.1
