,dataset,criteria,avg_test_error,precision_at_k,ground_truth_hit,avg_size
0,BFGS_orig_results_f2_100_2,MSE_train_opt,1.0087041190960021e-05,0.7333333333333333,0.0,39.38666666666666
1,BFGS_orig_results_f2_100_2,AIC,7.790428363503936e-06,0.8133333333333334,1.0,30.773333333333333
2,BFGS_orig_results_f2_100_2,BIC,7.790428363503936e-06,0.8133333333333334,1.0,30.773333333333333
3,BFGS_orig_results_f2_100_2,AICc,7.790428363503936e-06,0.8133333333333334,1.0,30.773333333333333
4,BFGS_orig_results_f2_100_2,MDL,7.902926191338645e-06,0.8133333333333334,1.0,30.986666666666668
5,BFGS_orig_results_f2_100_2,Err_in,1.0087041190960021e-05,0.7333333333333333,0.0,39.38666666666666
