,dataset,criteria,avg_test_error,precision_at_k,ground_truth_hit,avg_size
0,BFGS_cluster_results_f5_100_3,MSE_train_opt,0.014515879350782246,0.07692307692307693,0.0,61.15384615384615
1,BFGS_cluster_results_f5_100_3,AIC,0.012008769000213786,0.38461538461538464,1.0,34.69230769230769
2,BFGS_cluster_results_f5_100_3,BIC,0.001664654255649939,0.3076923076923077,1.0,31.923076923076923
3,BFGS_cluster_results_f5_100_3,AICc,0.011488232943867839,0.46153846153846156,1.0,33.0
4,BFGS_cluster_results_f5_100_3,MDL,0.0011125854883604078,0.3076923076923077,1.0,30.23076923076923
5,BFGS_cluster_results_f5_100_3,Err_in,0.014267558787580716,0.15384615384615385,1.0,37.0
