,dataset,criteria,avg_test_error,precision_at_k,ground_truth_hit,avg_size
0,BFGS_pert_results_f7_100_2,MSE_train_opt,0.008479057132458051,0.43478260869565216,1.0,31.130434782608695
1,BFGS_pert_results_f7_100_2,AIC,0.008423354402244657,0.5434782608695652,1.0,24.47826086956522
2,BFGS_pert_results_f7_100_2,BIC,0.008423354402244657,0.5434782608695652,1.0,24.47826086956522
3,BFGS_pert_results_f7_100_2,AICc,0.008423354402244657,0.5434782608695652,1.0,24.47826086956522
4,BFGS_pert_results_f7_100_2,MDL,0.008394837155852052,0.5652173913043478,1.0,24.17391304347826
5,BFGS_pert_results_f7_100_2,Err_in,0.008383020742147012,0.4782608695652174,0.0,28.0
