,dataset,criteria,avg_test_error,precision_at_k,ground_truth_hit,avg_size
0,BFGS_pert_results_f7_100_2,MSE_train_opt,0.009029526881135857,0.0,0.0,41.111111111111114
1,BFGS_pert_results_f7_100_2,AIC,0.008345159151569323,0.0,1.0,22.444444444444443
2,BFGS_pert_results_f7_100_2,BIC,0.008345159151569323,0.0,1.0,22.444444444444443
3,BFGS_pert_results_f7_100_2,AICc,0.008345159151569323,0.0,1.0,22.444444444444443
4,BFGS_pert_results_f7_100_2,MDL,0.008345158820369323,0.0,1.0,22.22222222222222
5,BFGS_pert_results_f7_100_2,Err_in,0.008539261879514188,0.0,0.0,27.0
