,dataset,criteria,avg_test_error,precision_at_k,ground_truth_hit,avg_size
0,BFGS_cluster_results_f5_100_3,MSE_train_opt,0.0999742714566918,0.9726027397260274,1.0,46.657534246575345
1,BFGS_cluster_results_f5_100_3,AIC,0.09997427145669179,0.9726027397260274,1.0,46.657534246575345
2,BFGS_cluster_results_f5_100_3,BIC,0.09997427145669179,0.9726027397260274,1.0,46.657534246575345
3,BFGS_cluster_results_f5_100_3,AICc,0.0999742714566918,0.9726027397260274,1.0,46.657534246575345
4,BFGS_cluster_results_f5_100_3,MDL,0.0999742714566918,0.9726027397260274,1.0,46.657534246575345
5,BFGS_cluster_results_f5_100_3,Err_in,0.10176410759187753,0.958904109589041,1.0,46.013698630136986
