,dataset,criteria,avg_test_error,precision_at_k,ground_truth_hit,avg_size
0,BFGS_orig_results_f5_100_3,MSE_train_opt,6.639725227400864e-05,0.4067796610169492,0.0,48.74576271186441
1,BFGS_orig_results_f5_100_3,AIC,2.9212949372407532e-05,0.6610169491525424,1.0,34.67796610169491
2,BFGS_orig_results_f5_100_3,BIC,2.9212949372407532e-05,0.6610169491525424,1.0,34.67796610169491
3,BFGS_orig_results_f5_100_3,AICc,2.9212949372407532e-05,0.6610169491525424,1.0,34.67796610169491
4,BFGS_orig_results_f5_100_3,MDL,2.4876940290040675e-05,0.6949152542372882,1.0,33.96610169491525
5,BFGS_orig_results_f5_100_3,Err_in,6.639725227400864e-05,0.4067796610169492,0.0,48.74576271186441
