,dataset,criteria,avg_test_error,precision_at_k,ground_truth_hit,avg_size
0,BFGS_orig_results_f4_100_2,MSE_train_opt,0.004496791383101816,0.06818181818181818,0.0,44.95454545454545
1,BFGS_orig_results_f4_100_2,AIC,0.004426080040481468,0.38636363636363635,1.0,34.81818181818182
2,BFGS_orig_results_f4_100_2,BIC,0.0002047043616716793,0.38636363636363635,1.0,34.56818181818182
3,BFGS_orig_results_f4_100_2,AICc,0.0008437706976538892,0.38636363636363635,1.0,34.84090909090909
4,BFGS_orig_results_f4_100_2,MDL,0.0041193003789580995,0.4772727272727273,1.0,33.77272727272727
5,BFGS_orig_results_f4_100_2,Err_in,0.004496791383101816,0.06818181818181818,0.0,44.95454545454545
