,dataset,criteria,avg_test_error,precision_at_k,ground_truth_hit,avg_size
0,BFGS_cluster_results_f1_100_10,MSE_train_opt,0.052682618100507256,0.0,0.0,58.92307692307692
1,BFGS_cluster_results_f1_100_10,AIC,0.02972669091189523,0.15384615384615385,1.0,37.23076923076923
2,BFGS_cluster_results_f1_100_10,BIC,0.020243302341888467,0.23076923076923078,1.0,33.26923076923077
3,BFGS_cluster_results_f1_100_10,AICc,0.027009118337893954,0.15384615384615385,1.0,36.07692307692308
4,BFGS_cluster_results_f1_100_10,MDL,0.013635021763451532,0.6153846153846154,1.0,30.153846153846153
5,BFGS_cluster_results_f1_100_10,Err_in,0.013381295675393291,0.8461538461538461,1.0,31.53846153846154
