,dataset,criteria,avg_test_error,precision_at_k,ground_truth_hit,avg_size
0,BFGS_orig_results_f1_100_10,MSE_train_opt,0.012528961632611545,0.9204545454545454,1.0,35.35227272727273
1,BFGS_orig_results_f1_100_10,AIC,0.012649750421241225,0.9090909090909091,1.0,33.48863636363637
2,BFGS_orig_results_f1_100_10,BIC,0.012394851559066293,0.9204545454545454,1.0,33.23863636363637
3,BFGS_orig_results_f1_100_10,AICc,0.012394851559066293,0.9204545454545454,1.0,33.23863636363637
4,BFGS_orig_results_f1_100_10,MDL,0.012069400981690605,0.9318181818181818,1.0,33.0
5,BFGS_orig_results_f1_100_10,Err_in,0.01185705219149235,0.9318181818181818,1.0,35.04545454545455
