,dataset,criteria,avg_test_error,precision_at_k,ground_truth_hit,avg_size
0,BFGS_cluster_results_f2_100_2,MSE_train_opt,0.00010437738330476965,0.0,0.0,60.8235294117647
1,BFGS_cluster_results_f2_100_2,AIC,2.2577547822481874e-05,0.5,1.0,25.441176470588236
2,BFGS_cluster_results_f2_100_2,BIC,1.981050035339256e-05,0.5,1.0,24.88235294117647
3,BFGS_cluster_results_f2_100_2,AICc,2.2577547822481874e-05,0.5,1.0,25.441176470588236
4,BFGS_cluster_results_f2_100_2,MDL,1.9280771739992453e-05,0.5588235294117647,1.0,24.441176470588236
5,BFGS_cluster_results_f2_100_2,Err_in,1.5162559206526776e-05,0.6764705882352942,0.0,27.235294117647058
