,dataset,criteria,avg_test_error,precision_at_k,ground_truth_hit,avg_size
0,BFGS_orig_results_f7_100_2,MSE_train_opt,0.008643682506580002,0.08333333333333333,0.0,40.333333333333336
1,BFGS_orig_results_f7_100_2,AIC,0.008453789597684518,0.0,1.0,22.916666666666668
2,BFGS_orig_results_f7_100_2,BIC,0.008453789597684518,0.0,1.0,22.916666666666668
3,BFGS_orig_results_f7_100_2,AICc,0.008453789597684518,0.0,1.0,22.916666666666668
4,BFGS_orig_results_f7_100_2,MDL,0.008345158736958591,0.0,1.0,22.916666666666668
5,BFGS_orig_results_f7_100_2,Err_in,0.008253572063579743,0.08333333333333333,0.0,35.75
