,dataset,criteria,avg_test_error,precision_at_k,ground_truth_hit,avg_size
0,BFGS_cluster_results_f2_100_2,MSE_train_opt,0.00016262994914953627,0.0,0.0,75.88888888888889
1,BFGS_cluster_results_f2_100_2,AIC,2.112072035501569e-05,0.2222222222222222,1.0,25.77777777777778
2,BFGS_cluster_results_f2_100_2,BIC,1.5197820790375801e-05,0.2777777777777778,1.0,24.27777777777778
3,BFGS_cluster_results_f2_100_2,AICc,2.0459235725100465e-05,0.2777777777777778,1.0,25.444444444444443
4,BFGS_cluster_results_f2_100_2,MDL,1.5134369998341469e-05,0.2777777777777778,1.0,23.555555555555557
5,BFGS_cluster_results_f2_100_2,Err_in,1.516200882334077e-05,0.3333333333333333,0.0,28.61111111111111
