,dataset,criteria,avg_test_error,precision_at_k,ground_truth_hit,avg_size
0,BFGS_cluster_results_f7_100_2,MSE_train_opt,0.009439212182996138,0.43902439024390244,0.0,31.975609756097562
1,BFGS_cluster_results_f7_100_2,AIC,0.00876875188716729,0.4878048780487805,1.0,23.75609756097561
2,BFGS_cluster_results_f7_100_2,BIC,0.008768751887167291,0.4878048780487805,1.0,23.75609756097561
3,BFGS_cluster_results_f7_100_2,AICc,0.00876875188716729,0.4878048780487805,1.0,23.75609756097561
4,BFGS_cluster_results_f7_100_2,MDL,0.008480262106442133,0.5609756097560976,1.0,23.414634146341463
5,BFGS_cluster_results_f7_100_2,Err_in,0.008624131822081521,0.4878048780487805,0.0,28.75609756097561
