,dataset,criteria,avg_test_error,precision_at_k,ground_truth_hit,avg_size
0,BFGS_orig_results_f2_100_2,MSE_train_opt,1.0387196775394806e-05,0.6417910447761194,0.0,38.17910447761194
1,BFGS_orig_results_f2_100_2,AIC,7.509928828352054e-06,0.7313432835820896,1.0,28.865671641791046
2,BFGS_orig_results_f2_100_2,BIC,7.509928828352054e-06,0.7313432835820896,1.0,28.865671641791046
3,BFGS_orig_results_f2_100_2,AICc,7.509928828352054e-06,0.7313432835820896,1.0,28.865671641791046
4,BFGS_orig_results_f2_100_2,MDL,6.7732931938973274e-06,0.7313432835820896,1.0,28.850746268656717
5,BFGS_orig_results_f2_100_2,Err_in,1.0387196775394806e-05,0.6417910447761194,0.0,38.17910447761194
