,dataset,criteria,avg_test_error,precision_at_k,ground_truth_hit,avg_size
0,BFGS_orig_results_f7_100_2,MSE_train_opt,0.008399434813201006,0.7727272727272727,1.0,30.424242424242426
1,BFGS_orig_results_f7_100_2,AIC,0.00842593797835208,0.7272727272727273,1.0,25.71212121212121
2,BFGS_orig_results_f7_100_2,BIC,0.00842593797835208,0.7272727272727273,1.0,25.71212121212121
3,BFGS_orig_results_f7_100_2,AICc,0.00842593797835208,0.7272727272727273,1.0,25.71212121212121
4,BFGS_orig_results_f7_100_2,MDL,0.00839955736506125,0.7575757575757576,1.0,25.393939393939394
5,BFGS_orig_results_f7_100_2,Err_in,0.008205229436658773,0.7424242424242424,1.0,30.59090909090909
