,dataset,criteria,avg_test_error,precision_at_k,ground_truth_hit,avg_size
0,BFGS_cluster_results_f1_100_10,MSE_train_opt,0.05072540873059266,0.0,0.0,57.1
1,BFGS_cluster_results_f1_100_10,AIC,0.027628021706424685,0.2,1.0,36.7
2,BFGS_cluster_results_f1_100_10,BIC,0.01893453643878478,0.4,1.0,32.93333333333333
3,BFGS_cluster_results_f1_100_10,AICc,0.026204987440944346,0.2,1.0,35.93333333333333
4,BFGS_cluster_results_f1_100_10,MDL,0.013345327103346485,0.6666666666666666,1.0,30.433333333333334
5,BFGS_cluster_results_f1_100_10,Err_in,0.013002709791250292,0.8666666666666667,1.0,31.8
