,dataset,criteria,avg_test_error,precision_at_k,ground_truth_hit,avg_size
0,BFGS_cluster_results_f5_100_3,MSE_train_opt,1.9506770351441587,0.9438202247191011,1.0,46.92134831460674
1,BFGS_cluster_results_f5_100_3,AIC,1.9506770351441591,0.9438202247191011,1.0,46.92134831460674
2,BFGS_cluster_results_f5_100_3,BIC,1.9506770351441591,0.9438202247191011,1.0,46.92134831460674
3,BFGS_cluster_results_f5_100_3,AICc,1.9506770351441587,0.9438202247191011,1.0,46.92134831460674
4,BFGS_cluster_results_f5_100_3,MDL,1.9506770351441591,0.9438202247191011,1.0,46.92134831460674
5,BFGS_cluster_results_f5_100_3,Err_in,1.2776565821432475,0.9325842696629213,1.0,46.69662921348315
