,dataset,criteria,avg_test_error,precision_at_k,ground_truth_hit,avg_size
0,BFGS_cluster_results_f4_100_2,MSE_train_opt,0.0011479500921027339,0.704225352112676,0.0,51.59154929577465
1,BFGS_cluster_results_f4_100_2,AIC,0.0008362320363522734,0.8309859154929577,1.0,36.563380281690144
2,BFGS_cluster_results_f4_100_2,BIC,0.0008280427509283182,0.8309859154929577,1.0,36.45070422535211
3,BFGS_cluster_results_f4_100_2,AICc,0.0008280427509283183,0.8309859154929577,1.0,36.45070422535211
4,BFGS_cluster_results_f4_100_2,MDL,0.0008111075834662746,0.8309859154929577,1.0,36.33802816901409
5,BFGS_cluster_results_f4_100_2,Err_in,0.0009008273567684406,0.8309859154929577,1.0,44.267605633802816
