,dataset,criteria,avg_test_error,precision_at_k,ground_truth_hit,avg_size
0,BFGS_orig_results_f4_100_2,MSE_train_opt,0.0028313750534310535,0.6285714285714286,0.0,46.214285714285715
1,BFGS_orig_results_f4_100_2,AIC,0.002809980290213863,0.7,1.0,38.371428571428574
2,BFGS_orig_results_f4_100_2,BIC,0.0028019952019964728,0.7142857142857143,1.0,38.25714285714286
3,BFGS_orig_results_f4_100_2,AICc,0.0028019952019964728,0.7142857142857143,1.0,38.25714285714286
4,BFGS_orig_results_f4_100_2,MDL,0.0026214822965738177,0.7285714285714285,1.0,38.385714285714286
5,BFGS_orig_results_f4_100_2,Err_in,0.0028313750534310535,0.6285714285714286,0.0,46.214285714285715
