,dataset,criteria,avg_test_error,precision_at_k,ground_truth_hit,avg_size
0,BFGS_cluster_results_f4_100_2,MSE_train_opt,0.0013509888647662,0.2962962962962963,0.0,58.03703703703704
1,BFGS_cluster_results_f4_100_2,AIC,0.000789813362659989,0.7222222222222222,1.0,33.22222222222222
2,BFGS_cluster_results_f4_100_2,BIC,0.0007120494398867483,0.7777777777777778,1.0,32.55555555555556
3,BFGS_cluster_results_f4_100_2,AICc,0.0007852161878856296,0.7222222222222222,1.0,33.24074074074074
4,BFGS_cluster_results_f4_100_2,MDL,0.0006686455118362687,0.7962962962962963,1.0,32.31481481481482
5,BFGS_cluster_results_f4_100_2,Err_in,0.0007256636842248149,0.7777777777777778,1.0,40.851851851851855
