,dataset,criteria,avg_test_error,precision_at_k,ground_truth_hit,avg_size
0,BFGS_orig_results_f4_100_2,MSE_train_opt,0.028715715540496317,0.0,0.0,47.666666666666664
1,BFGS_orig_results_f4_100_2,AIC,0.0009140515156872155,0.16666666666666666,1.0,31.833333333333332
2,BFGS_orig_results_f4_100_2,BIC,0.000786970153261458,0.3333333333333333,1.0,29.166666666666668
3,BFGS_orig_results_f4_100_2,AICc,0.0009140515156872155,0.16666666666666666,1.0,31.833333333333332
4,BFGS_orig_results_f4_100_2,MDL,8.358781214549241e-07,0.3333333333333333,1.0,28.333333333333332
5,BFGS_orig_results_f4_100_2,Err_in,0.028715715540496317,0.0,0.0,47.666666666666664
