,dataset,criteria,avg_test_error,precision_at_k,ground_truth_hit,avg_size
0,BFGS_cluster_results_f5_100_3,MSE_train_opt,0.08925723901908265,0.9253731343283582,1.0,47.17910447761194
1,BFGS_cluster_results_f5_100_3,AIC,0.08925723901908265,0.9253731343283582,1.0,47.17910447761194
2,BFGS_cluster_results_f5_100_3,BIC,0.08925723901908265,0.9253731343283582,1.0,47.17910447761194
3,BFGS_cluster_results_f5_100_3,AICc,0.08925723901908265,0.9253731343283582,1.0,47.17910447761194
4,BFGS_cluster_results_f5_100_3,MDL,0.08925723901908265,0.9253731343283582,1.0,47.17910447761194
5,BFGS_cluster_results_f5_100_3,Err_in,0.09258737152144433,0.9253731343283582,1.0,46.417910447761194
