,dataset,criteria,avg_test_error,precision_at_k,ground_truth_hit,avg_size
0,BFGS_pert_results_f7_100_2,MSE_train_opt,0.008491809262050086,0.35714285714285715,1.0,30.761904761904763
1,BFGS_pert_results_f7_100_2,AIC,0.008399563720600231,0.5,1.0,24.333333333333332
2,BFGS_pert_results_f7_100_2,BIC,0.008399563720600231,0.5,1.0,24.333333333333332
3,BFGS_pert_results_f7_100_2,AICc,0.008399563720600231,0.5,1.0,24.333333333333332
4,BFGS_pert_results_f7_100_2,MDL,0.008399562791731149,0.47619047619047616,1.0,23.928571428571427
5,BFGS_pert_results_f7_100_2,Err_in,0.008386626407695713,0.40476190476190477,0.0,27.88095238095238
