,dataset,criteria,avg_test_error,precision_at_k,ground_truth_hit,avg_size
0,BFGS_pert_results_f7_100_2,MSE_train_opt,0.008687342726196218,0.0,0.0,35.27777777777778
1,BFGS_pert_results_f7_100_2,AIC,0.0084175795040342,0.0,1.0,23.38888888888889
2,BFGS_pert_results_f7_100_2,BIC,0.0084175795040342,0.0,1.0,23.38888888888889
3,BFGS_pert_results_f7_100_2,AICc,0.0084175795040342,0.0,1.0,23.38888888888889
4,BFGS_pert_results_f7_100_2,MDL,0.008345174811407683,0.0,1.0,23.0
5,BFGS_pert_results_f7_100_2,Err_in,0.008442139940815906,0.2222222222222222,0.0,27.0
