,dataset,criteria,avg_test_error,precision_at_k,ground_truth_hit,avg_size
0,BFGS_cluster_results_f7_100_2,MSE_train_opt,0.00894324085219177,0.7333333333333333,1.0,29.533333333333335
1,BFGS_cluster_results_f7_100_2,AIC,0.008745149712346665,0.84,1.0,25.76
2,BFGS_cluster_results_f7_100_2,BIC,0.008651971745067741,0.84,1.0,25.626666666666665
3,BFGS_cluster_results_f7_100_2,AICc,0.008745149712346665,0.84,1.0,25.76
4,BFGS_cluster_results_f7_100_2,MDL,0.0086519718746546,0.84,1.0,25.386666666666667
5,BFGS_cluster_results_f7_100_2,Err_in,0.008515882547094523,0.92,1.0,27.346666666666668
