,dataset,criteria,avg_test_error,precision_at_k,ground_truth_hit,avg_size
0,BFGS_orig_results_f4_100_2,MSE_train_opt,0.0025097631695091297,0.7848101265822784,0.0,47.75949367088607
1,BFGS_orig_results_f4_100_2,AIC,0.002503020362667588,0.7974683544303798,1.0,40.69620253164557
2,BFGS_orig_results_f4_100_2,BIC,0.0025030203626675886,0.7974683544303798,1.0,40.69620253164557
3,BFGS_orig_results_f4_100_2,AICc,0.002503020362667588,0.7974683544303798,1.0,40.69620253164557
4,BFGS_orig_results_f4_100_2,MDL,0.002487347352188993,0.810126582278481,1.0,40.75949367088607
5,BFGS_orig_results_f4_100_2,Err_in,0.0025097631695091297,0.7848101265822784,0.0,47.75949367088607
