,dataset,criteria,avg_test_error,precision_at_k,ground_truth_hit,avg_size
0,BFGS_orig_results_f5_100_3,MSE_train_opt,0.00018065334456062362,0.0,0.0,52.5
1,BFGS_orig_results_f5_100_3,AIC,3.890889036268393e-05,0.16666666666666666,1.0,30.333333333333332
2,BFGS_orig_results_f5_100_3,BIC,3.890889036268393e-05,0.16666666666666666,1.0,30.333333333333332
3,BFGS_orig_results_f5_100_3,AICc,3.890889036268393e-05,0.16666666666666666,1.0,30.333333333333332
4,BFGS_orig_results_f5_100_3,MDL,1.225041243897352e-07,0.16666666666666666,1.0,27.166666666666668
5,BFGS_orig_results_f5_100_3,Err_in,0.00018065334456062362,0.0,0.0,52.5
