,dataset,criteria,avg_test_error,precision_at_k,ground_truth_hit,avg_size
0,BFGS_pert_results_f2_100_2,MSE_train_opt,0.011296821781427532,0.9583333333333334,0.0,47.833333333333336
1,BFGS_pert_results_f2_100_2,AIC,0.01128895136249477,0.9583333333333334,0.0,46.083333333333336
2,BFGS_pert_results_f2_100_2,BIC,0.01128895136249477,0.9583333333333334,0.0,46.083333333333336
3,BFGS_pert_results_f2_100_2,AICc,0.01128895136249477,0.9583333333333334,0.0,46.083333333333336
4,BFGS_pert_results_f2_100_2,MDL,0.011468089690942379,0.875,0.0,37.416666666666664
5,BFGS_pert_results_f2_100_2,Err_in,0.013769083082086348,0.3333333333333333,0.0,41.791666666666664
