,dataset,criteria,avg_test_error,precision_at_k,ground_truth_hit,avg_size
0,BFGS_cluster_results_f2_100_2,MSE_train_opt,0.00015530998082534568,0.0,0.0,76.0
1,BFGS_cluster_results_f2_100_2,AIC,2.0807161529860088e-05,0.2631578947368421,1.0,25.63157894736842
2,BFGS_cluster_results_f2_100_2,BIC,1.519599442328167e-05,0.2631578947368421,1.0,24.36842105263158
3,BFGS_cluster_results_f2_100_2,AICc,2.0180492471113914e-05,0.2631578947368421,1.0,25.63157894736842
4,BFGS_cluster_results_f2_100_2,MDL,1.513588296572898e-05,0.2631578947368421,1.0,23.63157894736842
5,BFGS_cluster_results_f2_100_2,Err_in,1.5162064679329443e-05,0.42105263157894735,0.0,28.36842105263158
