,dataset,criteria,avg_test_error,precision_at_k,ground_truth_hit,avg_size
0,BFGS_orig_results_f2_100_2,MSE_train_opt,1.1692843874713285e-05,0.3584905660377358,0.0,38.735849056603776
1,BFGS_orig_results_f2_100_2,AIC,6.5211965097400724e-06,0.6226415094339622,1.0,26.9811320754717
2,BFGS_orig_results_f2_100_2,BIC,6.5211965097400724e-06,0.6226415094339622,1.0,26.9811320754717
3,BFGS_orig_results_f2_100_2,AICc,6.5211965097400724e-06,0.6226415094339622,1.0,26.9811320754717
4,BFGS_orig_results_f2_100_2,MDL,6.701655017771681e-06,0.6415094339622641,1.0,26.830188679245282
5,BFGS_orig_results_f2_100_2,Err_in,1.1692843874713285e-05,0.3584905660377358,0.0,38.735849056603776
