,dataset,criteria,avg_test_error,precision_at_k,ground_truth_hit,avg_size
0,BFGS_cluster_results_f7_100_2,MSE_train_opt,0.00897693568287413,0.704225352112676,1.0,29.87323943661972
1,BFGS_cluster_results_f7_100_2,AIC,0.008767684264201565,0.8028169014084507,1.0,25.56338028169014
2,BFGS_cluster_results_f7_100_2,BIC,0.0086675029781324,0.8169014084507042,1.0,25.464788732394368
3,BFGS_cluster_results_f7_100_2,AICc,0.008667502978132399,0.8169014084507042,1.0,25.464788732394368
4,BFGS_cluster_results_f7_100_2,MDL,0.008669256974548315,0.8028169014084507,1.0,25.154929577464788
5,BFGS_cluster_results_f7_100_2,Err_in,0.008506255632297843,0.8732394366197183,0.0,27.422535211267604
