,dataset,criteria,avg_test_error,precision_at_k,ground_truth_hit,avg_size
0,BFGS_orig_results_f1_100_10,MSE_train_opt,0.013406279867579213,0.5967741935483871,1.0,36.79032258064516
1,BFGS_orig_results_f1_100_10,AIC,0.012764249797107953,0.6129032258064516,1.0,32.37096774193548
2,BFGS_orig_results_f1_100_10,BIC,0.01223674225402545,0.6612903225806451,1.0,31.758064516129032
3,BFGS_orig_results_f1_100_10,AICc,0.012617446303131425,0.6290322580645161,1.0,32.11290322580645
4,BFGS_orig_results_f1_100_10,MDL,0.011488869796707001,0.7580645161290323,1.0,31.016129032258064
5,BFGS_orig_results_f1_100_10,Err_in,0.010968540921392236,0.8870967741935484,1.0,34.516129032258064
