,dataset,criteria,avg_test_error,precision_at_k,ground_truth_hit,avg_size
0,BFGS_orig_results_f6_100_2,MSE_train_opt,0.0005674674622013784,0.7666666666666667,0.0,50.516666666666666
1,BFGS_orig_results_f6_100_2,AIC,0.000646250849121718,0.6,1.0,34.03333333333333
2,BFGS_orig_results_f6_100_2,BIC,0.000645516657013538,0.6,1.0,33.916666666666664
3,BFGS_orig_results_f6_100_2,AICc,0.000645516657013538,0.6,1.0,33.916666666666664
4,BFGS_orig_results_f6_100_2,MDL,0.0006021569141903352,0.6333333333333333,1.0,33.53333333333333
5,BFGS_orig_results_f6_100_2,Err_in,0.0005674674622013784,0.7666666666666667,0.0,50.516666666666666
