,dataset,criteria,avg_test_error,precision_at_k,ground_truth_hit,avg_size
0,BFGS_cluster_results_f1_100_10,MSE_train_opt,0.03062342048082066,0.647887323943662,0.0,45.774647887323944
1,BFGS_cluster_results_f1_100_10,AIC,0.02177069573327985,0.7887323943661971,1.0,37.50704225352113
2,BFGS_cluster_results_f1_100_10,BIC,0.019693953194738958,0.8309859154929577,1.0,35.71830985915493
3,BFGS_cluster_results_f1_100_10,AICc,0.01915580912759139,0.8309859154929577,1.0,36.225352112676056
4,BFGS_cluster_results_f1_100_10,MDL,0.017580060369298316,0.8873239436619719,1.0,34.774647887323944
5,BFGS_cluster_results_f1_100_10,Err_in,0.016052911853766644,0.9154929577464789,1.0,37.7887323943662
