,dataset,criteria,avg_test_error,precision_at_k,ground_truth_hit,avg_size
0,BFGS_cluster_results_f3_100_1,MSE_train_opt,9.884391217564734e-05,0.021739130434782608,0.0,55.58695652173913
1,BFGS_cluster_results_f3_100_1,AIC,2.1475925998274333e-05,0.6086956521739131,1.0,28.130434782608695
2,BFGS_cluster_results_f3_100_1,BIC,1.7414717198207957e-05,0.6521739130434783,1.0,27.76086956521739
3,BFGS_cluster_results_f3_100_1,AICc,2.032124661526661e-05,0.6304347826086957,1.0,27.956521739130434
4,BFGS_cluster_results_f3_100_1,MDL,1.2521582522783356e-05,0.7608695652173914,1.0,27.065217391304348
5,BFGS_cluster_results_f3_100_1,Err_in,1.174989519053356e-05,0.8695652173913043,1.0,29.869565217391305
