,dataset,criteria,avg_test_error,precision_at_k,ground_truth_hit,avg_size
0,BFGS_pert_results_f3_100_1,MSE_train_opt,1.042668434503246e-06,0.6428571428571429,0.0,51.285714285714285
1,BFGS_pert_results_f3_100_1,AIC,3.9747841086563176e-07,0.7857142857142857,0.0,35.57142857142857
2,BFGS_pert_results_f3_100_1,BIC,3.9747841086563176e-07,0.7857142857142857,0.0,35.57142857142857
3,BFGS_pert_results_f3_100_1,AICc,3.9747841086563176e-07,0.7857142857142857,0.0,35.57142857142857
4,BFGS_pert_results_f3_100_1,MDL,0.0005098110623240284,0.5,1.0,27.571428571428573
5,BFGS_pert_results_f3_100_1,Err_in,0.002082050734462809,0.14285714285714285,1.0,46.42857142857143
