,dataset,criteria,avg_test_error,precision_at_k,ground_truth_hit,avg_size
0,BFGS_cluster_results_f2_100_2,MSE_train_opt,8.628239974188026e-05,0.023255813953488372,0.0,57.06976744186046
1,BFGS_cluster_results_f2_100_2,AIC,2.1050182556315852e-05,0.6744186046511628,1.0,25.976744186046513
2,BFGS_cluster_results_f2_100_2,BIC,1.8847730340908696e-05,0.6744186046511628,1.0,25.372093023255815
3,BFGS_cluster_results_f2_100_2,AICc,2.1050182556315852e-05,0.6744186046511628,1.0,25.976744186046513
4,BFGS_cluster_results_f2_100_2,MDL,1.8557527054734527e-05,0.7441860465116279,1.0,25.162790697674417
5,BFGS_cluster_results_f2_100_2,Err_in,1.5701772785530277e-05,0.7906976744186046,0.0,27.627906976744185
