,dataset,criteria,avg_test_error,precision_at_k,ground_truth_hit,avg_size
0,BFGS_pert_results_f7_100_2,MSE_train_opt,0.009371711323931583,0.0,0.0,40.833333333333336
1,BFGS_pert_results_f7_100_2,AIC,0.008345159069122051,0.0,1.0,22.5
2,BFGS_pert_results_f7_100_2,BIC,0.008345159069122051,0.0,1.0,22.5
3,BFGS_pert_results_f7_100_2,AICc,0.008345159069122051,0.0,1.0,22.5
4,BFGS_pert_results_f7_100_2,MDL,0.00834515865904545,0.0,1.0,21.666666666666668
5,BFGS_pert_results_f7_100_2,Err_in,0.008636265367433166,0.0,0.0,27.166666666666668
