,dataset,criteria,avg_test_error,precision_at_k,ground_truth_hit,avg_size
0,BFGS_orig_results_f2_100_2,MSE_train_opt,1.642865440394363e-05,0.0,0.0,37.523809523809526
1,BFGS_orig_results_f2_100_2,AIC,4.371092506892781e-06,0.14285714285714285,1.0,24.428571428571427
2,BFGS_orig_results_f2_100_2,BIC,4.371092506892781e-06,0.14285714285714285,1.0,24.428571428571427
3,BFGS_orig_results_f2_100_2,AICc,4.371092506892781e-06,0.14285714285714285,1.0,24.428571428571427
4,BFGS_orig_results_f2_100_2,MDL,7.624590895796212e-06,0.2857142857142857,1.0,24.238095238095237
5,BFGS_orig_results_f2_100_2,Err_in,1.642865440394363e-05,0.0,0.0,37.523809523809526
