,dataset,criteria,avg_test_error,precision_at_k,ground_truth_hit,avg_size
0,BFGS_cluster_results_f3_100_1,MSE_train_opt,5.9782818886892836e-05,0.8571428571428571,0.0,44.80952380952381
1,BFGS_cluster_results_f3_100_1,AIC,4.6082612544441226e-05,0.9047619047619048,1.0,36.80952380952381
2,BFGS_cluster_results_f3_100_1,BIC,4.6082612544441226e-05,0.9047619047619048,1.0,36.80952380952381
3,BFGS_cluster_results_f3_100_1,AICc,4.6082612544441226e-05,0.9047619047619048,1.0,36.80952380952381
4,BFGS_cluster_results_f3_100_1,MDL,4.4499644340394464e-05,0.9166666666666666,1.0,36.654761904761905
5,BFGS_cluster_results_f3_100_1,Err_in,4.57160886996024e-05,0.9285714285714286,1.0,40.226190476190474
