,dataset,criteria,avg_test_error,precision_at_k,ground_truth_hit,avg_size
0,BFGS_cluster_results_f5_100_3,MSE_train_opt,0.009995799673943448,0.8055555555555556,1.0,46.22222222222222
1,BFGS_cluster_results_f5_100_3,AIC,0.006054956031524262,0.8055555555555556,1.0,40.05555555555556
2,BFGS_cluster_results_f5_100_3,BIC,0.006108884494844187,0.8055555555555556,1.0,38.55555555555556
3,BFGS_cluster_results_f5_100_3,AICc,0.006065943107780091,0.8055555555555556,1.0,39.083333333333336
4,BFGS_cluster_results_f5_100_3,MDL,0.005699207117563772,0.8611111111111112,1.0,36.75
5,BFGS_cluster_results_f5_100_3,Err_in,0.007868823688542392,0.7777777777777778,1.0,37.5
