,dataset,criteria,avg_test_error,precision_at_k,ground_truth_hit,avg_size
0,BFGS_cluster_results_f2_100_2,MSE_train_opt,6.370484772580069e-05,0.49206349206349204,0.0,47.46031746031746
1,BFGS_cluster_results_f2_100_2,AIC,2.8059351904930567e-05,0.8253968253968254,1.0,28.46031746031746
2,BFGS_cluster_results_f2_100_2,BIC,2.1995280523050663e-05,0.8571428571428571,1.0,27.793650793650794
3,BFGS_cluster_results_f2_100_2,AICc,2.1995280523050663e-05,0.8571428571428571,1.0,27.793650793650794
4,BFGS_cluster_results_f2_100_2,MDL,1.9013025214505708e-05,0.8888888888888888,1.0,27.22222222222222
5,BFGS_cluster_results_f2_100_2,Err_in,1.905223954289247e-05,0.9047619047619048,1.0,28.88888888888889
