,dataset,criteria,avg_test_error,precision_at_k,ground_truth_hit,avg_size
0,BFGS_orig_results_f7_100_2,MSE_train_opt,0.00839422945936288,0.8356164383561644,1.0,30.671232876712327
1,BFGS_orig_results_f7_100_2,AIC,0.008420085869798139,0.7945205479452054,1.0,26.21917808219178
2,BFGS_orig_results_f7_100_2,BIC,0.008420085869798139,0.7945205479452054,1.0,26.21917808219178
3,BFGS_orig_results_f7_100_2,AICc,0.008420085869798139,0.7945205479452054,1.0,26.21917808219178
4,BFGS_orig_results_f7_100_2,MDL,0.008418191868147979,0.8082191780821918,1.0,26.095890410958905
5,BFGS_orig_results_f7_100_2,Err_in,0.008218870665676867,0.8082191780821918,1.0,30.205479452054796
