,dataset,criteria,avg_test_error,precision_at_k,ground_truth_hit,avg_size
0,BFGS_orig_results_f4_100_2,MSE_train_opt,0.002791496531560339,0.647887323943662,0.0,46.61971830985915
1,BFGS_orig_results_f4_100_2,AIC,0.002770403103027752,0.7183098591549296,1.0,38.49295774647887
2,BFGS_orig_results_f4_100_2,BIC,0.002770403103027752,0.7183098591549296,1.0,38.49295774647887
3,BFGS_orig_results_f4_100_2,AICc,0.002770403103027752,0.7183098591549296,1.0,38.49295774647887
4,BFGS_orig_results_f4_100_2,MDL,0.0027546658880638866,0.7323943661971831,1.0,38.521126760563384
5,BFGS_orig_results_f4_100_2,Err_in,0.002791496531560339,0.647887323943662,0.0,46.61971830985915
