,dataset,criteria,avg_test_error,precision_at_k,ground_truth_hit,avg_size
0,BFGS_cluster_results_f5_100_3,MSE_train_opt,0.013516049111856537,0.14285714285714285,0.0,59.42857142857143
1,BFGS_cluster_results_f5_100_3,AIC,0.01118881302442268,0.42857142857142855,1.0,34.857142857142854
2,BFGS_cluster_results_f5_100_3,BIC,0.0015835636187562505,0.35714285714285715,1.0,32.285714285714285
3,BFGS_cluster_results_f5_100_3,AICc,0.010849552286209744,0.42857142857142855,1.0,32.857142857142854
4,BFGS_cluster_results_f5_100_3,MDL,0.0012765371509139644,0.35714285714285715,1.0,30.0
5,BFGS_cluster_results_f5_100_3,Err_in,0.013811365920757207,0.21428571428571427,1.0,36.785714285714285
