,dataset,criteria,avg_test_error,precision_at_k,ground_truth_hit,avg_size
0,BFGS_orig_results_f5_100_3,MSE_train_opt,0.00015200291813161475,0.0,0.0,59.22222222222222
1,BFGS_orig_results_f5_100_3,AIC,5.8151477999172415e-05,0.1111111111111111,1.0,32.22222222222222
2,BFGS_orig_results_f5_100_3,BIC,4.376738624918352e-05,0.1111111111111111,1.0,31.0
3,BFGS_orig_results_f5_100_3,AICc,4.376738624918352e-05,0.1111111111111111,1.0,31.0
4,BFGS_orig_results_f5_100_3,MDL,9.810358765831282e-06,0.1111111111111111,1.0,27.77777777777778
5,BFGS_orig_results_f5_100_3,Err_in,0.00015200291813161475,0.0,0.0,59.22222222222222
