,dataset,criteria,avg_test_error,precision_at_k,ground_truth_hit,avg_size
0,BFGS_cluster_results_f3_100_1,MSE_train_opt,7.0821768049848e-05,0.6086956521739131,0.0,48.7536231884058
1,BFGS_cluster_results_f3_100_1,AIC,3.8431805237718123e-05,0.855072463768116,1.0,31.985507246376812
2,BFGS_cluster_results_f3_100_1,BIC,2.4550095960113408e-05,0.8840579710144928,1.0,31.594202898550726
3,BFGS_cluster_results_f3_100_1,AICc,2.6747995534219894e-05,0.8695652173913043,1.0,31.91304347826087
4,BFGS_cluster_results_f3_100_1,MDL,3.1078186278078706e-05,0.9130434782608695,1.0,31.666666666666668
5,BFGS_cluster_results_f3_100_1,Err_in,3.680105912585927e-05,0.855072463768116,1.0,35.43478260869565
