,dataset,criteria,avg_test_error,precision_at_k,ground_truth_hit,avg_size
0,BFGS_orig_results_f5_100_3,MSE_train_opt,5.3356827555882554e-05,0.7162162162162162,0.0,45.891891891891895
1,BFGS_orig_results_f5_100_3,AIC,4.13426348999188e-05,0.7837837837837838,1.0,37.66216216216216
2,BFGS_orig_results_f5_100_3,BIC,4.13426348999188e-05,0.7837837837837838,1.0,37.66216216216216
3,BFGS_orig_results_f5_100_3,AICc,4.13426348999188e-05,0.7837837837837838,1.0,37.66216216216216
4,BFGS_orig_results_f5_100_3,MDL,3.405167593797631e-05,0.7972972972972973,1.0,37.32432432432432
5,BFGS_orig_results_f5_100_3,Err_in,5.3356827555882554e-05,0.7162162162162162,0.0,45.891891891891895
