,dataset,criteria,avg_test_error,precision_at_k,ground_truth_hit,avg_size
0,BFGS_pert_results_f2_100_2,MSE_train_opt,0.011186414436177499,0.6666666666666666,0.0,41.53333333333333
1,BFGS_pert_results_f2_100_2,AIC,0.011188900609337995,0.6666666666666666,0.0,38.266666666666666
2,BFGS_pert_results_f2_100_2,BIC,0.011189118628766313,0.6666666666666666,0.0,36.86666666666667
3,BFGS_pert_results_f2_100_2,AICc,0.011189118628766315,0.6666666666666666,0.0,36.86666666666667
4,BFGS_pert_results_f2_100_2,MDL,0.011225024591843793,0.6666666666666666,0.0,31.0
5,BFGS_pert_results_f2_100_2,Err_in,0.01334830680562214,0.26666666666666666,0.0,42.666666666666664
