,dataset,criteria,avg_test_error,precision_at_k,ground_truth_hit,avg_size
0,BFGS_cluster_results_f5_100_3,MSE_train_opt,0.005667609868992071,0.0,0.0,67.85714285714286
1,BFGS_cluster_results_f5_100_3,AIC,0.02043440537580396,0.14285714285714285,1.0,33.714285714285715
2,BFGS_cluster_results_f5_100_3,BIC,0.0018754084910480285,0.14285714285714285,1.0,32.285714285714285
3,BFGS_cluster_results_f5_100_3,AICc,0.0018754084910480287,0.14285714285714285,1.0,32.285714285714285
4,BFGS_cluster_results_f5_100_3,MDL,0.0011631569918191427,0.14285714285714285,1.0,28.142857142857142
5,BFGS_cluster_results_f5_100_3,Err_in,0.025202669927616328,0.14285714285714285,1.0,39.57142857142857
