,dataset,criteria,avg_test_error,precision_at_k,ground_truth_hit,avg_size
0,BFGS_orig_results_f1_100_10,MSE_train_opt,0.013785391232087833,0.4909090909090909,1.0,37.527272727272724
1,BFGS_orig_results_f1_100_10,AIC,0.012415918932526108,0.6181818181818182,1.0,31.672727272727272
2,BFGS_orig_results_f1_100_10,BIC,0.012410508747033554,0.6181818181818182,1.0,31.581818181818182
3,BFGS_orig_results_f1_100_10,AICc,0.012410508747033555,0.6181818181818182,1.0,31.581818181818182
4,BFGS_orig_results_f1_100_10,MDL,0.011623951432836692,0.6545454545454545,1.0,30.89090909090909
5,BFGS_orig_results_f1_100_10,Err_in,0.011049169391080523,0.8181818181818182,1.0,34.85454545454545
