,dataset,criteria,avg_test_error,precision_at_k,ground_truth_hit,avg_size
0,BFGS_cluster_results_f1_100_10,MSE_train_opt,0.029049716834341523,0.7532467532467533,1.0,44.63636363636363
1,BFGS_cluster_results_f1_100_10,AIC,0.021119123800322773,0.8311688311688312,1.0,38.18181818181818
2,BFGS_cluster_results_f1_100_10,BIC,0.019636034910801733,0.8571428571428571,1.0,37.103896103896105
3,BFGS_cluster_results_f1_100_10,AICc,0.01962134743220625,0.8571428571428571,1.0,37.246753246753244
4,BFGS_cluster_results_f1_100_10,MDL,0.020138011104056705,0.8571428571428571,1.0,36.03896103896104
5,BFGS_cluster_results_f1_100_10,Err_in,0.016992487244599636,0.922077922077922,1.0,39.03896103896104
