,dataset,criteria,avg_test_error,precision_at_k,ground_truth_hit,avg_size
0,BFGS_orig_results_f5_100_3,MSE_train_opt,0.00011805326197823203,0.0,0.0,56.578947368421055
1,BFGS_orig_results_f5_100_3,AIC,3.331732512018539e-05,0.05263157894736842,1.0,30.42105263157895
2,BFGS_orig_results_f5_100_3,BIC,3.044720890992176e-05,0.05263157894736842,1.0,30.42105263157895
3,BFGS_orig_results_f5_100_3,AICc,3.0447208909921766e-05,0.05263157894736842,1.0,30.42105263157895
4,BFGS_orig_results_f5_100_3,MDL,1.4458826141047863e-05,0.2631578947368421,1.0,29.0
5,BFGS_orig_results_f5_100_3,Err_in,0.00011805326197823203,0.0,0.0,56.578947368421055
