,dataset,criteria,avg_test_error,precision_at_k,ground_truth_hit,avg_size
0,BFGS_orig_results_f5_100_3,MSE_train_opt,0.00012489533722814727,0.0,0.0,55.0
1,BFGS_orig_results_f5_100_3,AIC,1.9194064961273526e-05,0.0,0.0,30.666666666666668
2,BFGS_orig_results_f5_100_3,BIC,1.9194064961273526e-05,0.0,0.0,30.666666666666668
3,BFGS_orig_results_f5_100_3,AICc,1.9194064961273526e-05,0.0,0.0,30.666666666666668
4,BFGS_orig_results_f5_100_3,MDL,3.078109632596244e-08,0.3333333333333333,1.0,26.666666666666668
5,BFGS_orig_results_f5_100_3,Err_in,0.00012489533722814727,0.0,0.0,55.0
