,dataset,criteria,avg_test_error,precision_at_k,ground_truth_hit,avg_size
0,BFGS_cluster_results_f4_100_2,MSE_train_opt,0.0020983941749447665,0.0,0.0,66.83333333333333
1,BFGS_cluster_results_f4_100_2,AIC,0.0011974808332185082,0.08333333333333333,1.0,34.083333333333336
2,BFGS_cluster_results_f4_100_2,BIC,0.0006032719770028501,0.25,1.0,28.166666666666668
3,BFGS_cluster_results_f4_100_2,AICc,0.0011974808332185082,0.08333333333333333,1.0,34.083333333333336
4,BFGS_cluster_results_f4_100_2,MDL,0.0005624963513816999,0.16666666666666666,1.0,27.916666666666668
5,BFGS_cluster_results_f4_100_2,Err_in,0.0010455153276900666,0.16666666666666666,0.0,52.25
