,dataset,criteria,avg_test_error,precision_at_k,ground_truth_hit,avg_size
0,BFGS_orig_results_f2_100_2,MSE_train_opt,8.821072507938627e-06,0.9090909090909091,0.0,40.5
1,BFGS_orig_results_f2_100_2,AIC,8.087848245964968e-06,0.9204545454545454,1.0,35.60227272727273
2,BFGS_orig_results_f2_100_2,BIC,8.087848245964968e-06,0.9204545454545454,1.0,35.60227272727273
3,BFGS_orig_results_f2_100_2,AICc,8.087848245964968e-06,0.9204545454545454,1.0,35.60227272727273
4,BFGS_orig_results_f2_100_2,MDL,8.126220566547484e-06,0.9204545454545454,1.0,35.54545454545455
5,BFGS_orig_results_f2_100_2,Err_in,8.821072507938627e-06,0.9090909090909091,0.0,40.5
