,dataset,criteria,avg_test_error,precision_at_k,ground_truth_hit,avg_size
0,BFGS_orig_results_f2_100_2,MSE_train_opt,1.6270696915780525e-05,0.0,0.0,36.61764705882353
1,BFGS_orig_results_f2_100_2,AIC,6.12799333007843e-06,0.3235294117647059,1.0,24.823529411764707
2,BFGS_orig_results_f2_100_2,BIC,6.12799333007843e-06,0.3235294117647059,1.0,24.823529411764707
3,BFGS_orig_results_f2_100_2,AICc,6.12799333007843e-06,0.3235294117647059,1.0,24.823529411764707
4,BFGS_orig_results_f2_100_2,MDL,6.743792363497605e-06,0.35294117647058826,1.0,24.88235294117647
5,BFGS_orig_results_f2_100_2,Err_in,1.6270696915780525e-05,0.0,0.0,36.61764705882353
