,dataset,criteria,avg_test_error,precision_at_k,ground_truth_hit,avg_size
0,BFGS_pert_results_f7_100_2,MSE_train_opt,0.008557548953342152,0.06896551724137931,1.0,32.37931034482759
1,BFGS_pert_results_f7_100_2,AIC,0.008423967142964745,0.10344827586206896,1.0,24.137931034482758
2,BFGS_pert_results_f7_100_2,BIC,0.008423967142964745,0.10344827586206896,1.0,24.137931034482758
3,BFGS_pert_results_f7_100_2,AICc,0.008423967142964745,0.10344827586206896,1.0,24.137931034482758
4,BFGS_pert_results_f7_100_2,MDL,0.008423963234420885,0.13793103448275862,1.0,23.448275862068964
5,BFGS_pert_results_f7_100_2,Err_in,0.008405206914570596,0.3103448275862069,0.0,27.862068965517242
