,dataset,criteria,avg_test_error,precision_at_k,ground_truth_hit,avg_size
0,BFGS_orig_results_f5_100_3,MSE_train_opt,0.00010677128489011044,0.0,0.0,58.35294117647059
1,BFGS_orig_results_f5_100_3,AIC,3.280495544840457e-05,0.058823529411764705,1.0,30.529411764705884
2,BFGS_orig_results_f5_100_3,BIC,2.453415196490474e-05,0.058823529411764705,1.0,29.941176470588236
3,BFGS_orig_results_f5_100_3,AICc,3.280495544840458e-05,0.058823529411764705,1.0,30.529411764705884
4,BFGS_orig_results_f5_100_3,MDL,1.6109988780518916e-05,0.23529411764705882,1.0,28.823529411764707
5,BFGS_orig_results_f5_100_3,Err_in,0.00010677128489011044,0.0,0.0,58.35294117647059
