,dataset,criteria,avg_test_error,precision_at_k,ground_truth_hit,avg_size
0,BFGS_orig_results_f6_100_2,MSE_train_opt,0.0008200018514864752,0.0,0.0,71.0
1,BFGS_orig_results_f6_100_2,AIC,0.00032904973997265,0.25,1.0,28.75
2,BFGS_orig_results_f6_100_2,BIC,0.00032904973997265,0.25,1.0,28.75
3,BFGS_orig_results_f6_100_2,AICc,0.00032904973997265,0.25,1.0,28.75
4,BFGS_orig_results_f6_100_2,MDL,0.00046190732212215,0.25,1.0,28.75
5,BFGS_orig_results_f6_100_2,Err_in,0.0008200018514864752,0.0,0.0,71.0
