,dataset,criteria,avg_test_error,precision_at_k,ground_truth_hit,avg_size
0,BFGS_pert_results_f6_100_2,MSE_train_opt,0.5964130490211837,0.9583333333333334,1.0,47.9375
1,BFGS_pert_results_f6_100_2,AIC,0.5964130490211837,0.9583333333333334,1.0,47.9375
2,BFGS_pert_results_f6_100_2,BIC,0.5964130490211836,0.9583333333333334,1.0,47.9375
3,BFGS_pert_results_f6_100_2,AICc,0.5964130490211837,0.9583333333333334,1.0,47.9375
4,BFGS_pert_results_f6_100_2,MDL,0.5956685488220826,0.9791666666666666,1.0,46.9375
5,BFGS_pert_results_f6_100_2,Err_in,1.012720503992204,0.6041666666666666,1.0,46.9375
