,dataset,criteria,avg_test_error,precision_at_k,ground_truth_hit,avg_size
0,BFGS_orig_results_f2_100_2,MSE_train_opt,1.311481662282581e-05,0.2127659574468085,0.0,40.04255319148936
1,BFGS_orig_results_f2_100_2,AIC,6.393204870447514e-06,0.5319148936170213,1.0,25.93617021276596
2,BFGS_orig_results_f2_100_2,BIC,6.393204870447514e-06,0.5319148936170213,1.0,25.93617021276596
3,BFGS_orig_results_f2_100_2,AICc,6.393204870447514e-06,0.5319148936170213,1.0,25.93617021276596
4,BFGS_orig_results_f2_100_2,MDL,6.528216918102276e-06,0.5531914893617021,1.0,26.148936170212767
5,BFGS_orig_results_f2_100_2,Err_in,1.311481662282581e-05,0.2127659574468085,0.0,40.04255319148936
