,dataset,criteria,avg_test_error,precision_at_k,ground_truth_hit,avg_size
0,BFGS_cluster_results_f7_100_2,MSE_train_opt,0.010945957712264889,0.0,0.0,38.11764705882353
1,BFGS_cluster_results_f7_100_2,AIC,0.00936676732824033,0.11764705882352941,1.0,23.176470588235293
2,BFGS_cluster_results_f7_100_2,BIC,0.00936676732824033,0.11764705882352941,1.0,23.176470588235293
3,BFGS_cluster_results_f7_100_2,AICc,0.00936676732824033,0.11764705882352941,1.0,23.176470588235293
4,BFGS_cluster_results_f7_100_2,MDL,0.008345157728818123,0.17647058823529413,1.0,22.705882352941178
5,BFGS_cluster_results_f7_100_2,Err_in,0.008894158969972246,0.23529411764705882,0.0,29.88235294117647
