,dataset,criteria,avg_test_error,precision_at_k,ground_truth_hit,avg_size
0,BFGS_pert_results_f2_100_2,MSE_train_opt,0.011132958028888706,0.8235294117647058,0.0,40.0
1,BFGS_pert_results_f2_100_2,AIC,0.01113274310779627,0.8235294117647058,0.0,38.88235294117647
2,BFGS_pert_results_f2_100_2,BIC,0.011133675103514018,0.8235294117647058,0.0,38.0
3,BFGS_pert_results_f2_100_2,AICc,0.01113274310779627,0.8235294117647058,0.0,38.88235294117647
4,BFGS_pert_results_f2_100_2,MDL,0.011165764126817454,0.7647058823529411,0.0,32.705882352941174
5,BFGS_pert_results_f2_100_2,Err_in,0.013286423119254853,0.29411764705882354,0.0,47.0
