,dataset,criteria,avg_test_error,precision_at_k,ground_truth_hit,avg_size
0,BFGS_cluster_results_f3_100_1,MSE_train_opt,8.798877874967978e-05,0.2222222222222222,0.0,53.72222222222222
1,BFGS_cluster_results_f3_100_1,AIC,2.5660995654292447e-05,0.7592592592592593,1.0,29.074074074074073
2,BFGS_cluster_results_f3_100_1,BIC,1.9628178110340488e-05,0.7777777777777778,1.0,28.537037037037038
3,BFGS_cluster_results_f3_100_1,AICc,1.9628178110340495e-05,0.7777777777777778,1.0,28.537037037037038
4,BFGS_cluster_results_f3_100_1,MDL,1.3921533099954708e-05,0.8703703703703703,1.0,28.333333333333332
5,BFGS_cluster_results_f3_100_1,Err_in,1.7124883388756267e-05,0.8333333333333334,1.0,30.59259259259259
