,dataset,criteria,avg_test_error,precision_at_k,ground_truth_hit,avg_size
0,BFGS_orig_results_f4_100_2,MSE_train_opt,0.003538043370220107,0.35714285714285715,0.0,46.482142857142854
1,BFGS_orig_results_f4_100_2,AIC,0.0035008288283869477,0.5357142857142857,1.0,36.285714285714285
2,BFGS_orig_results_f4_100_2,BIC,0.0032652074042692873,0.5714285714285714,1.0,35.92857142857143
3,BFGS_orig_results_f4_100_2,AICc,0.003480877355914886,0.5535714285714286,1.0,36.035714285714285
4,BFGS_orig_results_f4_100_2,MDL,0.0032631303484303566,0.6071428571428571,1.0,35.767857142857146
5,BFGS_orig_results_f4_100_2,Err_in,0.003538043370220107,0.35714285714285715,0.0,46.482142857142854
