,dataset,criteria,avg_test_error,precision_at_k,ground_truth_hit,avg_size
0,BFGS_cluster_results_f2_100_2,MSE_train_opt,5.2917794484783695e-05,0.8148148148148148,0.0,42.925925925925924
1,BFGS_cluster_results_f2_100_2,AIC,3.061999272010508e-05,0.9259259259259259,1.0,31.703703703703702
2,BFGS_cluster_results_f2_100_2,BIC,2.9814520774466376e-05,0.9382716049382716,1.0,31.74074074074074
3,BFGS_cluster_results_f2_100_2,AICc,2.9814520774466376e-05,0.9382716049382716,1.0,31.74074074074074
4,BFGS_cluster_results_f2_100_2,MDL,2.8910166839764917e-05,0.9382716049382716,1.0,31.37037037037037
5,BFGS_cluster_results_f2_100_2,Err_in,2.5800392644034016e-05,0.9629629629629629,1.0,33.888888888888886
