,dataset,criteria,avg_test_error,precision_at_k,ground_truth_hit,avg_size
0,BFGS_cluster_results_f3_100_1,MSE_train_opt,5.486871017598502e-05,0.967741935483871,1.0,43.505376344086024
1,BFGS_cluster_results_f3_100_1,AIC,5.212829540503025e-05,0.967741935483871,1.0,41.83870967741935
2,BFGS_cluster_results_f3_100_1,BIC,5.2384855097508465e-05,0.967741935483871,1.0,41.634408602150536
3,BFGS_cluster_results_f3_100_1,AICc,5.2384855097508465e-05,0.967741935483871,1.0,41.634408602150536
4,BFGS_cluster_results_f3_100_1,MDL,5.246471169202973e-05,0.967741935483871,1.0,42.053763440860216
5,BFGS_cluster_results_f3_100_1,Err_in,5.1368794720390814e-05,0.967741935483871,1.0,42.56989247311828
