,dataset,criteria,avg_test_error,precision_at_k,ground_truth_hit,avg_size
0,BFGS_cluster_results_f6_100_2,MSE_train_opt,0.303282932718744,0.9113924050632911,1.0,52.53164556962025
1,BFGS_cluster_results_f6_100_2,AIC,0.303282932718744,0.9113924050632911,1.0,52.53164556962025
2,BFGS_cluster_results_f6_100_2,BIC,0.303282932718744,0.9113924050632911,1.0,52.53164556962025
3,BFGS_cluster_results_f6_100_2,AICc,0.303282932718744,0.9113924050632911,1.0,52.53164556962025
4,BFGS_cluster_results_f6_100_2,MDL,0.303282932718744,0.9113924050632911,1.0,52.53164556962025
5,BFGS_cluster_results_f6_100_2,Err_in,0.3118429325387225,0.9113924050632911,1.0,52.35443037974684
