,dataset,criteria,avg_test_error,precision_at_k,ground_truth_hit,avg_size
0,BFGS_cluster_results_f2_100_2,MSE_train_opt,7.076546404933576e-05,0.2727272727272727,0.0,50.0
1,BFGS_cluster_results_f2_100_2,AIC,2.212729158581538e-05,0.7636363636363637,1.0,27.181818181818183
2,BFGS_cluster_results_f2_100_2,BIC,2.112730474040513e-05,0.7818181818181819,1.0,27.036363636363635
3,BFGS_cluster_results_f2_100_2,AICc,2.1127304740405138e-05,0.7818181818181819,1.0,27.036363636363635
4,BFGS_cluster_results_f2_100_2,MDL,1.9157268694422387e-05,0.8181818181818182,1.0,26.29090909090909
5,BFGS_cluster_results_f2_100_2,Err_in,1.5850872649578604e-05,0.9454545454545454,1.0,27.836363636363636
