,dataset,criteria,avg_test_error,precision_at_k,ground_truth_hit,avg_size
0,BFGS_orig_results_f2_100_2,MSE_train_opt,1.3086884707775645e-05,0.13636363636363635,0.0,39.36363636363637
1,BFGS_orig_results_f2_100_2,AIC,6.646266254717929e-06,0.5,1.0,25.727272727272727
2,BFGS_orig_results_f2_100_2,BIC,6.646266254717929e-06,0.5,1.0,25.727272727272727
3,BFGS_orig_results_f2_100_2,AICc,6.646266254717929e-06,0.5,1.0,25.727272727272727
4,BFGS_orig_results_f2_100_2,MDL,6.729724556467807e-06,0.5,1.0,25.886363636363637
5,BFGS_orig_results_f2_100_2,Err_in,1.3086884707775645e-05,0.13636363636363635,0.0,39.36363636363637
