,dataset,criteria,avg_test_error,precision_at_k,ground_truth_hit,avg_size
0,BFGS_cluster_results_f2_100_2,MSE_train_opt,9.560644489491603e-05,0.02631578947368421,0.0,59.28947368421053
1,BFGS_cluster_results_f2_100_2,AIC,2.182479741884303e-05,0.5526315789473685,1.0,25.789473684210527
2,BFGS_cluster_results_f2_100_2,BIC,1.9332547828487436e-05,0.5789473684210527,1.0,25.157894736842106
3,BFGS_cluster_results_f2_100_2,AICc,2.182479741884303e-05,0.5526315789473685,1.0,25.789473684210527
4,BFGS_cluster_results_f2_100_2,MDL,1.8976444245669777e-05,0.6578947368421053,1.0,24.68421052631579
5,BFGS_cluster_results_f2_100_2,Err_in,1.5162617401221133e-05,0.7105263157894737,0.0,27.05263157894737
