,dataset,criteria,avg_test_error,precision_at_k,ground_truth_hit,avg_size
0,BFGS_cluster_results_f4_100_2,MSE_train_opt,0.0016537118198161763,0.0,0.0,68.96666666666667
1,BFGS_cluster_results_f4_100_2,AIC,0.0008963735499133731,0.3333333333333333,1.0,32.233333333333334
2,BFGS_cluster_results_f4_100_2,BIC,0.0007150436337147368,0.4666666666666667,1.0,30.2
3,BFGS_cluster_results_f4_100_2,AICc,0.0008634684014512302,0.36666666666666664,1.0,31.5
4,BFGS_cluster_results_f4_100_2,MDL,0.0005258614670663133,0.6,1.0,29.266666666666666
5,BFGS_cluster_results_f4_100_2,Err_in,0.0007761617207966566,0.5333333333333333,1.0,41.8
