,dataset,criteria,avg_test_error,precision_at_k,ground_truth_hit,avg_size
0,BFGS_orig_results_f6_100_2,MSE_train_opt,0.0005167677117975249,0.6486486486486487,0.0,52.729729729729726
1,BFGS_orig_results_f6_100_2,AIC,0.0006453211299353079,0.32432432432432434,1.0,30.91891891891892
2,BFGS_orig_results_f6_100_2,BIC,0.0006453211299353079,0.32432432432432434,1.0,30.91891891891892
3,BFGS_orig_results_f6_100_2,AICc,0.0006453211299353079,0.32432432432432434,1.0,30.91891891891892
4,BFGS_orig_results_f6_100_2,MDL,0.0006366759927533875,0.3783783783783784,1.0,30.81081081081081
5,BFGS_orig_results_f6_100_2,Err_in,0.0005167677117975249,0.6486486486486487,0.0,52.729729729729726
