,dataset,criteria,avg_test_error,precision_at_k,ground_truth_hit,avg_size
0,BFGS_orig_results_f2_100_2,MSE_train_opt,1.4218248956751637e-05,0.10256410256410256,0.0,38.43589743589744
1,BFGS_orig_results_f2_100_2,AIC,7.0244872125533395e-06,0.38461538461538464,1.0,25.205128205128204
2,BFGS_orig_results_f2_100_2,BIC,7.0244872125533395e-06,0.38461538461538464,1.0,25.205128205128204
3,BFGS_orig_results_f2_100_2,AICc,7.0244872125533395e-06,0.38461538461538464,1.0,25.205128205128204
4,BFGS_orig_results_f2_100_2,MDL,7.083060966318444e-06,0.41025641025641024,1.0,25.46153846153846
5,BFGS_orig_results_f2_100_2,Err_in,1.4218248956751637e-05,0.10256410256410256,0.0,38.43589743589744
