,dataset,criteria,avg_test_error,precision_at_k,ground_truth_hit,avg_size
0,BFGS_orig_results_f1_100_10,MSE_train_opt,0.013557740870456145,0.5254237288135594,1.0,37.101694915254235
1,BFGS_orig_results_f1_100_10,AIC,0.012717576028046925,0.6101694915254238,1.0,32.08474576271186
2,BFGS_orig_results_f1_100_10,BIC,0.01232873578861205,0.6271186440677966,1.0,31.74576271186441
3,BFGS_orig_results_f1_100_10,AICc,0.01249508013487554,0.6101694915254238,1.0,31.779661016949152
4,BFGS_orig_results_f1_100_10,MDL,0.011542835895337054,0.7288135593220338,1.0,30.949152542372882
5,BFGS_orig_results_f1_100_10,Err_in,0.011007028335574678,0.864406779661017,1.0,34.47457627118644
