,dataset,criteria,avg_test_error,precision_at_k,ground_truth_hit,avg_size
0,BFGS_cluster_results_f6_100_2,MSE_train_opt,0.33390680516067966,0.6097560975609756,1.0,52.73170731707317
1,BFGS_cluster_results_f6_100_2,AIC,0.32610589149756003,0.6585365853658537,1.0,48.65853658536585
2,BFGS_cluster_results_f6_100_2,BIC,0.31678887166432895,0.6829268292682927,1.0,45.75609756097561
3,BFGS_cluster_results_f6_100_2,AICc,0.3168421004600313,0.6829268292682927,1.0,47.41463414634146
4,BFGS_cluster_results_f6_100_2,MDL,0.3307288150105182,0.6829268292682927,1.0,38.390243902439025
5,BFGS_cluster_results_f6_100_2,Err_in,0.2726711854661371,0.5609756097560976,1.0,48.0
