,dataset,criteria,avg_test_error,precision_at_k,ground_truth_hit,avg_size
0,BFGS_pert_results_f5_100_3,MSE_train_opt,6.807766103430767e-05,0.5714285714285714,0.0,52.57142857142857
1,BFGS_pert_results_f5_100_3,AIC,3.267322934685662e-05,0.8571428571428571,0.0,37.285714285714285
2,BFGS_pert_results_f5_100_3,BIC,3.267322934685662e-05,0.8571428571428571,0.0,37.285714285714285
3,BFGS_pert_results_f5_100_3,AICc,3.267322934685662e-05,0.8571428571428571,0.0,37.285714285714285
4,BFGS_pert_results_f5_100_3,MDL,2.9795152071128055e-05,0.8571428571428571,0.0,37.0
5,BFGS_pert_results_f5_100_3,Err_in,10.38854999664538,0.0,0.0,54.42857142857143
