,dataset,criteria,avg_test_error,precision_at_k,ground_truth_hit,avg_size
0,BFGS_pert_results_f4_100_2,MSE_train_opt,0.011839266746291002,0.8235294117647058,0.0,44.6764705882353
1,BFGS_pert_results_f4_100_2,AIC,0.011563679697456258,0.8529411764705882,0.0,44.26470588235294
2,BFGS_pert_results_f4_100_2,BIC,0.011563679697456256,0.8529411764705882,0.0,44.26470588235294
3,BFGS_pert_results_f4_100_2,AICc,0.011563679697456258,0.8529411764705882,0.0,44.26470588235294
4,BFGS_pert_results_f4_100_2,MDL,0.01326310517896443,0.6176470588235294,1.0,34.529411764705884
5,BFGS_pert_results_f4_100_2,Err_in,0.021126586920877998,0.5,0.0,51.88235294117647
