,dataset,criteria,avg_test_error,precision_at_k,ground_truth_hit,avg_size
0,BFGS_orig_results_f2_100_2,MSE_train_opt,1.4591975593253582e-05,0.07894736842105263,0.0,36.55263157894737
1,BFGS_orig_results_f2_100_2,AIC,6.903144054941345e-06,0.3684210526315789,1.0,25.18421052631579
2,BFGS_orig_results_f2_100_2,BIC,6.903144054941345e-06,0.3684210526315789,1.0,25.18421052631579
3,BFGS_orig_results_f2_100_2,AICc,6.903144054941345e-06,0.3684210526315789,1.0,25.18421052631579
4,BFGS_orig_results_f2_100_2,MDL,6.619856531998305e-06,0.39473684210526316,1.0,25.289473684210527
5,BFGS_orig_results_f2_100_2,Err_in,1.4591975593253582e-05,0.07894736842105263,0.0,36.55263157894737
