,dataset,criteria,avg_test_error,precision_at_k,ground_truth_hit,avg_size
0,BFGS_orig_results_f6_100_2,MSE_train_opt,0.0005230680097365733,0.5454545454545454,0.0,54.36363636363637
1,BFGS_orig_results_f6_100_2,AIC,0.0006841137292771512,0.24242424242424243,1.0,30.484848484848484
2,BFGS_orig_results_f6_100_2,BIC,0.0006841137292771512,0.24242424242424243,1.0,30.484848484848484
3,BFGS_orig_results_f6_100_2,AICc,0.0006841137292771512,0.24242424242424243,1.0,30.484848484848484
4,BFGS_orig_results_f6_100_2,MDL,0.0006668976569630075,0.3333333333333333,1.0,30.272727272727273
5,BFGS_orig_results_f6_100_2,Err_in,0.0005230680097365733,0.5454545454545454,0.0,54.36363636363637
