,dataset,criteria,avg_test_error,precision_at_k,ground_truth_hit,avg_size
0,BFGS_orig_results_f3_100_1,MSE_train_opt,7.027557718461727e-07,0.8433734939759037,0.0,48.16867469879518
1,BFGS_orig_results_f3_100_1,AIC,5.862876915065493e-07,0.8674698795180723,1.0,38.493975903614455
2,BFGS_orig_results_f3_100_1,BIC,5.862876915065493e-07,0.8674698795180723,1.0,38.493975903614455
3,BFGS_orig_results_f3_100_1,AICc,5.862876915065493e-07,0.8674698795180723,1.0,38.493975903614455
4,BFGS_orig_results_f3_100_1,MDL,5.809411655601747e-07,0.8674698795180723,1.0,38.78313253012048
5,BFGS_orig_results_f3_100_1,Err_in,7.01116926309039e-07,0.8433734939759037,0.0,48.1566265060241
