,dataset,criteria,avg_test_error,precision_at_k,ground_truth_hit,avg_size
0,BFGS_pert_results_f1_100_10,MSE_train_opt,0.0217273005556321,0.0,0.0,39.92307692307692
1,BFGS_pert_results_f1_100_10,AIC,0.015388243192696476,0.23076923076923078,1.0,31.307692307692307
2,BFGS_pert_results_f1_100_10,BIC,0.014561315522051517,0.23076923076923078,1.0,30.76923076923077
3,BFGS_pert_results_f1_100_10,AICc,0.015388243192696478,0.23076923076923078,1.0,31.307692307692307
4,BFGS_pert_results_f1_100_10,MDL,0.010383288821363914,0.3076923076923077,1.0,29.384615384615383
5,BFGS_pert_results_f1_100_10,Err_in,0.010348312681906531,0.46153846153846156,0.0,32.61538461538461
