,dataset,criteria,avg_test_error,precision_at_k,ground_truth_hit,avg_size
0,BFGS_orig_results_f2_100_2,MSE_train_opt,1.3669991371028122e-05,0.11904761904761904,0.0,39.666666666666664
1,BFGS_orig_results_f2_100_2,AIC,6.9623060998704505e-06,0.42857142857142855,1.0,25.5
2,BFGS_orig_results_f2_100_2,BIC,6.9623060998704505e-06,0.42857142857142855,1.0,25.5
3,BFGS_orig_results_f2_100_2,AICc,6.9623060998704505e-06,0.42857142857142855,1.0,25.5
4,BFGS_orig_results_f2_100_2,MDL,6.6174376958482734e-06,0.4523809523809524,1.0,25.666666666666668
5,BFGS_orig_results_f2_100_2,Err_in,1.3669991371028122e-05,0.11904761904761904,0.0,39.666666666666664
