,dataset,criteria,avg_test_error,precision_at_k,ground_truth_hit,avg_size
0,BFGS_cluster_results_f3_100_1,MSE_train_opt,0.00013500062276426139,0.0,0.0,65.33333333333333
1,BFGS_cluster_results_f3_100_1,AIC,1.6305151008856858e-05,0.43333333333333335,1.0,26.033333333333335
2,BFGS_cluster_results_f3_100_1,BIC,1.365010396311087e-05,0.43333333333333335,1.0,25.566666666666666
3,BFGS_cluster_results_f3_100_1,AICc,1.365010396311087e-05,0.43333333333333335,1.0,25.566666666666666
4,BFGS_cluster_results_f3_100_1,MDL,1.3176068899846514e-05,0.4,1.0,25.2
5,BFGS_cluster_results_f3_100_1,Err_in,1.3061229133768228e-05,0.6,0.0,30.066666666666666
