,dataset,criteria,avg_test_error,precision_at_k,ground_truth_hit,avg_size
0,BFGS_orig_results_f2_100_2,MSE_train_opt,9.132404478544328e-06,0.8705882352941177,0.0,39.72941176470588
1,BFGS_orig_results_f2_100_2,AIC,8.060205682280451e-06,0.8823529411764706,1.0,34.44705882352941
2,BFGS_orig_results_f2_100_2,BIC,8.060205682280451e-06,0.8823529411764706,1.0,34.44705882352941
3,BFGS_orig_results_f2_100_2,AICc,8.060205682280451e-06,0.8823529411764706,1.0,34.44705882352941
4,BFGS_orig_results_f2_100_2,MDL,8.161790194101486e-06,0.8823529411764706,1.0,34.67058823529412
5,BFGS_orig_results_f2_100_2,Err_in,9.132404478544328e-06,0.8705882352941177,0.0,39.72941176470588
