,dataset,criteria,avg_test_error,precision_at_k,ground_truth_hit,avg_size
0,BFGS_orig_results_f4_100_2,MSE_train_opt,0.004710799117565847,0.04878048780487805,0.0,45.4390243902439
1,BFGS_orig_results_f4_100_2,AIC,0.0005110908549930406,0.34146341463414637,1.0,34.390243902439025
2,BFGS_orig_results_f4_100_2,BIC,0.0002071946864586493,0.34146341463414637,1.0,34.1219512195122
3,BFGS_orig_results_f4_100_2,AICc,0.0005110908549930407,0.34146341463414637,1.0,34.390243902439025
4,BFGS_orig_results_f4_100_2,MDL,0.004411801076135812,0.4146341463414634,1.0,33.41463414634146
5,BFGS_orig_results_f4_100_2,Err_in,0.004710799117565847,0.04878048780487805,0.0,45.4390243902439
