,dataset,criteria,avg_test_error,precision_at_k,ground_truth_hit,avg_size
0,BFGS_cluster_results_f4_100_2,MSE_train_opt,0.0011571635586995572,0.6857142857142857,0.0,51.857142857142854
1,BFGS_cluster_results_f4_100_2,AIC,0.0008149622544883159,0.8428571428571429,1.0,36.128571428571426
2,BFGS_cluster_results_f4_100_2,BIC,0.0008149622544883156,0.8428571428571429,1.0,36.128571428571426
3,BFGS_cluster_results_f4_100_2,AICc,0.0008149622544883158,0.8428571428571429,1.0,36.128571428571426
4,BFGS_cluster_results_f4_100_2,MDL,0.0008130542535465556,0.8285714285714286,1.0,36.08571428571429
5,BFGS_cluster_results_f4_100_2,Err_in,0.0009068582347361956,0.8142857142857143,1.0,44.44285714285714
