,dataset,criteria,avg_test_error,precision_at_k,ground_truth_hit,avg_size
0,BFGS_orig_results_f1_100_10,MSE_train_opt,0.017471943199452496,0.038461538461538464,0.0,37.69230769230769
1,BFGS_orig_results_f1_100_10,AIC,0.014455584343079694,0.15384615384615385,1.0,32.5
2,BFGS_orig_results_f1_100_10,BIC,0.013897792169029775,0.15384615384615385,1.0,32.5
3,BFGS_orig_results_f1_100_10,AICc,0.014455584343079694,0.15384615384615385,1.0,32.5
4,BFGS_orig_results_f1_100_10,MDL,0.010766620340004031,0.23076923076923078,1.0,29.96153846153846
5,BFGS_orig_results_f1_100_10,Err_in,0.01174250946711999,0.46153846153846156,0.0,39.19230769230769
