,dataset,criteria,avg_test_error,precision_at_k,ground_truth_hit,avg_size
0,BFGS_orig_results_f4_100_2,MSE_train_opt,0.003810197938293004,0.25,0.0,46.57692307692308
1,BFGS_orig_results_f4_100_2,AIC,0.0037485235710913215,0.4807692307692308,1.0,35.75
2,BFGS_orig_results_f4_100_2,BIC,0.0004828939577757227,0.5192307692307693,1.0,35.57692307692308
3,BFGS_orig_results_f4_100_2,AICc,0.0037483346858920583,0.5,1.0,35.5
4,BFGS_orig_results_f4_100_2,MDL,0.0035041540303600454,0.5769230769230769,1.0,34.94230769230769
5,BFGS_orig_results_f4_100_2,Err_in,0.003810197938293004,0.25,0.0,46.57692307692308
