,dataset,criteria,avg_test_error,precision_at_k,ground_truth_hit,avg_size
0,BFGS_cluster_results_f3_100_1,MSE_train_opt,7.565130576603506e-05,0.5,0.0,49.96875
1,BFGS_cluster_results_f3_100_1,AIC,2.665226975155529e-05,0.859375,1.0,30.890625
2,BFGS_cluster_results_f3_100_1,BIC,1.9196051956218757e-05,0.890625,1.0,30.203125
3,BFGS_cluster_results_f3_100_1,AICc,2.4282659413734387e-05,0.875,1.0,30.640625
4,BFGS_cluster_results_f3_100_1,MDL,3.0570106183775125e-05,0.90625,1.0,30.390625
5,BFGS_cluster_results_f3_100_1,Err_in,2.049623533764789e-05,0.859375,1.0,34.0625
