,dataset,criteria,avg_test_error,precision_at_k,ground_truth_hit,avg_size
0,BFGS_orig_results_f1_100_10,MSE_train_opt,0.012889965892779246,0.76,1.0,35.76
1,BFGS_orig_results_f1_100_10,AIC,0.01280557875286425,0.7733333333333333,1.0,32.666666666666664
2,BFGS_orig_results_f1_100_10,BIC,0.01254794291676672,0.7866666666666666,1.0,32.413333333333334
3,BFGS_orig_results_f1_100_10,AICc,0.01280557875286425,0.7733333333333333,1.0,32.666666666666664
4,BFGS_orig_results_f1_100_10,MDL,0.011579984681015771,0.88,1.0,31.786666666666665
5,BFGS_orig_results_f1_100_10,Err_in,0.011247196346902811,0.8933333333333333,1.0,34.68
