,dataset,criteria,avg_test_error,precision_at_k,ground_truth_hit,avg_size
0,BFGS_orig_results_f4_100_2,MSE_train_opt,0.019167981975424173,0.0,0.0,43.333333333333336
1,BFGS_orig_results_f4_100_2,AIC,0.0006220234812278104,0.2222222222222222,1.0,31.0
2,BFGS_orig_results_f4_100_2,BIC,0.0006724030282654549,0.2222222222222222,1.0,31.22222222222222
3,BFGS_orig_results_f4_100_2,AICc,0.0006220234812278104,0.2222222222222222,1.0,31.0
4,BFGS_orig_results_f4_100_2,MDL,7.355221422275714e-06,0.2222222222222222,1.0,29.0
5,BFGS_orig_results_f4_100_2,Err_in,0.019167981975424173,0.0,0.0,43.333333333333336
