,dataset,criteria,avg_test_error,precision_at_k,ground_truth_hit,avg_size
0,BFGS_cluster_results_f5_100_3,MSE_train_opt,0.010288548810378767,0.3157894736842105,0.0,52.63157894736842
1,BFGS_cluster_results_f5_100_3,AIC,0.008649220316547532,0.47368421052631576,1.0,35.26315789473684
2,BFGS_cluster_results_f5_100_3,BIC,0.008184395543542684,0.5789473684210527,1.0,32.26315789473684
3,BFGS_cluster_results_f5_100_3,AICc,0.008345796283431283,0.47368421052631576,1.0,33.89473684210526
4,BFGS_cluster_results_f5_100_3,MDL,0.008405723311654536,0.47368421052631576,1.0,31.157894736842106
5,BFGS_cluster_results_f5_100_3,Err_in,0.010460163206205015,0.47368421052631576,1.0,35.36842105263158
