,dataset,criteria,avg_test_error,precision_at_k,ground_truth_hit,avg_size
0,BFGS_cluster_results_f4_100_2,MSE_train_opt,0.0010417243419108518,0.8941176470588236,1.0,48.78823529411765
1,BFGS_cluster_results_f4_100_2,AIC,0.0009465851686674814,0.9294117647058824,1.0,42.082352941176474
2,BFGS_cluster_results_f4_100_2,BIC,0.000946368115155588,0.9294117647058824,1.0,42.2
3,BFGS_cluster_results_f4_100_2,AICc,0.0009463681151555884,0.9294117647058824,1.0,42.2
4,BFGS_cluster_results_f4_100_2,MDL,0.0009204664865638824,0.9294117647058824,1.0,42.188235294117646
5,BFGS_cluster_results_f4_100_2,Err_in,0.0009489440719106646,0.9294117647058824,1.0,46.976470588235294
