,dataset,criteria,avg_test_error,precision_at_k,ground_truth_hit,avg_size
0,BFGS_pert_results_f3_100_1,MSE_train_opt,0.000537224159857287,0.9666666666666667,0.0,45.233333333333334
1,BFGS_pert_results_f3_100_1,AIC,0.000537224159857287,0.9666666666666667,0.0,45.233333333333334
2,BFGS_pert_results_f3_100_1,BIC,0.0005305593283940338,0.9666666666666667,0.0,44.266666666666666
3,BFGS_pert_results_f3_100_1,AICc,0.000537224159857287,0.9666666666666667,0.0,45.233333333333334
4,BFGS_pert_results_f3_100_1,MDL,0.001359812839781436,0.5666666666666667,1.0,27.933333333333334
5,BFGS_pert_results_f3_100_1,Err_in,0.0018746951418279493,0.43333333333333335,1.0,46.666666666666664
