,dataset,criteria,avg_test_error,precision_at_k,ground_truth_hit,avg_size
0,BFGS_orig_results_f2_100_2,MSE_train_opt,1.0401110435417614e-05,0.6944444444444444,0.0,38.736111111111114
1,BFGS_orig_results_f2_100_2,AIC,7.066532228466485e-06,0.7777777777777778,1.0,30.125
2,BFGS_orig_results_f2_100_2,BIC,7.066532228466485e-06,0.7777777777777778,1.0,30.125
3,BFGS_orig_results_f2_100_2,AICc,7.066532228466485e-06,0.7777777777777778,1.0,30.125
4,BFGS_orig_results_f2_100_2,MDL,7.189958609921385e-06,0.7777777777777778,1.0,30.11111111111111
5,BFGS_orig_results_f2_100_2,Err_in,1.0401110435417614e-05,0.6944444444444444,0.0,38.736111111111114
