,dataset,criteria,avg_test_error,precision_at_k,ground_truth_hit,avg_size
0,BFGS_pert_results_f3_100_1,MSE_train_opt,8.10964337946969e-07,0.9444444444444444,0.0,49.333333333333336
1,BFGS_pert_results_f3_100_1,AIC,3.172212398980167e-07,1.0,0.0,46.333333333333336
2,BFGS_pert_results_f3_100_1,BIC,3.172212398980167e-07,1.0,0.0,46.333333333333336
3,BFGS_pert_results_f3_100_1,AICc,3.172212398980167e-07,1.0,0.0,46.333333333333336
4,BFGS_pert_results_f3_100_1,MDL,0.0007462306591742043,0.6111111111111112,1.0,28.444444444444443
5,BFGS_pert_results_f3_100_1,Err_in,0.0019286394417994128,0.1111111111111111,1.0,44.111111111111114
