,dataset,criteria,avg_test_error,precision_at_k,ground_truth_hit,avg_size
0,BFGS_cluster_results_f5_100_3,MSE_train_opt,0.06884849219924755,0.9464285714285714,1.0,46.82142857142857
1,BFGS_cluster_results_f5_100_3,AIC,0.06884849219924755,0.9464285714285714,1.0,46.82142857142857
2,BFGS_cluster_results_f5_100_3,BIC,0.06884849219924755,0.9464285714285714,1.0,46.82142857142857
3,BFGS_cluster_results_f5_100_3,AICc,0.06884849219924755,0.9464285714285714,1.0,46.82142857142857
4,BFGS_cluster_results_f5_100_3,MDL,0.06884849219924753,0.9464285714285714,1.0,46.82142857142857
5,BFGS_cluster_results_f5_100_3,Err_in,0.07076975933693007,0.9464285714285714,1.0,46.30357142857143
