,dataset,criteria,avg_test_error,precision_at_k,ground_truth_hit,avg_size
0,BFGS_orig_results_f2_100_2,MSE_train_opt,1.5807963996239597e-05,0.02857142857142857,0.0,37.371428571428574
1,BFGS_orig_results_f2_100_2,AIC,5.987418811740397e-06,0.3142857142857143,1.0,24.885714285714286
2,BFGS_orig_results_f2_100_2,BIC,5.987418811740397e-06,0.3142857142857143,1.0,24.885714285714286
3,BFGS_orig_results_f2_100_2,AICc,5.987418811740397e-06,0.3142857142857143,1.0,24.885714285714286
4,BFGS_orig_results_f2_100_2,MDL,6.55117227181934e-06,0.37142857142857144,1.0,25.0
5,BFGS_orig_results_f2_100_2,Err_in,1.5807963996239597e-05,0.02857142857142857,0.0,37.371428571428574
