,dataset,criteria,avg_test_error,precision_at_k,ground_truth_hit,avg_size
0,BFGS_orig_results_f7_100_2,MSE_train_opt,0.008432531861513397,0.2926829268292683,1.0,32.292682926829265
1,BFGS_orig_results_f7_100_2,AIC,0.008400894321930122,0.5121951219512195,1.0,24.341463414634145
2,BFGS_orig_results_f7_100_2,BIC,0.008400894321930122,0.5121951219512195,1.0,24.341463414634145
3,BFGS_orig_results_f7_100_2,AICc,0.008400894321930122,0.5121951219512195,1.0,24.341463414634145
4,BFGS_orig_results_f7_100_2,MDL,0.00840089201176961,0.4634146341463415,1.0,23.878048780487806
5,BFGS_orig_results_f7_100_2,Err_in,0.008119907073203519,0.4146341463414634,0.0,30.975609756097562
