,dataset,criteria,avg_test_error,precision_at_k,ground_truth_hit,avg_size
0,BFGS_cluster_results_f3_100_1,MSE_train_opt,0.00013231931627329956,0.0,0.0,64.96774193548387
1,BFGS_cluster_results_f3_100_1,AIC,1.6070745978497256e-05,0.41935483870967744,1.0,26.06451612903226
2,BFGS_cluster_results_f3_100_1,BIC,1.4111091316323199e-05,0.41935483870967744,1.0,25.580645161290324
3,BFGS_cluster_results_f3_100_1,AICc,1.6070745978497256e-05,0.41935483870967744,1.0,26.06451612903226
4,BFGS_cluster_results_f3_100_1,MDL,1.3504926448405815e-05,0.3870967741935484,1.0,25.35483870967742
5,BFGS_cluster_results_f3_100_1,Err_in,1.2930339834367864e-05,0.6451612903225806,0.0,29.806451612903224
