,dataset,criteria,avg_test_error,precision_at_k,ground_truth_hit,avg_size
0,BFGS_cluster_results_f3_100_1,MSE_train_opt,6.587631519443103e-05,0.72,0.0,46.82666666666667
1,BFGS_cluster_results_f3_100_1,AIC,3.950193884951617e-05,0.9066666666666666,1.0,33.45333333333333
2,BFGS_cluster_results_f3_100_1,BIC,3.887530519332522e-05,0.92,1.0,33.36
3,BFGS_cluster_results_f3_100_1,AICc,3.950193884951617e-05,0.9066666666666666,1.0,33.45333333333333
4,BFGS_cluster_results_f3_100_1,MDL,3.421139962918319e-05,0.9333333333333333,1.0,33.10666666666667
5,BFGS_cluster_results_f3_100_1,Err_in,4.3199656385597775e-05,0.8666666666666667,1.0,37.64
