,dataset,criteria,avg_test_error,precision_at_k,ground_truth_hit,avg_size
0,BFGS_pert_results_f6_100_2,MSE_train_opt,0.329886908663366,1.0,0.0,50.80769230769231
1,BFGS_pert_results_f6_100_2,AIC,0.33029159852660517,0.9230769230769231,0.0,46.07692307692308
2,BFGS_pert_results_f6_100_2,BIC,0.33034043720259,0.8846153846153846,0.0,45.96153846153846
3,BFGS_pert_results_f6_100_2,AICc,0.33029159852660517,0.9230769230769231,0.0,46.07692307692308
4,BFGS_pert_results_f6_100_2,MDL,0.3324652405339794,0.8461538461538461,0.0,43.84615384615385
5,BFGS_pert_results_f6_100_2,Err_in,0.922852608485376,0.4230769230769231,1.0,48.11538461538461
