,dataset,criteria,avg_test_error,precision_at_k,ground_truth_hit,avg_size
0,BFGS_orig_results_f2_100_2,MSE_train_opt,1.5575240658803004e-05,0.0,0.0,35.84615384615385
1,BFGS_orig_results_f2_100_2,AIC,2.6413253645811626e-06,0.07692307692307693,1.0,24.384615384615383
2,BFGS_orig_results_f2_100_2,BIC,2.6413253645811626e-06,0.07692307692307693,1.0,24.384615384615383
3,BFGS_orig_results_f2_100_2,AICc,2.6413253645811626e-06,0.07692307692307693,1.0,24.384615384615383
4,BFGS_orig_results_f2_100_2,MDL,8.081104122935459e-06,0.23076923076923078,1.0,23.846153846153847
5,BFGS_orig_results_f2_100_2,Err_in,1.5575240658803004e-05,0.0,0.0,35.84615384615385
