,dataset,criteria,avg_test_error,precision_at_k,ground_truth_hit,avg_size
0,BFGS_cluster_results_f2_100_2,MSE_train_opt,7.179513715552791e-05,0.25925925925925924,0.0,50.48148148148148
1,BFGS_cluster_results_f2_100_2,AIC,2.225625737044201e-05,0.7407407407407407,1.0,27.203703703703702
2,BFGS_cluster_results_f2_100_2,BIC,2.1237752781704122e-05,0.7592592592592593,1.0,26.87037037037037
3,BFGS_cluster_results_f2_100_2,AICc,2.123775278170413e-05,0.7592592592592593,1.0,26.87037037037037
4,BFGS_cluster_results_f2_100_2,MDL,1.9010739855142557e-05,0.8148148148148148,1.0,26.24074074074074
5,BFGS_cluster_results_f2_100_2,Err_in,1.586360925246506e-05,0.9259259259259259,1.0,27.87037037037037
