,dataset,criteria,avg_test_error,precision_at_k,ground_truth_hit,avg_size
0,BFGS_pert_results_f1_100_10,MSE_train_opt,0.018703027711324975,0.0,0.0,38.476190476190474
1,BFGS_pert_results_f1_100_10,AIC,0.014555745023592474,0.14285714285714285,1.0,31.952380952380953
2,BFGS_pert_results_f1_100_10,BIC,0.014055430704938638,0.14285714285714285,1.0,32.333333333333336
3,BFGS_pert_results_f1_100_10,AICc,0.014555745023592475,0.14285714285714285,1.0,31.952380952380953
4,BFGS_pert_results_f1_100_10,MDL,0.010428861455135587,0.23809523809523808,1.0,29.571428571428573
5,BFGS_pert_results_f1_100_10,Err_in,0.010681966714072772,0.47619047619047616,0.0,35.61904761904762
