,dataset,criteria,avg_test_error,precision_at_k,ground_truth_hit,avg_size
0,BFGS_pert_results_f1_100_10,MSE_train_opt,0.02227371122282661,0.0,0.0,40.083333333333336
1,BFGS_pert_results_f1_100_10,AIC,0.01582640700577913,0.08333333333333333,1.0,31.416666666666668
2,BFGS_pert_results_f1_100_10,BIC,0.014842460108425834,0.16666666666666666,1.0,30.916666666666668
3,BFGS_pert_results_f1_100_10,AICc,0.015826407005779135,0.08333333333333333,1.0,31.416666666666668
4,BFGS_pert_results_f1_100_10,MDL,0.010404373103502191,0.25,1.0,29.333333333333332
5,BFGS_pert_results_f1_100_10,Err_in,0.010341710270778275,0.4166666666666667,0.0,32.75
