,dataset,criteria,avg_test_error,precision_at_k,ground_truth_hit,avg_size
0,BFGS_orig_results_f5_100_3,MSE_train_opt,4.792744760235262e-05,0.9213483146067416,0.0,47.17977528089887
1,BFGS_orig_results_f5_100_3,AIC,4.00606845902294e-05,0.9438202247191011,1.0,43.46067415730337
2,BFGS_orig_results_f5_100_3,BIC,4.00606845902294e-05,0.9438202247191011,1.0,43.46067415730337
3,BFGS_orig_results_f5_100_3,AICc,4.00606845902294e-05,0.9438202247191011,1.0,43.46067415730337
4,BFGS_orig_results_f5_100_3,MDL,3.9174331866753846e-05,0.9438202247191011,1.0,43.235955056179776
5,BFGS_orig_results_f5_100_3,Err_in,4.792744760235262e-05,0.9213483146067416,0.0,47.17977528089887
