,dataset,criteria,avg_test_error,precision_at_k,ground_truth_hit,avg_size
0,BFGS_orig_results_f4_100_2,MSE_train_opt,0.00421180182866412,0.1276595744680851,0.0,45.1063829787234
1,BFGS_orig_results_f4_100_2,AIC,0.004146220466494489,0.40425531914893614,1.0,35.0
2,BFGS_orig_results_f4_100_2,BIC,0.00019251135435531777,0.44680851063829785,1.0,35.1063829787234
3,BFGS_orig_results_f4_100_2,AICc,0.0007909930720316573,0.40425531914893614,1.0,35.12765957446808
4,BFGS_orig_results_f4_100_2,MDL,0.0038567843187967115,0.5319148936170213,1.0,34.191489361702125
5,BFGS_orig_results_f4_100_2,Err_in,0.00421180182866412,0.1276595744680851,0.0,45.1063829787234
