,dataset,criteria,avg_test_error,precision_at_k,ground_truth_hit,avg_size
0,BFGS_orig_results_f7_100_2,MSE_train_opt,0.008533700190174541,0.05263157894736842,0.0,37.05263157894737
1,BFGS_orig_results_f7_100_2,AIC,0.008413767827884592,0.0,1.0,23.526315789473685
2,BFGS_orig_results_f7_100_2,BIC,0.008413767827884592,0.0,1.0,23.526315789473685
3,BFGS_orig_results_f7_100_2,AICc,0.008413767827884592,0.0,1.0,23.526315789473685
4,BFGS_orig_results_f7_100_2,MDL,0.0083451726639948,0.05263157894736842,1.0,23.0
5,BFGS_orig_results_f7_100_2,Err_in,0.008287313694463788,0.10526315789473684,0.0,31.736842105263158
