,dataset,criteria,avg_test_error,precision_at_k,ground_truth_hit,avg_size
0,BFGS_orig_results_f1_100_10,MSE_train_opt,0.013847573205836764,0.48148148148148145,1.0,37.629629629629626
1,BFGS_orig_results_f1_100_10,AIC,0.01242931868976458,0.6111111111111112,1.0,31.574074074074073
2,BFGS_orig_results_f1_100_10,BIC,0.01217453451678088,0.6111111111111112,1.0,31.555555555555557
3,BFGS_orig_results_f1_100_10,AICc,0.01242931868976458,0.6111111111111112,1.0,31.574074074074073
4,BFGS_orig_results_f1_100_10,MDL,0.011646106597440677,0.6296296296296297,1.0,30.87037037037037
5,BFGS_orig_results_f1_100_10,Err_in,0.011060681347996319,0.8148148148148148,1.0,34.925925925925924
