,dataset,criteria,avg_test_error,precision_at_k,ground_truth_hit,avg_size
0,BFGS_pert_results_f7_100_2,MSE_train_opt,0.008669333055208492,0.0,0.0,34.73684210526316
1,BFGS_pert_results_f7_100_2,AIC,0.008413767909467289,0.0,1.0,23.473684210526315
2,BFGS_pert_results_f7_100_2,BIC,0.008413767909467289,0.0,1.0,23.473684210526315
3,BFGS_pert_results_f7_100_2,AICc,0.008413767909467289,0.0,1.0,23.473684210526315
4,BFGS_pert_results_f7_100_2,MDL,0.008345172802367283,0.05263157894736842,1.0,23.0
5,BFGS_pert_results_f7_100_2,Err_in,0.0084367562232318,0.2631578947368421,0.0,26.94736842105263
