,dataset,criteria,avg_test_error,precision_at_k,ground_truth_hit,avg_size
0,BFGS_pert_results_f4_100_2,MSE_train_opt,0.5378778962958854,0.75,0.0,47.02272727272727
1,BFGS_pert_results_f4_100_2,AIC,0.5382041979559133,0.7045454545454546,0.0,44.43181818181818
2,BFGS_pert_results_f4_100_2,BIC,0.014507516434091967,0.7045454545454546,1.0,42.81818181818182
3,BFGS_pert_results_f4_100_2,AICc,0.538120642675009,0.7045454545454546,1.0,43.54545454545455
4,BFGS_pert_results_f4_100_2,MDL,0.5393322203528628,0.5454545454545454,1.0,34.88636363636363
5,BFGS_pert_results_f4_100_2,Err_in,0.021108067105238968,0.5454545454545454,0.0,50.52272727272727
