,dataset,criteria,avg_test_error,precision_at_k,ground_truth_hit,avg_size
0,BFGS_orig_results_f4_100_2,MSE_train_opt,0.00550332797695588,0.0,0.0,45.94285714285714
1,BFGS_orig_results_f4_100_2,AIC,0.0005716375500386177,0.2571428571428571,1.0,34.05714285714286
2,BFGS_orig_results_f4_100_2,BIC,0.00020766766545857792,0.34285714285714286,1.0,33.114285714285714
3,BFGS_orig_results_f4_100_2,AICc,0.00020996498639321527,0.3142857142857143,1.0,33.114285714285714
4,BFGS_orig_results_f4_100_2,MDL,0.004709204493849245,0.37142857142857144,1.0,33.0
5,BFGS_orig_results_f4_100_2,Err_in,0.00550332797695588,0.0,0.0,45.94285714285714
