,dataset,criteria,avg_test_error,precision_at_k,ground_truth_hit,avg_size
0,BFGS_cluster_results_f7_100_2,MSE_train_opt,0.010481169708415143,0.047619047619047616,0.0,36.333333333333336
1,BFGS_cluster_results_f7_100_2,AIC,0.009172174860445295,0.19047619047619047,1.0,23.333333333333332
2,BFGS_cluster_results_f7_100_2,BIC,0.009172174860445295,0.19047619047619047,1.0,23.333333333333332
3,BFGS_cluster_results_f7_100_2,AICc,0.009172174860445295,0.19047619047619047,1.0,23.333333333333332
4,BFGS_cluster_results_f7_100_2,MDL,0.008345157745107938,0.19047619047619047,1.0,22.857142857142858
5,BFGS_cluster_results_f7_100_2,Err_in,0.008789587361278672,0.2857142857142857,0.0,29.333333333333332
