,dataset,criteria,avg_test_error,precision_at_k,ground_truth_hit,avg_size
0,BFGS_cluster_results_f5_100_3,MSE_train_opt,0.015248176705960126,0.08333333333333333,0.0,61.583333333333336
1,BFGS_cluster_results_f5_100_3,AIC,0.012991950080607386,0.3333333333333333,1.0,35.0
2,BFGS_cluster_results_f5_100_3,BIC,0.001623446860362367,0.3333333333333333,1.0,31.916666666666668
3,BFGS_cluster_results_f5_100_3,AICc,0.012401470244261968,0.4166666666666667,1.0,32.666666666666664
4,BFGS_cluster_results_f5_100_3,MDL,0.00116725646702325,0.25,1.0,29.833333333333332
5,BFGS_cluster_results_f5_100_3,Err_in,0.015172529622869925,0.16666666666666666,1.0,37.833333333333336
