,dataset,criteria,avg_test_error,precision_at_k,ground_truth_hit,avg_size
0,BFGS_cluster_results_f2_100_2,MSE_train_opt,0.00011472119036505388,0.0,0.0,64.46666666666667
1,BFGS_cluster_results_f2_100_2,AIC,1.8737675670666403e-05,0.4666666666666667,1.0,25.3
2,BFGS_cluster_results_f2_100_2,BIC,1.516669220701284e-05,0.5,1.0,24.266666666666666
3,BFGS_cluster_results_f2_100_2,AICc,1.834078594210607e-05,0.4666666666666667,1.0,25.133333333333333
4,BFGS_cluster_results_f2_100_2,MDL,1.5128623818770701e-05,0.5333333333333333,1.0,24.033333333333335
5,BFGS_cluster_results_f2_100_2,Err_in,1.5162485849823136e-05,0.6,0.0,26.9
