,dataset,criteria,avg_test_error,precision_at_k,ground_truth_hit,avg_size
0,BFGS_cluster_results_f3_100_1,MSE_train_opt,7.780123384716519e-05,0.45161290322580644,0.0,50.596774193548384
1,BFGS_cluster_results_f3_100_1,AIC,2.477552904251021e-05,0.8548387096774194,1.0,30.177419354838708
2,BFGS_cluster_results_f3_100_1,BIC,1.9521140212218367e-05,0.8709677419354839,1.0,29.79032258064516
3,BFGS_cluster_results_f3_100_1,AICc,2.421650972870813e-05,0.8709677419354839,1.0,30.20967741935484
4,BFGS_cluster_results_f3_100_1,MDL,1.5647488137934e-05,0.9193548387096774,1.0,29.967741935483872
5,BFGS_cluster_results_f3_100_1,Err_in,2.0390153148896857e-05,0.8548387096774194,1.0,33.725806451612904
