,dataset,criteria,avg_test_error,precision_at_k,ground_truth_hit,avg_size
0,BFGS_pert_results_f3_100_1,MSE_train_opt,0.0006523732410440847,0.90625,0.0,44.28125
1,BFGS_pert_results_f3_100_1,AIC,0.0006523732410440848,0.90625,0.0,44.28125
2,BFGS_pert_results_f3_100_1,BIC,0.0006523732410440848,0.90625,0.0,44.28125
3,BFGS_pert_results_f3_100_1,AICc,0.0006523732410440848,0.90625,0.0,44.28125
4,BFGS_pert_results_f3_100_1,MDL,0.001393392985213015,0.5625,1.0,28.09375
5,BFGS_pert_results_f3_100_1,Err_in,0.0018183562883333508,0.53125,1.0,45.625
