,dataset,criteria,avg_test_error,precision_at_k,ground_truth_hit,avg_size
0,BFGS_orig_results_f4_100_2,MSE_train_opt,0.01353021525245596,0.0,0.0,46.642857142857146
1,BFGS_orig_results_f4_100_2,AIC,0.0013333195277094169,0.21428571428571427,1.0,32.92857142857143
2,BFGS_orig_results_f4_100_2,BIC,0.00046255857761068624,0.21428571428571427,1.0,31.785714285714285
3,BFGS_orig_results_f4_100_2,AICc,0.00047064161884918484,0.21428571428571427,1.0,31.928571428571427
4,BFGS_orig_results_f4_100_2,MDL,1.7338430394199632e-05,0.2857142857142857,1.0,30.071428571428573
5,BFGS_orig_results_f4_100_2,Err_in,0.01353021525245596,0.0,0.0,46.642857142857146
