,dataset,criteria,avg_test_error,precision_at_k,ground_truth_hit,avg_size
0,BFGS_cluster_results_f1_100_10,MSE_train_opt,0.04966577689926719,0.0,0.0,57.064516129032256
1,BFGS_cluster_results_f1_100_10,AIC,0.02709394135150957,0.22580645161290322,1.0,36.67741935483871
2,BFGS_cluster_results_f1_100_10,BIC,0.018660117751901042,0.45161290322580644,1.0,32.806451612903224
3,BFGS_cluster_results_f1_100_10,AICc,0.0256960380604528,0.25806451612903225,1.0,35.70967741935484
4,BFGS_cluster_results_f1_100_10,MDL,0.013301182031559269,0.6774193548387096,1.0,30.548387096774192
5,BFGS_cluster_results_f1_100_10,Err_in,0.012934478378977179,0.8387096774193549,1.0,31.741935483870968
