,dataset,criteria,avg_test_error,precision_at_k,ground_truth_hit,avg_size
0,BFGS_cluster_results_f7_100_2,MSE_train_opt,0.00883272560893857,0.9565217391304348,1.0,28.891304347826086
1,BFGS_cluster_results_f7_100_2,AIC,0.008740761571686694,0.967391304347826,1.0,27.282608695652176
2,BFGS_cluster_results_f7_100_2,BIC,0.00870468214443933,0.9782608695652174,1.0,27.22826086956522
3,BFGS_cluster_results_f7_100_2,AICc,0.00870468214443933,0.9782608695652174,1.0,27.22826086956522
4,BFGS_cluster_results_f7_100_2,MDL,0.00870468214443933,0.9782608695652174,1.0,27.22826086956522
5,BFGS_cluster_results_f7_100_2,Err_in,0.008695362332839589,0.9782608695652174,1.0,28.52173913043478
