,dataset,criteria,avg_test_error,precision_at_k,ground_truth_hit,avg_size
0,BFGS_orig_results_f3_100_1,MSE_train_opt,9.563399148034739e-07,0.4166666666666667,0.0,46.93333333333333
1,BFGS_orig_results_f3_100_1,AIC,5.359229884602468e-07,0.6,1.0,31.45
2,BFGS_orig_results_f3_100_1,BIC,5.359229884602468e-07,0.6,1.0,31.45
3,BFGS_orig_results_f3_100_1,AICc,5.359229884602468e-07,0.6,1.0,31.45
4,BFGS_orig_results_f3_100_1,MDL,5.296410471980578e-07,0.6166666666666667,1.0,31.366666666666667
5,BFGS_orig_results_f3_100_1,Err_in,9.540736265432265e-07,0.43333333333333335,0.0,45.416666666666664
