,dataset,criteria,avg_test_error,precision_at_k,ground_truth_hit,avg_size
0,BFGS_cluster_results_f3_100_1,MSE_train_opt,0.00017363155733076896,0.0,0.0,71.88235294117646
1,BFGS_cluster_results_f3_100_1,AIC,1.607198399416434e-05,0.17647058823529413,1.0,24.470588235294116
2,BFGS_cluster_results_f3_100_1,BIC,1.607198399416434e-05,0.17647058823529413,1.0,24.470588235294116
3,BFGS_cluster_results_f3_100_1,AICc,1.607198399416434e-05,0.17647058823529413,1.0,24.470588235294116
4,BFGS_cluster_results_f3_100_1,MDL,1.3002973878057313e-05,0.11764705882352941,1.0,23.941176470588236
5,BFGS_cluster_results_f3_100_1,Err_in,1.4882734795571744e-05,0.29411764705882354,0.0,30.88235294117647
