,dataset,criteria,avg_test_error,precision_at_k,ground_truth_hit,avg_size
0,BFGS_cluster_results_f7_100_2,MSE_train_opt,0.009364617543828807,0.45454545454545453,0.0,31.613636363636363
1,BFGS_cluster_results_f7_100_2,AIC,0.008739870509260452,0.5,1.0,23.727272727272727
2,BFGS_cluster_results_f7_100_2,BIC,0.008739870509260452,0.5,1.0,23.727272727272727
3,BFGS_cluster_results_f7_100_2,AICc,0.008739870509260452,0.5,1.0,23.727272727272727
4,BFGS_cluster_results_f7_100_2,MDL,0.008737508912726118,0.5909090909090909,1.0,23.568181818181817
5,BFGS_cluster_results_f7_100_2,Err_in,0.008605110948377405,0.4772727272727273,0.0,28.477272727272727
