,dataset,criteria,avg_test_error,precision_at_k,ground_truth_hit,avg_size
0,BFGS_orig_results_f3_100_1,MSE_train_opt,1.0971568754687436e-06,0.19607843137254902,0.0,43.98039215686274
1,BFGS_orig_results_f3_100_1,AIC,4.035215730146822e-07,0.47058823529411764,1.0,29.784313725490197
2,BFGS_orig_results_f3_100_1,BIC,4.035215730146822e-07,0.47058823529411764,1.0,29.784313725490197
3,BFGS_orig_results_f3_100_1,AICc,4.035215730146822e-07,0.47058823529411764,1.0,29.784313725490197
4,BFGS_orig_results_f3_100_1,MDL,4.54588297063052e-07,0.5098039215686274,1.0,29.470588235294116
5,BFGS_orig_results_f3_100_1,Err_in,1.1096122991326112e-06,0.19607843137254902,0.0,41.96078431372549
