,dataset,criteria,avg_test_error,precision_at_k,ground_truth_hit,avg_size
0,BFGS_cluster_results_f5_100_3,MSE_train_opt,0.07439921149634166,0.9183673469387755,1.0,47.183673469387756
1,BFGS_cluster_results_f5_100_3,AIC,0.07237382096628313,0.9387755102040817,1.0,46.04081632653061
2,BFGS_cluster_results_f5_100_3,BIC,0.0723738209662831,0.9387755102040817,1.0,46.04081632653061
3,BFGS_cluster_results_f5_100_3,AICc,0.07237382096628311,0.9387755102040817,1.0,46.04081632653061
4,BFGS_cluster_results_f5_100_3,MDL,0.008877260076003103,0.9591836734693877,1.0,42.816326530612244
5,BFGS_cluster_results_f5_100_3,Err_in,0.01078344393490823,0.9183673469387755,1.0,41.08163265306123
