,dataset,criteria,avg_test_error,precision_at_k,ground_truth_hit,avg_size
0,BFGS_cluster_results_f4_100_2,MSE_train_opt,0.0012074836353287324,0.5846153846153846,0.0,53.276923076923076
1,BFGS_cluster_results_f4_100_2,AIC,0.0007761722014202293,0.8,1.0,35.184615384615384
2,BFGS_cluster_results_f4_100_2,BIC,0.0008038426870016246,0.7846153846153846,1.0,34.8
3,BFGS_cluster_results_f4_100_2,AICc,0.0007833678214635061,0.8,1.0,34.96923076923077
4,BFGS_cluster_results_f4_100_2,MDL,0.0007660761952850199,0.8307692307692308,1.0,34.815384615384616
5,BFGS_cluster_results_f4_100_2,Err_in,0.0009055953564761691,0.7692307692307693,1.0,44.66153846153846
