,dataset,criteria,avg_test_error,precision_at_k,ground_truth_hit,avg_size
0,BFGS_orig_results_f7_100_2,MSE_train_opt,0.008391083132623552,0.8974358974358975,1.0,30.76923076923077
1,BFGS_orig_results_f7_100_2,AIC,0.00841528023863188,0.8461538461538461,1.0,26.871794871794872
2,BFGS_orig_results_f7_100_2,BIC,0.00841528023863188,0.8461538461538461,1.0,26.871794871794872
3,BFGS_orig_results_f7_100_2,AICc,0.00841528023863188,0.8461538461538461,1.0,26.871794871794872
4,BFGS_orig_results_f7_100_2,MDL,0.008413739893754262,0.8333333333333334,1.0,26.743589743589745
5,BFGS_orig_results_f7_100_2,Err_in,0.008226904332926954,0.8589743589743589,1.0,29.743589743589745
