,dataset,criteria,avg_test_error,precision_at_k,ground_truth_hit,avg_size
0,BFGS_cluster_results_f6_100_2,MSE_train_opt,0.2767801756806807,0.9078947368421053,1.0,53.43421052631579
1,BFGS_cluster_results_f6_100_2,AIC,0.27678010236291434,0.9078947368421053,1.0,53.171052631578945
2,BFGS_cluster_results_f6_100_2,BIC,0.27678010236291434,0.9078947368421053,1.0,53.171052631578945
3,BFGS_cluster_results_f6_100_2,AICc,0.27678010236291434,0.9078947368421053,1.0,53.171052631578945
4,BFGS_cluster_results_f6_100_2,MDL,0.27678010236291434,0.9078947368421053,1.0,53.171052631578945
5,BFGS_cluster_results_f6_100_2,Err_in,0.2894227646097878,0.9078947368421053,1.0,52.55263157894737
