,dataset,criteria,avg_test_error,precision_at_k,ground_truth_hit,avg_size
0,BFGS_cluster_results_f6_100_2,MSE_train_opt,0.24958848748470763,0.8103448275862069,1.0,52.46551724137931
1,BFGS_cluster_results_f6_100_2,AIC,0.24958848748470763,0.8103448275862069,1.0,52.46551724137931
2,BFGS_cluster_results_f6_100_2,BIC,0.25862905170429573,0.7931034482758621,1.0,50.94827586206897
3,BFGS_cluster_results_f6_100_2,AICc,0.25862905170429573,0.7931034482758621,1.0,50.94827586206897
4,BFGS_cluster_results_f6_100_2,MDL,0.2555539986810507,0.8103448275862069,1.0,47.224137931034484
5,BFGS_cluster_results_f6_100_2,Err_in,0.2834543428487973,0.7586206896551724,1.0,50.58620689655172
