,dataset,criteria,avg_test_error,precision_at_k,ground_truth_hit,avg_size
0,BFGS_cluster_results_f2_100_2,MSE_train_opt,4.8768241480632736e-05,0.945054945054945,1.0,41.142857142857146
1,BFGS_cluster_results_f2_100_2,AIC,4.147722011980569e-05,0.9560439560439561,1.0,36.9010989010989
2,BFGS_cluster_results_f2_100_2,BIC,4.147722011980569e-05,0.9560439560439561,1.0,36.9010989010989
3,BFGS_cluster_results_f2_100_2,AICc,4.1477220119805686e-05,0.9560439560439561,1.0,36.9010989010989
4,BFGS_cluster_results_f2_100_2,MDL,3.740344301151671e-05,0.967032967032967,1.0,37.0989010989011
5,BFGS_cluster_results_f2_100_2,Err_in,4.046529565288045e-05,0.9560439560439561,1.0,37.604395604395606
