,dataset,criteria,avg_test_error,precision_at_k,ground_truth_hit,avg_size
0,BFGS_pert_results_f1_100_10,MSE_train_opt,0.014306093404698617,0.3695652173913043,1.0,37.56521739130435
1,BFGS_pert_results_f1_100_10,AIC,0.012463798042816254,0.4782608695652174,1.0,31.717391304347824
2,BFGS_pert_results_f1_100_10,BIC,0.012463798042816254,0.4782608695652174,1.0,31.717391304347824
3,BFGS_pert_results_f1_100_10,AICc,0.012463798042816254,0.4782608695652174,1.0,31.717391304347824
4,BFGS_pert_results_f1_100_10,MDL,0.010978587076949924,0.5434782608695652,1.0,30.565217391304348
5,BFGS_pert_results_f1_100_10,Err_in,0.011122828868230518,0.5869565217391305,0.0,35.58695652173913
