,dataset,criteria,avg_test_error,precision_at_k,ground_truth_hit,avg_size
0,BFGS_cluster_results_f5_100_3,MSE_train_opt,0.009740581384175632,0.8378378378378378,1.0,45.86486486486486
1,BFGS_cluster_results_f5_100_3,AIC,0.005904591509925419,0.8378378378378378,1.0,41.0
2,BFGS_cluster_results_f5_100_3,BIC,0.00599410434173496,0.8378378378378378,1.0,38.75675675675676
3,BFGS_cluster_results_f5_100_3,AICc,0.005906024178277833,0.8378378378378378,1.0,39.432432432432435
4,BFGS_cluster_results_f5_100_3,MDL,0.005742373251457604,0.8378378378378378,1.0,37.351351351351354
5,BFGS_cluster_results_f5_100_3,Err_in,0.00818480424632357,0.7567567567567568,1.0,38.0
