,dataset,criteria,avg_test_error,precision_at_k,ground_truth_hit,avg_size
0,BFGS_cluster_results_f6_100_2,MSE_train_opt,0.35023203817179244,0.9647058823529412,1.0,51.576470588235296
1,BFGS_cluster_results_f6_100_2,AIC,0.35023203817179244,0.9647058823529412,1.0,51.576470588235296
2,BFGS_cluster_results_f6_100_2,BIC,0.3502320381717924,0.9647058823529412,1.0,51.576470588235296
3,BFGS_cluster_results_f6_100_2,AICc,0.3502320381717925,0.9647058823529412,1.0,51.576470588235296
4,BFGS_cluster_results_f6_100_2,MDL,0.35023203817179244,0.9647058823529412,1.0,51.576470588235296
5,BFGS_cluster_results_f6_100_2,Err_in,0.3601979414474185,0.9529411764705882,1.0,51.68235294117647
