,dataset,criteria,avg_test_error,precision_at_k,ground_truth_hit,avg_size
0,BFGS_orig_results_f1_100_10,MSE_train_opt,0.013725429859550725,0.5,1.0,37.392857142857146
1,BFGS_orig_results_f1_100_10,AIC,0.012401491513778657,0.625,1.0,31.714285714285715
2,BFGS_orig_results_f1_100_10,BIC,0.01239768416300882,0.625,1.0,31.678571428571427
3,BFGS_orig_results_f1_100_10,AICc,0.01239768416300882,0.625,1.0,31.678571428571427
4,BFGS_orig_results_f1_100_10,MDL,0.011602583641185176,0.6785714285714286,1.0,30.910714285714285
5,BFGS_orig_results_f1_100_10,Err_in,0.011038069373419768,0.8214285714285714,1.0,34.75
