,dataset,criteria,avg_test_error,precision_at_k,ground_truth_hit,avg_size
0,BFGS_cluster_results_f1_100_10,MSE_train_opt,0.03996291147476554,0.0625,0.0,51.625
1,BFGS_cluster_results_f1_100_10,AIC,0.021530130387561797,0.625,1.0,34.708333333333336
2,BFGS_cluster_results_f1_100_10,BIC,0.01845291971301644,0.6666666666666666,1.0,33.416666666666664
3,BFGS_cluster_results_f1_100_10,AICc,0.021115549018022994,0.625,1.0,34.333333333333336
4,BFGS_cluster_results_f1_100_10,MDL,0.013788379983653384,0.8125,1.0,31.791666666666668
5,BFGS_cluster_results_f1_100_10,Err_in,0.013867154572261791,0.8125,1.0,32.958333333333336
