,dataset,criteria,avg_test_error,precision_at_k,ground_truth_hit,avg_size
0,BFGS_orig_results_f2_100_2,MSE_train_opt,1.285892290933876e-05,0.22916666666666666,0.0,39.6875
1,BFGS_orig_results_f2_100_2,AIC,6.725405701638999e-06,0.5416666666666666,1.0,26.125
2,BFGS_orig_results_f2_100_2,BIC,6.725405701638999e-06,0.5416666666666666,1.0,26.125
3,BFGS_orig_results_f2_100_2,AICc,6.725405701638999e-06,0.5416666666666666,1.0,26.125
4,BFGS_orig_results_f2_100_2,MDL,6.39443060928793e-06,0.5833333333333334,1.0,26.291666666666668
5,BFGS_orig_results_f2_100_2,Err_in,1.285892290933876e-05,0.22916666666666666,0.0,39.6875
