,dataset,criteria,avg_test_error,precision_at_k,ground_truth_hit,avg_size
0,BFGS_cluster_results_f3_100_1,MSE_train_opt,0.00012585305865190277,0.0,0.0,63.15151515151515
1,BFGS_cluster_results_f3_100_1,AIC,1.799195236515633e-05,0.3939393939393939,1.0,26.545454545454547
2,BFGS_cluster_results_f3_100_1,BIC,1.3801550257423238e-05,0.45454545454545453,1.0,25.848484848484848
3,BFGS_cluster_results_f3_100_1,AICc,1.69421581103141e-05,0.3939393939393939,1.0,26.21212121212121
4,BFGS_cluster_results_f3_100_1,MDL,1.3805975315765407e-05,0.42424242424242425,1.0,25.515151515151516
5,BFGS_cluster_results_f3_100_1,Err_in,1.2692357798235789e-05,0.696969696969697,1.0,29.454545454545453
