,dataset,criteria,avg_test_error,precision_at_k,ground_truth_hit,avg_size
0,BFGS_orig_results_f1_100_10,MSE_train_opt,0.01619883317172797,0.09375,1.0,40.6875
1,BFGS_orig_results_f1_100_10,AIC,0.013814818601798378,0.1875,1.0,32.46875
2,BFGS_orig_results_f1_100_10,BIC,0.013354645181192313,0.1875,1.0,32.4375
3,BFGS_orig_results_f1_100_10,AICc,0.013814818601798378,0.1875,1.0,32.46875
4,BFGS_orig_results_f1_100_10,MDL,0.011179721493643238,0.34375,1.0,30.09375
5,BFGS_orig_results_f1_100_10,Err_in,0.011495952036542065,0.5,1.0,37.6875
