,dataset,criteria,avg_test_error,precision_at_k,ground_truth_hit,avg_size
0,BFGS_orig_results_f3_100_1,MSE_train_opt,1.1648709803693072e-06,0.14583333333333334,0.0,44.25
1,BFGS_orig_results_f3_100_1,AIC,4.198052176692964e-07,0.4583333333333333,1.0,28.916666666666668
2,BFGS_orig_results_f3_100_1,BIC,4.198052176692964e-07,0.4583333333333333,1.0,28.916666666666668
3,BFGS_orig_results_f3_100_1,AICc,4.198052176692964e-07,0.4583333333333333,1.0,28.916666666666668
4,BFGS_orig_results_f3_100_1,MDL,4.098688649753635e-07,0.5,1.0,28.791666666666668
5,BFGS_orig_results_f3_100_1,Err_in,1.1628361354899537e-06,0.125,0.0,42.479166666666664
