,dataset,criteria,avg_test_error,precision_at_k,ground_truth_hit,avg_size
0,BFGS_pert_results_f6_100_2,MSE_train_opt,0.09166508352786282,1.0,0.0,54.0
1,BFGS_pert_results_f6_100_2,AIC,0.09220802544724152,0.875,0.0,50.25
2,BFGS_pert_results_f6_100_2,BIC,0.09220802544724152,0.875,0.0,50.25
3,BFGS_pert_results_f6_100_2,AICc,0.09220802544724152,0.875,0.0,50.25
4,BFGS_pert_results_f6_100_2,MDL,0.09220802544724152,0.875,0.0,50.25
5,BFGS_pert_results_f6_100_2,Err_in,0.881144500517729,0.0,1.0,46.875
