,dataset,criteria,avg_test_error,precision_at_k,ground_truth_hit,avg_size
0,BFGS_pert_results_f6_100_2,MSE_train_opt,0.18274047435354368,0.9285714285714286,0.0,54.5
1,BFGS_pert_results_f6_100_2,AIC,0.18274047435354368,0.9285714285714286,0.0,54.5
2,BFGS_pert_results_f6_100_2,BIC,0.18274047435354368,0.9285714285714286,0.0,54.5
3,BFGS_pert_results_f6_100_2,AICc,0.18274047435354368,0.9285714285714286,0.0,54.5
4,BFGS_pert_results_f6_100_2,MDL,0.18469425981385257,0.8571428571428571,0.0,50.42857142857143
5,BFGS_pert_results_f6_100_2,Err_in,0.8901941338905724,0.21428571428571427,1.0,50.142857142857146
