,dataset,criteria,avg_test_error,precision_at_k,ground_truth_hit,avg_size
0,BFGS_cluster_results_f3_100_1,MSE_train_opt,0.00020537756319599938,0.0,0.0,78.81818181818181
1,BFGS_cluster_results_f3_100_1,AIC,1.703989804309572e-05,0.18181818181818182,1.0,24.272727272727273
2,BFGS_cluster_results_f3_100_1,BIC,1.703989804309572e-05,0.18181818181818182,1.0,24.272727272727273
3,BFGS_cluster_results_f3_100_1,AICc,1.703989804309572e-05,0.18181818181818182,1.0,24.272727272727273
4,BFGS_cluster_results_f3_100_1,MDL,1.3915232170075845e-05,0.18181818181818182,1.0,23.181818181818183
5,BFGS_cluster_results_f3_100_1,Err_in,1.8089451596730435e-05,0.18181818181818182,0.0,32.72727272727273
