,dataset,criteria,avg_test_error,precision_at_k,ground_truth_hit,avg_size
0,BFGS_cluster_results_f1_100_10,MSE_train_opt,0.031514414371938436,0.5882352941176471,0.0,46.35294117647059
1,BFGS_cluster_results_f1_100_10,AIC,0.021249142905508337,0.7647058823529411,1.0,37.0735294117647
2,BFGS_cluster_results_f1_100_10,BIC,0.019043256898451752,0.8235294117647058,1.0,35.0735294117647
3,BFGS_cluster_results_f1_100_10,AICc,0.019466585337025902,0.7941176470588235,1.0,35.85294117647059
4,BFGS_cluster_results_f1_100_10,MDL,0.01741140501250263,0.8823529411764706,1.0,34.25
5,BFGS_cluster_results_f1_100_10,Err_in,0.015268696227708078,0.8970588235294118,1.0,37.35294117647059
