,dataset,criteria,avg_test_error,precision_at_k,ground_truth_hit,avg_size
0,BFGS_orig_results_f7_100_2,MSE_train_opt,0.00843701247351292,0.23076923076923078,1.0,31.28205128205128
1,BFGS_orig_results_f7_100_2,AIC,0.008403755047520441,0.4358974358974359,1.0,24.307692307692307
2,BFGS_orig_results_f7_100_2,BIC,0.008403755047520441,0.4358974358974359,1.0,24.307692307692307
3,BFGS_orig_results_f7_100_2,AICc,0.008403755047520441,0.4358974358974359,1.0,24.307692307692307
4,BFGS_orig_results_f7_100_2,MDL,0.008403748065988904,0.41025641025641024,1.0,23.794871794871796
5,BFGS_orig_results_f7_100_2,Err_in,0.008108355804503009,0.38461538461538464,0.0,30.871794871794872
