,dataset,criteria,avg_test_error,precision_at_k,ground_truth_hit,avg_size
0,BFGS_orig_results_f1_100_10,MSE_train_opt,0.013313194543808306,0.640625,1.0,36.703125
1,BFGS_orig_results_f1_100_10,AIC,0.012691227686320819,0.640625,1.0,32.375
2,BFGS_orig_results_f1_100_10,BIC,0.012180204806789732,0.6875,1.0,31.75
3,BFGS_orig_results_f1_100_10,AICc,0.012549011074893493,0.65625,1.0,32.09375
4,BFGS_orig_results_f1_100_10,MDL,0.011451058893160782,0.78125,1.0,31.125
5,BFGS_orig_results_f1_100_10,Err_in,0.010942345054262576,0.890625,1.0,34.46875
