,dataset,criteria,avg_test_error,precision_at_k,ground_truth_hit,avg_size
0,BFGS_pert_results_f1_100_10,MSE_train_opt,0.01834806454646543,0.0,0.0,38.63636363636363
1,BFGS_pert_results_f1_100_10,AIC,0.014395499823740682,0.13636363636363635,1.0,31.90909090909091
2,BFGS_pert_results_f1_100_10,BIC,0.014289980784500517,0.13636363636363635,1.0,32.31818181818182
3,BFGS_pert_results_f1_100_10,AICc,0.014395499823740686,0.13636363636363635,1.0,31.90909090909091
4,BFGS_pert_results_f1_100_10,MDL,0.010428801950678515,0.22727272727272727,1.0,29.59090909090909
5,BFGS_pert_results_f1_100_10,Err_in,0.010670403014507897,0.45454545454545453,0.0,35.72727272727273
