,dataset,criteria,avg_test_error,precision_at_k,ground_truth_hit,avg_size
0,BFGS_orig_results_f4_100_2,MSE_train_opt,0.006019158546940963,0.0,0.0,45.46875
1,BFGS_orig_results_f4_100_2,AIC,0.0006227152608815714,0.28125,1.0,33.96875
2,BFGS_orig_results_f4_100_2,BIC,0.00022712917926567125,0.28125,1.0,33.03125
3,BFGS_orig_results_f4_100_2,AICc,0.00022964094459845897,0.28125,1.0,33.09375
4,BFGS_orig_results_f4_100_2,MDL,0.005126343926212877,0.375,1.0,32.8125
5,BFGS_orig_results_f4_100_2,Err_in,0.006019158546940963,0.0,0.0,45.46875
