,dataset,criteria,avg_test_error,precision_at_k,ground_truth_hit,avg_size
0,BFGS_orig_results_f1_100_10,MSE_train_opt,0.015557580490424192,0.1111111111111111,1.0,39.666666666666664
1,BFGS_orig_results_f1_100_10,AIC,0.013438456967691956,0.2222222222222222,1.0,32.27777777777778
2,BFGS_orig_results_f1_100_10,BIC,0.013029414061123724,0.2222222222222222,1.0,32.25
3,BFGS_orig_results_f1_100_10,AICc,0.013438456967691956,0.2222222222222222,1.0,32.27777777777778
4,BFGS_orig_results_f1_100_10,MDL,0.011116319340077932,0.4444444444444444,1.0,30.22222222222222
5,BFGS_orig_results_f1_100_10,Err_in,0.011377241737585878,0.5,1.0,36.888888888888886
