,dataset,criteria,avg_test_error,precision_at_k,ground_truth_hit,avg_size
0,BFGS_cluster_results_f7_100_2,MSE_train_opt,0.009207777554800376,0.5192307692307693,0.0,30.807692307692307
1,BFGS_cluster_results_f7_100_2,AIC,0.00873557693641931,0.5961538461538461,1.0,24.096153846153847
2,BFGS_cluster_results_f7_100_2,BIC,0.008701481551559774,0.6153846153846154,1.0,24.134615384615383
3,BFGS_cluster_results_f7_100_2,AICc,0.008701481551559772,0.6153846153846154,1.0,24.134615384615383
4,BFGS_cluster_results_f7_100_2,MDL,0.00869072263715031,0.6538461538461539,1.0,23.903846153846153
5,BFGS_cluster_results_f7_100_2,Err_in,0.008565118309357488,0.5769230769230769,0.0,28.057692307692307
