,dataset,criteria,avg_test_error,precision_at_k,ground_truth_hit,avg_size
0,BFGS_cluster_results_f6_100_2,MSE_train_opt,0.3013368215200147,0.9102564102564102,1.0,52.80769230769231
1,BFGS_cluster_results_f6_100_2,AIC,0.3013368215200147,0.9102564102564102,1.0,52.80769230769231
2,BFGS_cluster_results_f6_100_2,BIC,0.3013368215200147,0.9102564102564102,1.0,52.80769230769231
3,BFGS_cluster_results_f6_100_2,AICc,0.3013368215200147,0.9102564102564102,1.0,52.80769230769231
4,BFGS_cluster_results_f6_100_2,MDL,0.2870985075653736,0.9230769230769231,1.0,52.58974358974359
5,BFGS_cluster_results_f6_100_2,Err_in,0.3079086898877582,0.9102564102564102,1.0,52.217948717948715
