,dataset,criteria,avg_test_error,precision_at_k,ground_truth_hit,avg_size
0,BFGS_orig_results_f2_100_2,MSE_train_opt,1.069825188043383e-05,0.6714285714285714,0.0,38.871428571428574
1,BFGS_orig_results_f2_100_2,AIC,7.2684298554949105e-06,0.7714285714285715,1.0,29.7
2,BFGS_orig_results_f2_100_2,BIC,7.2684298554949105e-06,0.7714285714285715,1.0,29.7
3,BFGS_orig_results_f2_100_2,AICc,7.2684298554949105e-06,0.7714285714285715,1.0,29.7
4,BFGS_orig_results_f2_100_2,MDL,7.3150308789897655e-06,0.7571428571428571,1.0,29.542857142857144
5,BFGS_orig_results_f2_100_2,Err_in,1.069825188043383e-05,0.6714285714285714,0.0,38.871428571428574
