,dataset,criteria,avg_test_error,precision_at_k,ground_truth_hit,avg_size
0,BFGS_cluster_results_f7_100_2,MSE_train_opt,0.00974691517503977,0.3125,0.0,33.40625
1,BFGS_cluster_results_f7_100_2,AIC,0.00888788783279849,0.3125,1.0,23.75
2,BFGS_cluster_results_f7_100_2,BIC,0.00888788783279849,0.3125,1.0,23.75
3,BFGS_cluster_results_f7_100_2,AICc,0.00888788783279849,0.3125,1.0,23.75
4,BFGS_cluster_results_f7_100_2,MDL,0.00851826050916478,0.34375,1.0,23.09375
5,BFGS_cluster_results_f7_100_2,Err_in,0.008702593314869772,0.34375,0.0,29.71875
