,dataset,criteria,avg_test_error,precision_at_k,ground_truth_hit,avg_size
0,BFGS_pert_results_f4_100_2,MSE_train_opt,0.010206513333033192,0.8275862068965517,0.0,44.793103448275865
1,BFGS_pert_results_f4_100_2,AIC,0.009265682563625612,0.8620689655172413,0.0,44.48275862068966
2,BFGS_pert_results_f4_100_2,BIC,0.009484450414244418,0.8620689655172413,0.0,43.172413793103445
3,BFGS_pert_results_f4_100_2,AICc,0.00926568256362561,0.8620689655172413,0.0,44.48275862068966
4,BFGS_pert_results_f4_100_2,MDL,0.012118274347338672,0.6551724137931034,1.0,34.241379310344826
5,BFGS_pert_results_f4_100_2,Err_in,0.022657324420644345,0.41379310344827586,0.0,52.44827586206897
