,dataset,criteria,avg_test_error,precision_at_k,ground_truth_hit,avg_size
0,BFGS_cluster_results_f4_100_2,MSE_train_opt,0.0010427669177443537,0.945054945054945,1.0,48.91208791208791
1,BFGS_cluster_results_f4_100_2,AIC,0.000996502221510233,0.967032967032967,1.0,45.934065934065934
2,BFGS_cluster_results_f4_100_2,BIC,0.0010179327190241174,0.9560439560439561,1.0,45.61538461538461
3,BFGS_cluster_results_f4_100_2,AICc,0.0010179327190241174,0.9560439560439561,1.0,45.61538461538461
4,BFGS_cluster_results_f4_100_2,MDL,0.0009990688129295098,0.9560439560439561,1.0,45.51648351648352
5,BFGS_cluster_results_f4_100_2,Err_in,0.0010326393860589716,0.9560439560439561,1.0,47.527472527472526
