,dataset,criteria,avg_test_error,precision_at_k,ground_truth_hit,avg_size
0,BFGS_orig_results_f2_100_2,MSE_train_opt,1.0710224033105944e-05,0.5483870967741935,0.0,37.725806451612904
1,BFGS_orig_results_f2_100_2,AIC,7.15800973755889e-06,0.6612903225806451,1.0,28.048387096774192
2,BFGS_orig_results_f2_100_2,BIC,7.15800973755889e-06,0.6612903225806451,1.0,28.048387096774192
3,BFGS_orig_results_f2_100_2,AICc,7.15800973755889e-06,0.6612903225806451,1.0,28.048387096774192
4,BFGS_orig_results_f2_100_2,MDL,6.937086821075708e-06,0.6935483870967742,1.0,28.032258064516128
5,BFGS_orig_results_f2_100_2,Err_in,1.0710224033105944e-05,0.5483870967741935,0.0,37.725806451612904
