,dataset,criteria,avg_test_error,precision_at_k,ground_truth_hit,avg_size
0,BFGS_pert_results_f4_100_2,MSE_train_opt,0.005900620178028012,0.8095238095238095,0.0,44.57142857142857
1,BFGS_pert_results_f4_100_2,AIC,0.005396573025102468,0.8571428571428571,0.0,42.666666666666664
2,BFGS_pert_results_f4_100_2,BIC,0.0061417432028777735,0.8095238095238095,0.0,40.523809523809526
3,BFGS_pert_results_f4_100_2,AICc,0.005396573025102468,0.8571428571428571,0.0,42.666666666666664
4,BFGS_pert_results_f4_100_2,MDL,0.008263745804875799,0.7142857142857143,1.0,35.42857142857143
5,BFGS_pert_results_f4_100_2,Err_in,0.024381555293197844,0.19047619047619047,0.0,54.04761904761905
