,dataset,criteria,avg_test_error,precision_at_k,ground_truth_hit,avg_size
0,BFGS_cluster_results_f3_100_1,MSE_train_opt,5.390263186970862e-05,0.9894736842105263,1.0,43.410526315789475
1,BFGS_cluster_results_f3_100_1,AIC,5.2756722243092164e-05,0.9894736842105263,1.0,43.11578947368421
2,BFGS_cluster_results_f3_100_1,BIC,5.2756722243092164e-05,0.9894736842105263,1.0,43.11578947368421
3,BFGS_cluster_results_f3_100_1,AICc,5.2756722243092164e-05,0.9894736842105263,1.0,43.11578947368421
4,BFGS_cluster_results_f3_100_1,MDL,5.275672224309217e-05,0.9894736842105263,1.0,43.11578947368421
5,BFGS_cluster_results_f3_100_1,Err_in,5.335434323293464e-05,0.9894736842105263,1.0,43.01052631578948
