,dataset,criteria,avg_test_error,precision_at_k,ground_truth_hit,avg_size
0,BFGS_orig_results_f6_100_2,MSE_train_opt,0.0005592130139325224,0.7741935483870968,0.0,50.0
1,BFGS_orig_results_f6_100_2,AIC,0.000653504017383853,0.6129032258064516,1.0,34.24193548387097
2,BFGS_orig_results_f6_100_2,BIC,0.000653504017383853,0.6129032258064516,1.0,34.24193548387097
3,BFGS_orig_results_f6_100_2,AICc,0.000653504017383853,0.6129032258064516,1.0,34.24193548387097
4,BFGS_orig_results_f6_100_2,MDL,0.0006217345243049436,0.6451612903225806,1.0,33.91935483870968
5,BFGS_orig_results_f6_100_2,Err_in,0.0005592130139325224,0.7741935483870968,0.0,50.0
