,dataset,criteria,avg_test_error,precision_at_k,ground_truth_hit,avg_size
0,BFGS_cluster_results_f4_100_2,MSE_train_opt,0.0013602126018580905,0.2692307692307692,0.0,58.51923076923077
1,BFGS_cluster_results_f4_100_2,AIC,0.0008008443501537807,0.6923076923076923,1.0,33.26923076923077
2,BFGS_cluster_results_f4_100_2,BIC,0.0007200895651041347,0.75,1.0,32.53846153846154
3,BFGS_cluster_results_f4_100_2,AICc,0.0007960705013484211,0.7115384615384616,1.0,33.15384615384615
4,BFGS_cluster_results_f4_100_2,MDL,0.0006705745240174944,0.7884615384615384,1.0,31.942307692307693
5,BFGS_cluster_results_f4_100_2,Err_in,0.0007230821091642521,0.7692307692307693,1.0,41.13461538461539
