,dataset,criteria,avg_test_error,precision_at_k,ground_truth_hit,avg_size
0,BFGS_orig_results_f5_100_3,MSE_train_opt,9.411891238534858e-05,0.0,0.0,53.794117647058826
1,BFGS_orig_results_f5_100_3,AIC,2.535753674359131e-05,0.29411764705882354,1.0,31.264705882352942
2,BFGS_orig_results_f5_100_3,BIC,2.5357536743591306e-05,0.29411764705882354,1.0,31.264705882352942
3,BFGS_orig_results_f5_100_3,AICc,2.535753674359131e-05,0.29411764705882354,1.0,31.264705882352942
4,BFGS_orig_results_f5_100_3,MDL,1.6215952087494096e-05,0.4117647058823529,1.0,30.41176470588235
5,BFGS_orig_results_f5_100_3,Err_in,9.411891238534858e-05,0.0,0.0,53.794117647058826
