,dataset,criteria,avg_test_error,precision_at_k,ground_truth_hit,avg_size
0,BFGS_cluster_results_f6_100_2,MSE_train_opt,0.25215337866396464,0.9027777777777778,1.0,53.81944444444444
1,BFGS_cluster_results_f6_100_2,AIC,0.25215337866396464,0.9027777777777778,1.0,53.81944444444444
2,BFGS_cluster_results_f6_100_2,BIC,0.25215337866396464,0.9027777777777778,1.0,53.81944444444444
3,BFGS_cluster_results_f6_100_2,AICc,0.25215337866396464,0.9027777777777778,1.0,53.81944444444444
4,BFGS_cluster_results_f6_100_2,MDL,0.26083943720436953,0.8888888888888888,1.0,52.56944444444444
5,BFGS_cluster_results_f6_100_2,Err_in,0.2701319360019087,0.8888888888888888,1.0,52.763888888888886
