,dataset,criteria,avg_test_error,precision_at_k,ground_truth_hit,avg_size
0,BFGS_orig_results_f4_100_2,MSE_train_opt,0.0030491544829812814,0.5230769230769231,0.0,46.0
1,BFGS_orig_results_f4_100_2,AIC,0.0030166319150688762,0.6461538461538462,1.0,37.43076923076923
2,BFGS_orig_results_f4_100_2,BIC,0.003000342915460436,0.6461538461538462,1.0,37.36923076923077
3,BFGS_orig_results_f4_100_2,AICc,0.0030166319150688762,0.6461538461538462,1.0,37.43076923076923
4,BFGS_orig_results_f4_100_2,MDL,0.002814535375855681,0.6615384615384615,1.0,37.292307692307695
5,BFGS_orig_results_f4_100_2,Err_in,0.0030491544829812814,0.5230769230769231,0.0,46.0
