,dataset,criteria,avg_test_error,precision_at_k,ground_truth_hit,avg_size
0,BFGS_orig_results_f7_100_2,MSE_train_opt,0.008404863018959508,0.7,1.0,30.4
1,BFGS_orig_results_f7_100_2,AIC,0.008434199697379154,0.65,1.0,25.283333333333335
2,BFGS_orig_results_f7_100_2,BIC,0.008434199697379154,0.65,1.0,25.283333333333335
3,BFGS_orig_results_f7_100_2,AICc,0.008434199697379154,0.65,1.0,25.283333333333335
4,BFGS_orig_results_f7_100_2,MDL,0.008405005329957185,0.7,1.0,25.083333333333332
5,BFGS_orig_results_f7_100_2,Err_in,0.008191235874071348,0.7,1.0,30.533333333333335
