,dataset,criteria,avg_test_error,precision_at_k,ground_truth_hit,avg_size
0,BFGS_pert_results_f4_100_2,MSE_train_opt,0.012295423292060327,0.8333333333333334,0.0,44.75
1,BFGS_pert_results_f4_100_2,AIC,0.01235716347754095,0.8055555555555556,0.0,44.55555555555556
2,BFGS_pert_results_f4_100_2,BIC,0.012357163477540949,0.8055555555555556,0.0,44.55555555555556
3,BFGS_pert_results_f4_100_2,AICc,0.01235716347754095,0.8055555555555556,0.0,44.55555555555556
4,BFGS_pert_results_f4_100_2,MDL,0.6537745986158651,0.5833333333333334,1.0,34.638888888888886
5,BFGS_pert_results_f4_100_2,Err_in,0.021018464821905374,0.5,0.0,52.27777777777778
