,dataset,criteria,avg_test_error,precision_at_k,ground_truth_hit,avg_size
0,BFGS_orig_results_f7_100_2,MSE_train_opt,0.00874319051867849,0.1111111111111111,0.0,42.44444444444444
1,BFGS_orig_results_f7_100_2,AIC,0.00834515910103029,0.0,1.0,22.444444444444443
2,BFGS_orig_results_f7_100_2,BIC,0.00834515910103029,0.0,1.0,22.444444444444443
3,BFGS_orig_results_f7_100_2,AICc,0.00834515910103029,0.0,1.0,22.444444444444443
4,BFGS_orig_results_f7_100_2,MDL,0.008345158603091422,0.0,1.0,22.22222222222222
5,BFGS_orig_results_f7_100_2,Err_in,0.008223042867288923,0.1111111111111111,0.0,35.22222222222222
