,dataset,criteria,avg_test_error,precision_at_k,ground_truth_hit,avg_size
0,BFGS_pert_results_f5_100_3,MSE_train_opt,0.04117417221316122,0.3333333333333333,0.0,46.75
1,BFGS_pert_results_f5_100_3,AIC,0.04118960240672924,0.4722222222222222,1.0,37.583333333333336
2,BFGS_pert_results_f5_100_3,BIC,0.04118960240672924,0.4722222222222222,1.0,37.583333333333336
3,BFGS_pert_results_f5_100_3,AICc,0.04118960240672924,0.4722222222222222,1.0,37.583333333333336
4,BFGS_pert_results_f5_100_3,MDL,0.04023228637109789,0.5277777777777778,1.0,34.916666666666664
5,BFGS_pert_results_f5_100_3,Err_in,3.980736643196254,0.3333333333333333,0.0,50.611111111111114
