,dataset,criteria,avg_test_error,precision_at_k,ground_truth_hit,avg_size
0,BFGS_pert_results_f6_100_2,MSE_train_opt,0.29825516757248,0.9090909090909091,0.0,48.27272727272727
1,BFGS_pert_results_f6_100_2,AIC,0.29825658288842877,0.9090909090909091,0.0,47.22727272727273
2,BFGS_pert_results_f6_100_2,BIC,0.29825658288842877,0.9090909090909091,0.0,47.22727272727273
3,BFGS_pert_results_f6_100_2,AICc,0.29825658288842877,0.9090909090909091,0.0,47.22727272727273
4,BFGS_pert_results_f6_100_2,MDL,0.30080238197642994,0.7727272727272727,0.0,44.22727272727273
5,BFGS_pert_results_f6_100_2,Err_in,0.8834569521867518,0.45454545454545453,1.0,46.04545454545455
