,dataset,criteria,avg_test_error,precision_at_k,ground_truth_hit,avg_size
0,BFGS_cluster_results_f4_100_2,MSE_train_opt,0.0010614333515297733,0.8658536585365854,1.0,49.52439024390244
1,BFGS_cluster_results_f4_100_2,AIC,0.0009278372773220332,0.9024390243902439,1.0,40.47560975609756
2,BFGS_cluster_results_f4_100_2,BIC,0.0009278372773220329,0.9024390243902439,1.0,40.47560975609756
3,BFGS_cluster_results_f4_100_2,AICc,0.000927837277322033,0.9024390243902439,1.0,40.47560975609756
4,BFGS_cluster_results_f4_100_2,MDL,0.000875305120748444,0.926829268292683,1.0,40.5
5,BFGS_cluster_results_f4_100_2,Err_in,0.0009521217283180061,0.9024390243902439,1.0,47.1219512195122
