,dataset,criteria,avg_test_error,precision_at_k,ground_truth_hit,avg_size
0,BFGS_cluster_results_f1_100_10,MSE_train_opt,0.05442740023070122,0.0,0.0,59.041666666666664
1,BFGS_cluster_results_f1_100_10,AIC,0.029555324710946445,0.16666666666666666,1.0,37.291666666666664
2,BFGS_cluster_results_f1_100_10,BIC,0.02106128118613902,0.16666666666666666,1.0,33.541666666666664
3,BFGS_cluster_results_f1_100_10,AICc,0.028327106821649004,0.16666666666666666,1.0,36.458333333333336
4,BFGS_cluster_results_f1_100_10,MDL,0.013679267881534509,0.625,1.0,30.041666666666668
5,BFGS_cluster_results_f1_100_10,Err_in,0.013627440197147067,0.8333333333333334,1.0,31.25
