,dataset,criteria,avg_test_error,precision_at_k,ground_truth_hit,avg_size
0,BFGS_cluster_results_f7_100_2,MSE_train_opt,0.008872878125176124,0.8823529411764706,1.0,29.04705882352941
1,BFGS_cluster_results_f7_100_2,AIC,0.008711764026678923,0.9176470588235294,1.0,26.458823529411763
2,BFGS_cluster_results_f7_100_2,BIC,0.008711764026678923,0.9176470588235294,1.0,26.458823529411763
3,BFGS_cluster_results_f7_100_2,AICc,0.008711764026678923,0.9176470588235294,1.0,26.458823529411763
4,BFGS_cluster_results_f7_100_2,MDL,0.008708591424432073,0.9176470588235294,1.0,26.31764705882353
5,BFGS_cluster_results_f7_100_2,Err_in,0.008559731045574724,0.9294117647058824,1.0,27.847058823529412
