,dataset,criteria,avg_test_error,precision_at_k,ground_truth_hit,avg_size
0,BFGS_cluster_results_f2_100_2,MSE_train_opt,4.8044796611877967e-05,0.967741935483871,1.0,41.01075268817204
1,BFGS_cluster_results_f2_100_2,AIC,4.38601242356873e-05,0.967741935483871,1.0,38.55913978494624
2,BFGS_cluster_results_f2_100_2,BIC,4.5260243524964703e-05,0.967741935483871,1.0,38.38709677419355
3,BFGS_cluster_results_f2_100_2,AICc,4.5260243524964703e-05,0.967741935483871,1.0,38.38709677419355
4,BFGS_cluster_results_f2_100_2,MDL,3.9647904541817426e-05,0.989247311827957,1.0,38.70967741935484
5,BFGS_cluster_results_f2_100_2,Err_in,4.405582021544109e-05,0.967741935483871,1.0,39.03225806451613
