,dataset,criteria,avg_test_error,precision_at_k,ground_truth_hit,avg_size
0,BFGS_cluster_results_f7_100_2,MSE_train_opt,0.008879160510950763,0.8690476190476191,1.0,29.107142857142858
1,BFGS_cluster_results_f7_100_2,AIC,0.008714148419561515,0.9047619047619048,1.0,26.357142857142858
2,BFGS_cluster_results_f7_100_2,BIC,0.008714148419561515,0.9047619047619048,1.0,26.357142857142858
3,BFGS_cluster_results_f7_100_2,AICc,0.008714148419561515,0.9047619047619048,1.0,26.357142857142858
4,BFGS_cluster_results_f7_100_2,MDL,0.008712918020183747,0.9047619047619048,1.0,26.25
5,BFGS_cluster_results_f7_100_2,Err_in,0.008552646611381257,0.9285714285714286,1.0,27.857142857142858
