,dataset,criteria,avg_test_error,precision_at_k,ground_truth_hit,avg_size
0,BFGS_pert_results_f1_100_10,MSE_train_opt,0.019186008011974565,0.0,0.0,38.31578947368421
1,BFGS_pert_results_f1_100_10,AIC,0.014860712000190329,0.15789473684210525,1.0,31.894736842105264
2,BFGS_pert_results_f1_100_10,BIC,0.014177251833785478,0.15789473684210525,1.0,32.05263157894737
3,BFGS_pert_results_f1_100_10,AICc,0.01427814423636021,0.15789473684210525,1.0,31.63157894736842
4,BFGS_pert_results_f1_100_10,MDL,0.010428997548302043,0.21052631578947367,1.0,29.63157894736842
5,BFGS_pert_results_f1_100_10,Err_in,0.010708745800798754,0.5263157894736842,0.0,36.0
