,dataset,criteria,avg_test_error,precision_at_k,ground_truth_hit,avg_size
0,BFGS_cluster_results_f7_100_2,MSE_train_opt,0.008959626672652066,0.726027397260274,1.0,29.698630136986303
1,BFGS_cluster_results_f7_100_2,AIC,0.008756108222654558,0.8356164383561644,1.0,25.671232876712327
2,BFGS_cluster_results_f7_100_2,BIC,0.00865867162742185,0.8493150684931506,1.0,25.575342465753426
3,BFGS_cluster_results_f7_100_2,AICc,0.00865867162742185,0.8493150684931506,1.0,25.575342465753426
4,BFGS_cluster_results_f7_100_2,MDL,0.008660377698791603,0.8082191780821918,1.0,25.246575342465754
5,BFGS_cluster_results_f7_100_2,Err_in,0.008520559966887461,0.8904109589041096,0.0,27.493150684931507
