,dataset,criteria,avg_test_error,precision_at_k,ground_truth_hit,avg_size
0,BFGS_cluster_results_f3_100_1,MSE_train_opt,6.512799150461859e-05,0.7368421052631579,0.0,46.5921052631579
1,BFGS_cluster_results_f3_100_1,AIC,3.9418128323099143e-05,0.9078947368421053,1.0,33.71052631578947
2,BFGS_cluster_results_f3_100_1,BIC,3.941812832309915e-05,0.9078947368421053,1.0,33.71052631578947
3,BFGS_cluster_results_f3_100_1,AICc,3.941812832309915e-05,0.9078947368421053,1.0,33.71052631578947
4,BFGS_cluster_results_f3_100_1,MDL,3.816619424332946e-05,0.9210526315789473,1.0,33.55263157894737
5,BFGS_cluster_results_f3_100_1,Err_in,4.4970348133541226e-05,0.868421052631579,1.0,38.01315789473684
