,dataset,criteria,avg_test_error,precision_at_k,ground_truth_hit,avg_size
0,BFGS_pert_results_f2_100_2,MSE_train_opt,0.011151590019910108,0.5384615384615384,0.0,43.92307692307692
1,BFGS_pert_results_f2_100_2,AIC,0.011261018088932746,0.46153846153846156,0.0,37.76923076923077
2,BFGS_pert_results_f2_100_2,BIC,0.011262082709648031,0.46153846153846156,0.0,37.07692307692308
3,BFGS_pert_results_f2_100_2,AICc,0.011261018088932746,0.46153846153846156,0.0,37.76923076923077
4,BFGS_pert_results_f2_100_2,MDL,0.011303512667045122,0.46153846153846156,0.0,30.307692307692307
5,BFGS_pert_results_f2_100_2,Err_in,0.013177612475375732,0.23076923076923078,0.0,40.15384615384615
