,dataset,criteria,avg_test_error,precision_at_k,ground_truth_hit,avg_size
0,BFGS_orig_results_f7_100_2,MSE_train_opt,0.008390499419646763,0.9113924050632911,1.0,30.68354430379747
1,BFGS_orig_results_f7_100_2,AIC,0.008414393998498774,0.8354430379746836,1.0,26.974683544303797
2,BFGS_orig_results_f7_100_2,BIC,0.008414393998498774,0.8354430379746836,1.0,26.974683544303797
3,BFGS_orig_results_f7_100_2,AICc,0.008414393998498774,0.8354430379746836,1.0,26.974683544303797
4,BFGS_orig_results_f7_100_2,MDL,0.00841287087023914,0.8481012658227848,1.0,26.810126582278482
5,BFGS_orig_results_f7_100_2,Err_in,0.008228404822073692,0.8607594936708861,1.0,29.645569620253166
