,dataset,criteria,avg_test_error,precision_at_k,ground_truth_hit,avg_size
0,BFGS_cluster_results_f6_100_2,MSE_train_opt,0.35132352676915574,0.9767441860465116,1.0,51.7906976744186
1,BFGS_cluster_results_f6_100_2,AIC,0.38074285672306324,0.9651162790697675,1.0,51.31395348837209
2,BFGS_cluster_results_f6_100_2,BIC,0.3807428567230632,0.9651162790697675,1.0,51.31395348837209
3,BFGS_cluster_results_f6_100_2,AICc,0.38074285672306324,0.9651162790697675,1.0,51.31395348837209
4,BFGS_cluster_results_f6_100_2,MDL,0.38074285672306324,0.9651162790697675,1.0,51.31395348837209
5,BFGS_cluster_results_f6_100_2,Err_in,0.37805240066934165,0.9534883720930233,1.0,51.5
