,dataset,criteria,avg_test_error,precision_at_k,ground_truth_hit,avg_size
0,BFGS_cluster_results_f2_100_2,MSE_train_opt,4.73416594195348e-05,0.9894736842105263,1.0,40.694736842105264
1,BFGS_cluster_results_f2_100_2,AIC,4.7292046906975985e-05,0.9894736842105263,1.0,39.93684210526316
2,BFGS_cluster_results_f2_100_2,BIC,4.6463186596456e-05,0.9894736842105263,1.0,39.757894736842104
3,BFGS_cluster_results_f2_100_2,AICc,4.6463186596456e-05,0.9894736842105263,1.0,39.757894736842104
4,BFGS_cluster_results_f2_100_2,MDL,4.508100167768864e-05,0.9894736842105263,1.0,39.92631578947368
5,BFGS_cluster_results_f2_100_2,Err_in,4.646318659645601e-05,0.9894736842105263,1.0,39.757894736842104
