,dataset,criteria,avg_test_error,precision_at_k,ground_truth_hit,avg_size
0,BFGS_cluster_results_f6_100_2,MSE_train_opt,0.4604908927207818,0.5769230769230769,1.0,53.30769230769231
1,BFGS_cluster_results_f6_100_2,AIC,0.46946071613802454,0.5384615384615384,1.0,47.65384615384615
2,BFGS_cluster_results_f6_100_2,BIC,0.4729345562771092,0.5,1.0,46.42307692307692
3,BFGS_cluster_results_f6_100_2,AICc,0.4694607161380247,0.5384615384615384,1.0,47.65384615384615
4,BFGS_cluster_results_f6_100_2,MDL,0.4822330001469355,0.38461538461538464,1.0,32.76923076923077
5,BFGS_cluster_results_f6_100_2,Err_in,0.19497946515275302,0.4230769230769231,0.0,49.61538461538461
