,dataset,criteria,avg_test_error,precision_at_k,ground_truth_hit,avg_size
0,BFGS_orig_results_f4_100_2,MSE_train_opt,0.004124056524276528,0.16666666666666666,0.0,45.229166666666664
1,BFGS_orig_results_f4_100_2,AIC,0.004060045499075056,0.4166666666666667,1.0,35.270833333333336
2,BFGS_orig_results_f4_100_2,BIC,0.000188500701139582,0.4791666666666667,1.0,35.145833333333336
3,BFGS_orig_results_f4_100_2,AICc,0.0007745140515419236,0.4375,1.0,35.270833333333336
4,BFGS_orig_results_f4_100_2,MDL,0.0037764346473327065,0.5625,1.0,34.354166666666664
5,BFGS_orig_results_f4_100_2,Err_in,0.004124056524276528,0.16666666666666666,0.0,45.229166666666664
