,dataset,criteria,avg_test_error,precision_at_k,ground_truth_hit,avg_size
0,BFGS_cluster_results_f4_100_2,MSE_train_opt,0.0017155828453928785,0.0,0.0,69.25
1,BFGS_cluster_results_f4_100_2,AIC,0.0008721303494056533,0.32142857142857145,1.0,32.214285714285715
2,BFGS_cluster_results_f4_100_2,BIC,0.0007301898056098286,0.42857142857142855,1.0,30.107142857142858
3,BFGS_cluster_results_f4_100_2,AICc,0.0008681637881815822,0.35714285714285715,1.0,31.428571428571427
4,BFGS_cluster_results_f4_100_2,MDL,0.0005274942080439321,0.5714285714285714,1.0,29.107142857142858
5,BFGS_cluster_results_f4_100_2,Err_in,0.0007956726252430678,0.4642857142857143,1.0,42.785714285714285
