,dataset,criteria,avg_test_error,precision_at_k,ground_truth_hit,avg_size
0,BFGS_cluster_results_f4_100_2,MSE_train_opt,0.0014708471510639,0.06976744186046512,0.0,62.97674418604651
1,BFGS_cluster_results_f4_100_2,AIC,0.0008267567785362582,0.5813953488372093,1.0,32.325581395348834
2,BFGS_cluster_results_f4_100_2,BIC,0.0007567448935014115,0.627906976744186,1.0,31.511627906976745
3,BFGS_cluster_results_f4_100_2,AICc,0.0007797016017759327,0.6046511627906976,1.0,31.86046511627907
4,BFGS_cluster_results_f4_100_2,MDL,0.0005813642885716115,0.7674418604651163,1.0,30.674418604651162
5,BFGS_cluster_results_f4_100_2,Err_in,0.0006943930508666907,0.7441860465116279,1.0,39.58139534883721
