,dataset,criteria,avg_test_error,precision_at_k,ground_truth_hit,avg_size
0,BFGS_orig_results_f1_100_10,MSE_train_opt,0.014531576070643884,0.35555555555555557,1.0,37.86666666666667
1,BFGS_orig_results_f1_100_10,AIC,0.012836277560929994,0.4666666666666667,1.0,31.91111111111111
2,BFGS_orig_results_f1_100_10,BIC,0.01250904314362778,0.4666666666666667,1.0,31.822222222222223
3,BFGS_orig_results_f1_100_10,AICc,0.012836277560929994,0.4666666666666667,1.0,31.91111111111111
4,BFGS_orig_results_f1_100_10,MDL,0.011097801370321238,0.5333333333333333,1.0,30.57777777777778
5,BFGS_orig_results_f1_100_10,Err_in,0.011187305181980283,0.6888888888888889,1.0,35.84444444444444
