,dataset,criteria,avg_test_error,precision_at_k,ground_truth_hit,avg_size
0,BFGS_orig_results_f1_100_10,MSE_train_opt,0.023549821107785817,0.0,0.0,40.54545454545455
1,BFGS_orig_results_f1_100_10,AIC,0.01631720668876743,0.09090909090909091,1.0,31.363636363636363
2,BFGS_orig_results_f1_100_10,BIC,0.015270832769717564,0.09090909090909091,1.0,31.0
3,BFGS_orig_results_f1_100_10,AICc,0.015270832769717564,0.09090909090909091,1.0,31.0
4,BFGS_orig_results_f1_100_10,MDL,0.010429292905121991,0.09090909090909091,1.0,29.181818181818183
5,BFGS_orig_results_f1_100_10,Err_in,0.013377791756711693,0.2727272727272727,0.0,43.0
