,dataset,criteria,avg_test_error,precision_at_k,ground_truth_hit,avg_size
0,BFGS_cluster_results_f7_100_2,MSE_train_opt,0.008854887699101643,0.9204545454545454,1.0,28.897727272727273
1,BFGS_cluster_results_f7_100_2,AIC,0.008699266128154292,0.9431818181818182,1.0,26.681818181818183
2,BFGS_cluster_results_f7_100_2,BIC,0.008699266128154292,0.9431818181818182,1.0,26.681818181818183
3,BFGS_cluster_results_f7_100_2,AICc,0.008699266128154292,0.9431818181818182,1.0,26.681818181818183
4,BFGS_cluster_results_f7_100_2,MDL,0.008698091589865786,0.9431818181818182,1.0,26.602272727272727
5,BFGS_cluster_results_f7_100_2,Err_in,0.008562327771534152,0.9545454545454546,1.0,27.875
