,dataset,criteria,avg_test_error,precision_at_k,ground_truth_hit,avg_size
0,BFGS_pert_results_f7_100_2,MSE_train_opt,0.0084883988067535,0.37209302325581395,1.0,30.651162790697676
1,BFGS_pert_results_f7_100_2,AIC,0.00839830444814922,0.5116279069767442,1.0,24.325581395348838
2,BFGS_pert_results_f7_100_2,BIC,0.00839830444814922,0.5116279069767442,1.0,24.325581395348838
3,BFGS_pert_results_f7_100_2,AICc,0.00839830444814922,0.5116279069767442,1.0,24.325581395348838
4,BFGS_pert_results_f7_100_2,MDL,0.008398297254012586,0.5116279069767442,1.0,24.0
5,BFGS_pert_results_f7_100_2,Err_in,0.008385662131149964,0.4186046511627907,0.0,27.813953488372093
