,dataset,criteria,avg_test_error,precision_at_k,ground_truth_hit,avg_size
0,BFGS_orig_results_f1_100_10,MSE_train_opt,0.01638500326972558,0.0967741935483871,0.0,41.12903225806452
1,BFGS_orig_results_f1_100_10,AIC,0.013924084948305913,0.1935483870967742,1.0,32.45161290322581
2,BFGS_orig_results_f1_100_10,BIC,0.013449067034737748,0.1935483870967742,1.0,32.45161290322581
3,BFGS_orig_results_f1_100_10,AICc,0.013924084948305913,0.1935483870967742,1.0,32.45161290322581
4,BFGS_orig_results_f1_100_10,MDL,0.011203985565515759,0.2903225806451613,1.0,30.06451612903226
5,BFGS_orig_results_f1_100_10,Err_in,0.01153042538628586,0.4838709677419355,1.0,37.903225806451616
