,dataset,criteria,avg_test_error,precision_at_k,ground_truth_hit,avg_size
0,BFGS_cluster_results_f7_100_2,MSE_train_opt,0.009224691657606917,0.5098039215686274,0.0,30.84313725490196
1,BFGS_cluster_results_f7_100_2,AIC,0.008743232255178583,0.5686274509803921,1.0,24.07843137254902
2,BFGS_cluster_results_f7_100_2,BIC,0.008708468281753753,0.5882352941176471,1.0,24.03921568627451
3,BFGS_cluster_results_f7_100_2,AICc,0.008708468281753751,0.5882352941176471,1.0,24.03921568627451
4,BFGS_cluster_results_f7_100_2,MDL,0.008697498404363107,0.6470588235294118,1.0,23.88235294117647
5,BFGS_cluster_results_f7_100_2,Err_in,0.00856943125511334,0.5490196078431373,0.0,28.176470588235293
