,dataset,criteria,avg_test_error,precision_at_k,ground_truth_hit,avg_size
0,BFGS_cluster_results_f6_100_2,MSE_train_opt,0.24697457742195184,0.8823529411764706,1.0,53.794117647058826
1,BFGS_cluster_results_f6_100_2,AIC,0.24697457742195184,0.8823529411764706,1.0,53.794117647058826
2,BFGS_cluster_results_f6_100_2,BIC,0.24697457742195178,0.8823529411764706,1.0,53.794117647058826
3,BFGS_cluster_results_f6_100_2,AICc,0.24697457742195178,0.8823529411764706,1.0,53.794117647058826
4,BFGS_cluster_results_f6_100_2,MDL,0.2618062889266546,0.8676470588235294,1.0,50.4264705882353
5,BFGS_cluster_results_f6_100_2,Err_in,0.2601405362844287,0.8823529411764706,1.0,53.0
