,dataset,criteria,avg_test_error,precision_at_k,ground_truth_hit,avg_size
0,BFGS_pert_results_f3_100_1,MSE_train_opt,0.00042770408704870407,0.9629629629629629,0.0,46.851851851851855
1,BFGS_pert_results_f3_100_1,AIC,0.00038333741728587825,1.0,0.0,45.888888888888886
2,BFGS_pert_results_f3_100_1,BIC,0.0003968786577336079,0.9629629629629629,0.0,45.03703703703704
3,BFGS_pert_results_f3_100_1,AICc,0.00038333741728587825,1.0,0.0,45.888888888888886
4,BFGS_pert_results_f3_100_1,MDL,0.0012789653180874919,0.5185185185185185,1.0,27.77777777777778
5,BFGS_pert_results_f3_100_1,Err_in,0.001811171105618903,0.4074074074074074,1.0,45.81481481481482
