,dataset,criteria,avg_test_error,precision_at_k,ground_truth_hit,avg_size
0,BFGS_orig_results_f6_100_2,MSE_train_opt,0.0006222169767626722,0.21052631578947367,0.0,56.578947368421055
1,BFGS_orig_results_f6_100_2,AIC,0.000673879878078953,0.2631578947368421,1.0,29.526315789473685
2,BFGS_orig_results_f6_100_2,BIC,0.000673879878078953,0.2631578947368421,1.0,29.526315789473685
3,BFGS_orig_results_f6_100_2,AICc,0.000673879878078953,0.2631578947368421,1.0,29.526315789473685
4,BFGS_orig_results_f6_100_2,MDL,0.0006150232313152783,0.21052631578947367,1.0,29.05263157894737
5,BFGS_orig_results_f6_100_2,Err_in,0.0006222169767626722,0.21052631578947367,0.0,56.578947368421055
