,dataset,criteria,avg_test_error,precision_at_k,ground_truth_hit,avg_size
0,BFGS_orig_results_f5_100_3,MSE_train_opt,9.413829454394742e-05,0.02631578947368421,0.0,52.421052631578945
1,BFGS_orig_results_f5_100_3,AIC,2.7465443294149525e-05,0.3157894736842105,1.0,32.3421052631579
2,BFGS_orig_results_f5_100_3,BIC,2.4604553535673854e-05,0.3157894736842105,1.0,31.763157894736842
3,BFGS_orig_results_f5_100_3,AICc,2.7465443294149525e-05,0.3157894736842105,1.0,32.3421052631579
4,BFGS_orig_results_f5_100_3,MDL,1.6443826633648615e-05,0.4473684210526316,1.0,31.0
5,BFGS_orig_results_f5_100_3,Err_in,9.413829454394742e-05,0.02631578947368421,0.0,52.421052631578945
