,dataset,criteria,avg_test_error,precision_at_k,ground_truth_hit,avg_size
0,BFGS_orig_results_f1_100_10,MSE_train_opt,0.01658358495692448,0.06666666666666667,0.0,40.03333333333333
1,BFGS_orig_results_f1_100_10,AIC,0.014040635836285027,0.2,1.0,32.53333333333333
2,BFGS_orig_results_f1_100_10,BIC,0.013549783873893512,0.2,1.0,32.43333333333333
3,BFGS_orig_results_f1_100_10,AICc,0.014040635836285027,0.2,1.0,32.53333333333333
4,BFGS_orig_results_f1_100_10,MDL,0.011212261148969727,0.3,1.0,30.066666666666666
5,BFGS_orig_results_f1_100_10,Err_in,0.011567187561368654,0.5,0.0,38.266666666666666
