,dataset,criteria,avg_test_error,precision_at_k,ground_truth_hit,avg_size
0,BFGS_pert_results_f1_100_10,MSE_train_opt,0.022551727474419938,0.0,0.0,40.81818181818182
1,BFGS_pert_results_f1_100_10,AIC,0.016317216286550435,0.09090909090909091,1.0,31.363636363636363
2,BFGS_pert_results_f1_100_10,BIC,0.015270840351400493,0.09090909090909091,1.0,31.0
3,BFGS_pert_results_f1_100_10,AICc,0.015270840351400493,0.09090909090909091,1.0,31.0
4,BFGS_pert_results_f1_100_10,MDL,0.010429290681294673,0.09090909090909091,1.0,29.181818181818183
5,BFGS_pert_results_f1_100_10,Err_in,0.010333933688737272,0.36363636363636365,0.0,32.81818181818182
