,dataset,criteria,avg_test_error,precision_at_k,ground_truth_hit,avg_size
0,BFGS_pert_results_f3_100_1,MSE_train_opt,9.73157205536363e-07,0.7333333333333333,0.0,52.53333333333333
1,BFGS_pert_results_f3_100_1,AIC,3.7097985014125634e-07,0.8,0.0,37.86666666666667
2,BFGS_pert_results_f3_100_1,BIC,3.7097985014125634e-07,0.8,0.0,37.86666666666667
3,BFGS_pert_results_f3_100_1,AICc,3.7097985014125634e-07,0.8,0.0,37.86666666666667
4,BFGS_pert_results_f3_100_1,MDL,0.0005620013579747532,0.4666666666666667,1.0,28.066666666666666
5,BFGS_pert_results_f3_100_1,Err_in,0.002037732541556875,0.13333333333333333,1.0,45.2
