,dataset,criteria,avg_test_error,precision_at_k,ground_truth_hit,avg_size
0,BFGS_pert_results_f1_100_10,MSE_train_opt,0.0267565903053977,0.0,0.0,40.666666666666664
1,BFGS_pert_results_f1_100_10,AIC,0.021225264983645686,0.16666666666666666,1.0,32.833333333333336
2,BFGS_pert_results_f1_100_10,BIC,0.019306919699249317,0.16666666666666666,1.0,32.0
3,BFGS_pert_results_f1_100_10,AICc,0.019306919699249317,0.16666666666666666,1.0,32.0
4,BFGS_pert_results_f1_100_10,MDL,0.010430744884383331,0.16666666666666666,1.0,29.0
5,BFGS_pert_results_f1_100_10,Err_in,0.010255943754508499,0.3333333333333333,0.0,34.166666666666664
