,dataset,criteria,avg_test_error,precision_at_k,ground_truth_hit,avg_size
0,BFGS_cluster_results_f5_100_3,MSE_train_opt,1.9324693499456758,0.967741935483871,1.0,46.225806451612904
1,BFGS_cluster_results_f5_100_3,AIC,1.9324693499456762,0.967741935483871,1.0,46.225806451612904
2,BFGS_cluster_results_f5_100_3,BIC,1.9324693499456762,0.967741935483871,1.0,46.225806451612904
3,BFGS_cluster_results_f5_100_3,AICc,1.9324693499456758,0.967741935483871,1.0,46.225806451612904
4,BFGS_cluster_results_f5_100_3,MDL,1.9324693499456762,0.967741935483871,1.0,46.225806451612904
5,BFGS_cluster_results_f5_100_3,Err_in,1.9313628498982813,0.967741935483871,1.0,46.075268817204304
