,dataset,criteria,avg_test_error,precision_at_k,ground_truth_hit,avg_size
0,BFGS_cluster_results_f1_100_10,MSE_train_opt,0.04143860196808924,0.0,0.0,52.36363636363637
1,BFGS_cluster_results_f1_100_10,AIC,0.022307864701640225,0.5681818181818182,1.0,34.95454545454545
2,BFGS_cluster_results_f1_100_10,BIC,0.018918040310487747,0.6363636363636364,1.0,33.27272727272727
3,BFGS_cluster_results_f1_100_10,AICc,0.021319751560565266,0.6363636363636364,1.0,34.22727272727273
4,BFGS_cluster_results_f1_100_10,MDL,0.013712838378475468,0.7954545454545454,1.0,31.5
5,BFGS_cluster_results_f1_100_10,Err_in,0.013788709165175845,0.8409090909090909,1.0,32.47727272727273
