,dataset,criteria,avg_test_error,precision_at_k,ground_truth_hit,avg_size
0,BFGS_cluster_results_f2_100_2,MSE_train_opt,8.466605247082816e-05,0.022727272727272728,0.0,56.36363636363637
1,BFGS_cluster_results_f2_100_2,AIC,2.0916386076897134e-05,0.6818181818181818,1.0,25.931818181818183
2,BFGS_cluster_results_f2_100_2,BIC,1.8763989321467545e-05,0.6818181818181818,1.0,25.545454545454547
3,BFGS_cluster_results_f2_100_2,AICc,2.0916386076897134e-05,0.6818181818181818,1.0,25.931818181818183
4,BFGS_cluster_results_f2_100_2,MDL,1.8478935053955317e-05,0.75,1.0,25.295454545454547
5,BFGS_cluster_results_f2_100_2,Err_in,1.568953042275121e-05,0.7954545454545454,0.0,27.568181818181817
