,dataset,criteria,avg_test_error,precision_at_k,ground_truth_hit,avg_size
0,BFGS_cluster_results_f6_100_2,MSE_train_opt,0.3412752720837167,0.9523809523809523,1.0,51.88095238095238
1,BFGS_cluster_results_f6_100_2,AIC,0.3412752720837167,0.9523809523809523,1.0,51.88095238095238
2,BFGS_cluster_results_f6_100_2,BIC,0.34127527208371666,0.9523809523809523,1.0,51.88095238095238
3,BFGS_cluster_results_f6_100_2,AICc,0.3412752720837168,0.9523809523809523,1.0,51.88095238095238
4,BFGS_cluster_results_f6_100_2,MDL,0.3417037936135634,0.9523809523809523,1.0,51.61904761904762
5,BFGS_cluster_results_f6_100_2,Err_in,0.32907931654106537,0.9642857142857143,1.0,51.95238095238095
