,dataset,criteria,avg_test_error,precision_at_k,ground_truth_hit,avg_size
0,BFGS_cluster_results_f2_100_2,MSE_train_opt,5.648918341653086e-05,0.7027027027027027,0.0,44.391891891891895
1,BFGS_cluster_results_f2_100_2,AIC,2.9446664654716365e-05,0.8648648648648649,1.0,29.89189189189189
2,BFGS_cluster_results_f2_100_2,BIC,2.272979305471421e-05,0.9054054054054054,1.0,29.554054054054053
3,BFGS_cluster_results_f2_100_2,AICc,2.7035515355591434e-05,0.8918918918918919,1.0,29.756756756756758
4,BFGS_cluster_results_f2_100_2,MDL,2.153266818416435e-05,0.9324324324324325,1.0,29.513513513513512
5,BFGS_cluster_results_f2_100_2,Err_in,2.294200214282621e-05,0.918918918918919,1.0,31.87837837837838
