,dataset,criteria,avg_test_error,precision_at_k,ground_truth_hit,avg_size
0,BFGS_pert_results_f1_100_10,MSE_train_opt,0.025107094479448897,0.0,0.0,46.333333333333336
1,BFGS_pert_results_f1_100_10,AIC,0.028186276842131968,0.3333333333333333,0.0,34.666666666666664
2,BFGS_pert_results_f1_100_10,BIC,0.028186276842131968,0.3333333333333333,0.0,34.666666666666664
3,BFGS_pert_results_f1_100_10,AICc,0.028186276842131968,0.3333333333333333,0.0,34.666666666666664
4,BFGS_pert_results_f1_100_10,MDL,0.010680897341193,0.0,1.0,28.333333333333332
5,BFGS_pert_results_f1_100_10,Err_in,0.010010944626364466,0.3333333333333333,0.0,32.333333333333336
