,dataset,criteria,avg_test_error,precision_at_k,ground_truth_hit,avg_size
0,BFGS_pert_results_f5_100_3,MSE_train_opt,0.01596150998802441,0.7692307692307693,0.0,50.69230769230769
1,BFGS_pert_results_f5_100_3,AIC,0.01596150998802441,0.7692307692307693,0.0,50.69230769230769
2,BFGS_pert_results_f5_100_3,BIC,0.01596150998802441,0.7692307692307693,0.0,50.69230769230769
3,BFGS_pert_results_f5_100_3,AICc,0.01596150998802441,0.7692307692307693,0.0,50.69230769230769
4,BFGS_pert_results_f5_100_3,MDL,0.014028549906723826,0.7692307692307693,1.0,43.61538461538461
5,BFGS_pert_results_f5_100_3,Err_in,5.620179137633456,0.0,0.0,55.53846153846154
