,dataset,criteria,avg_test_error,precision_at_k,ground_truth_hit,avg_size
0,BFGS_cluster_results_f1_100_10,MSE_train_opt,0.059836125546492085,0.0,0.0,61.733333333333334
1,BFGS_cluster_results_f1_100_10,AIC,0.03679818305382625,0.06666666666666667,1.0,37.13333333333333
2,BFGS_cluster_results_f1_100_10,BIC,0.023142011651770857,0.06666666666666667,1.0,33.266666666666666
3,BFGS_cluster_results_f1_100_10,AICc,0.03679818305382625,0.06666666666666667,1.0,37.13333333333333
4,BFGS_cluster_results_f1_100_10,MDL,0.01090476163650508,0.6,1.0,29.6
5,BFGS_cluster_results_f1_100_10,Err_in,0.015547369845779032,0.4666666666666667,1.0,30.866666666666667
