,dataset,criteria,avg_test_error,precision_at_k,ground_truth_hit,avg_size
0,BFGS_pert_results_f4_100_2,MSE_train_opt,0.0024195492153227262,0.8823529411764706,0.0,43.76470588235294
1,BFGS_pert_results_f4_100_2,AIC,0.0034002077413701555,0.8235294117647058,0.0,41.0
2,BFGS_pert_results_f4_100_2,BIC,0.004135275566953403,0.8235294117647058,0.0,38.0
3,BFGS_pert_results_f4_100_2,AICc,0.003400207741370156,0.8235294117647058,0.0,41.0
4,BFGS_pert_results_f4_100_2,MDL,0.0071277347296355405,0.6470588235294118,1.0,34.76470588235294
5,BFGS_pert_results_f4_100_2,Err_in,0.02497325847409515,0.17647058823529413,0.0,52.529411764705884
