,dataset,criteria,avg_test_error,precision_at_k,ground_truth_hit,avg_size
0,BFGS_cluster_results_f6_100_2,MSE_train_opt,0.26760118729209376,0.7547169811320755,1.0,52.679245283018865
1,BFGS_cluster_results_f6_100_2,AIC,0.2676775712042081,0.7547169811320755,1.0,49.301886792452834
2,BFGS_cluster_results_f6_100_2,BIC,0.2624540263545156,0.7735849056603774,1.0,48.075471698113205
3,BFGS_cluster_results_f6_100_2,AICc,0.2676775712042081,0.7547169811320755,1.0,49.301886792452834
4,BFGS_cluster_results_f6_100_2,MDL,0.2669665877699642,0.7735849056603774,1.0,43.320754716981135
5,BFGS_cluster_results_f6_100_2,Err_in,0.29871242083111704,0.6981132075471698,1.0,50.283018867924525
