,dataset,criteria,avg_test_error,precision_at_k,ground_truth_hit,avg_size
0,BFGS_orig_results_f4_100_2,MSE_train_opt,0.004398890901900561,0.06666666666666667,0.0,44.71111111111111
1,BFGS_orig_results_f4_100_2,AIC,0.004330280886425462,0.4,1.0,34.91111111111111
2,BFGS_orig_results_f4_100_2,BIC,0.00020106741258167746,0.4,1.0,34.77777777777778
3,BFGS_orig_results_f4_100_2,AICc,0.0008250890823322799,0.4,1.0,34.888888888888886
4,BFGS_orig_results_f4_100_2,MDL,0.004028163475353289,0.4888888888888889,1.0,33.84444444444444
5,BFGS_orig_results_f4_100_2,Err_in,0.004398890901900561,0.06666666666666667,0.0,44.71111111111111
