,dataset,criteria,avg_test_error,precision_at_k,ground_truth_hit,avg_size
0,BFGS_cluster_results_f5_100_3,MSE_train_opt,0.013347024620462751,0.6153846153846154,1.0,50.76923076923077
1,BFGS_cluster_results_f5_100_3,AIC,0.006852181643662877,0.6538461538461539,1.0,37.19230769230769
2,BFGS_cluster_results_f5_100_3,BIC,0.00639342152806765,0.7307692307692307,1.0,33.5
3,BFGS_cluster_results_f5_100_3,AICc,0.006652791955725394,0.6923076923076923,1.0,34.5
4,BFGS_cluster_results_f5_100_3,MDL,0.006414837350795247,0.7307692307692307,1.0,32.65384615384615
5,BFGS_cluster_results_f5_100_3,Err_in,0.00850713663056005,0.6153846153846154,1.0,36.80769230769231
