,dataset,criteria,avg_test_error,precision_at_k,ground_truth_hit,avg_size
0,BFGS_orig_results_f3_100_1,MSE_train_opt,2.6401064162687774e-06,0.0,0.0,52.68421052631579
1,BFGS_orig_results_f3_100_1,AIC,4.543520541829328e-07,0.10526315789473684,1.0,25.473684210526315
2,BFGS_orig_results_f3_100_1,BIC,4.543520541829328e-07,0.10526315789473684,1.0,25.473684210526315
3,BFGS_orig_results_f3_100_1,AICc,4.543520541829328e-07,0.10526315789473684,1.0,25.473684210526315
4,BFGS_orig_results_f3_100_1,MDL,3.5062995879087166e-07,0.21052631578947367,1.0,24.473684210526315
5,BFGS_orig_results_f3_100_1,Err_in,2.6514785943481123e-06,0.0,0.0,49.21052631578947
