,dataset,criteria,avg_test_error,precision_at_k,ground_truth_hit,avg_size
0,BFGS_orig_results_f4_100_2,MSE_train_opt,0.008704603975829067,0.0,0.0,46.18181818181818
1,BFGS_orig_results_f4_100_2,AIC,0.0008485910752496034,0.2727272727272727,1.0,32.40909090909091
2,BFGS_orig_results_f4_100_2,BIC,0.0002996130165055715,0.3181818181818182,1.0,31.636363636363637
3,BFGS_orig_results_f4_100_2,AICc,0.0002996130165055715,0.3181818181818182,1.0,31.636363636363637
4,BFGS_orig_results_f4_100_2,MDL,0.00023615119052921625,0.4090909090909091,1.0,31.5
5,BFGS_orig_results_f4_100_2,Err_in,0.008704603975829067,0.0,0.0,46.18181818181818
