,dataset,criteria,avg_test_error,precision_at_k,ground_truth_hit,avg_size
0,BFGS_cluster_results_f7_100_2,MSE_train_opt,0.008815567473160138,0.9894736842105263,1.0,28.842105263157894
1,BFGS_cluster_results_f7_100_2,AIC,0.008835693923835548,0.9894736842105263,1.0,28.126315789473683
2,BFGS_cluster_results_f7_100_2,BIC,0.008835693923835548,0.9894736842105263,1.0,28.126315789473683
3,BFGS_cluster_results_f7_100_2,AICc,0.008835693923835547,0.9894736842105263,1.0,28.126315789473683
4,BFGS_cluster_results_f7_100_2,MDL,0.008835693923835548,0.9894736842105263,1.0,28.126315789473683
5,BFGS_cluster_results_f7_100_2,Err_in,0.008774293063456234,0.9894736842105263,1.0,28.705263157894738
