,dataset,criteria,avg_test_error,precision_at_k,ground_truth_hit,avg_size
0,BFGS_orig_results_f3_100_1,MSE_train_opt,8.97363388634182e-07,0.5230769230769231,0.0,46.09230769230769
1,BFGS_orig_results_f3_100_1,AIC,5.013111584813187e-07,0.676923076923077,1.0,32.33846153846154
2,BFGS_orig_results_f3_100_1,BIC,5.013111584813187e-07,0.676923076923077,1.0,32.33846153846154
3,BFGS_orig_results_f3_100_1,AICc,5.013111584813187e-07,0.676923076923077,1.0,32.33846153846154
4,BFGS_orig_results_f3_100_1,MDL,5.013111549141916e-07,0.676923076923077,1.0,32.353846153846156
5,BFGS_orig_results_f3_100_1,Err_in,8.952707167821334e-07,0.5230769230769231,0.0,46.15384615384615
