,dataset,criteria,avg_test_error,precision_at_k,ground_truth_hit,avg_size
0,BFGS_orig_results_f7_100_2,MSE_train_opt,0.008393566140620597,0.8513513513513513,1.0,30.58108108108108
1,BFGS_orig_results_f7_100_2,AIC,0.008419073347270581,0.8108108108108109,1.0,26.39189189189189
2,BFGS_orig_results_f7_100_2,BIC,0.008419073347270581,0.8108108108108109,1.0,26.39189189189189
3,BFGS_orig_results_f7_100_2,AICc,0.008419073347270581,0.8108108108108109,1.0,26.39189189189189
4,BFGS_orig_results_f7_100_2,MDL,0.008417204936163993,0.8243243243243243,1.0,26.283783783783782
5,BFGS_orig_results_f7_100_2,Err_in,0.008220584019672938,0.8108108108108109,1.0,30.10810810810811
