,dataset,criteria,avg_test_error,precision_at_k,ground_truth_hit,avg_size
0,BFGS_cluster_results_f1_100_10,MSE_train_opt,0.025958887795850687,0.967741935483871,1.0,42.516129032258064
1,BFGS_cluster_results_f1_100_10,AIC,0.025073818181348757,0.967741935483871,1.0,41.56989247311828
2,BFGS_cluster_results_f1_100_10,BIC,0.024858872863932985,0.978494623655914,1.0,41.11827956989247
3,BFGS_cluster_results_f1_100_10,AICc,0.024858872863932985,0.978494623655914,1.0,41.11827956989247
4,BFGS_cluster_results_f1_100_10,MDL,0.024860381171067876,0.978494623655914,1.0,40.946236559139784
5,BFGS_cluster_results_f1_100_10,Err_in,0.024056222457162366,0.967741935483871,1.0,41.61290322580645
