,dataset,criteria,avg_test_error,precision_at_k,ground_truth_hit,avg_size
0,BFGS_cluster_results_f5_100_3,MSE_train_opt,1.924839386760984,0.9787234042553191,1.0,45.96808510638298
1,BFGS_cluster_results_f5_100_3,AIC,1.9248393867609843,0.9787234042553191,1.0,45.96808510638298
2,BFGS_cluster_results_f5_100_3,BIC,1.9248393867609843,0.9787234042553191,1.0,45.96808510638298
3,BFGS_cluster_results_f5_100_3,AICc,1.924839386760984,0.9787234042553191,1.0,45.96808510638298
4,BFGS_cluster_results_f5_100_3,MDL,1.9248393867609843,0.9787234042553191,1.0,45.96808510638298
5,BFGS_cluster_results_f5_100_3,Err_in,1.9237446579906894,0.9787234042553191,1.0,45.819148936170215
