,dataset,criteria,avg_test_error,precision_at_k,ground_truth_hit,avg_size
0,BFGS_cluster_results_f1_100_10,MSE_train_opt,0.04448154030654761,0.0,0.0,54.810810810810814
1,BFGS_cluster_results_f1_100_10,AIC,0.024555490445345624,0.40540540540540543,1.0,35.83783783783784
2,BFGS_cluster_results_f1_100_10,BIC,0.017325114510311646,0.6756756756756757,1.0,32.432432432432435
3,BFGS_cluster_results_f1_100_10,AICc,0.023220068245133146,0.5135135135135135,1.0,34.86486486486486
4,BFGS_cluster_results_f1_100_10,MDL,0.012897479529352586,0.7567567567567568,1.0,30.972972972972972
5,BFGS_cluster_results_f1_100_10,Err_in,0.013053033829680464,0.8378378378378378,1.0,32.270270270270274
