,dataset,criteria,avg_test_error,precision_at_k,ground_truth_hit,avg_size
0,BFGS_pert_results_f3_100_1,MSE_train_opt,0.0009447921041282617,0.9743589743589743,0.0,46.94871794871795
1,BFGS_pert_results_f3_100_1,AIC,0.0009504605444641593,0.8717948717948718,1.0,42.1025641025641
2,BFGS_pert_results_f3_100_1,BIC,0.0009720223653244825,0.8205128205128205,1.0,40.97435897435897
3,BFGS_pert_results_f3_100_1,AICc,0.0009577065093642978,0.8461538461538461,1.0,41.282051282051285
4,BFGS_pert_results_f3_100_1,MDL,0.0015280757620068012,0.5384615384615384,1.0,28.743589743589745
5,BFGS_pert_results_f3_100_1,Err_in,0.0019408924641980008,0.5384615384615384,1.0,44.46153846153846
