,dataset,criteria,avg_test_error,precision_at_k,ground_truth_hit,avg_size
0,BFGS_pert_results_f6_100_2,MSE_train_opt,0.5379280966917757,1.0,1.0,48.08888888888889
1,BFGS_pert_results_f6_100_2,AIC,0.5379280966917757,1.0,1.0,48.08888888888889
2,BFGS_pert_results_f6_100_2,BIC,0.5379280966917757,1.0,1.0,48.08888888888889
3,BFGS_pert_results_f6_100_2,AICc,0.5379280966917757,1.0,1.0,48.08888888888889
4,BFGS_pert_results_f6_100_2,MDL,0.5379280966917757,1.0,1.0,48.08888888888889
5,BFGS_pert_results_f6_100_2,Err_in,1.0011948768971364,0.5777777777777777,1.0,46.644444444444446
