,dataset,criteria,avg_test_error,precision_at_k,ground_truth_hit,avg_size
0,BFGS_cluster_results_f5_100_3,MSE_train_opt,1.4260222098704105,0.9294117647058824,1.0,46.95294117647059
1,BFGS_cluster_results_f5_100_3,AIC,1.4260222098704107,0.9294117647058824,1.0,46.95294117647059
2,BFGS_cluster_results_f5_100_3,BIC,1.4260222098704107,0.9294117647058824,1.0,46.95294117647059
3,BFGS_cluster_results_f5_100_3,AICc,1.4260222098704105,0.9294117647058824,1.0,46.95294117647059
4,BFGS_cluster_results_f5_100_3,MDL,1.4260222098704107,0.9294117647058824,1.0,46.95294117647059
5,BFGS_cluster_results_f5_100_3,Err_in,1.267369072260722,0.9294117647058824,1.0,46.976470588235294
