,dataset,criteria,avg_test_error,precision_at_k,ground_truth_hit,avg_size
0,BFGS_cluster_results_f6_100_2,MSE_train_opt,0.2530112530063865,0.8070175438596491,1.0,52.63157894736842
1,BFGS_cluster_results_f6_100_2,AIC,0.2528464229570795,0.8070175438596491,1.0,52.35087719298246
2,BFGS_cluster_results_f6_100_2,BIC,0.2624594624542761,0.7894736842105263,1.0,49.73684210526316
3,BFGS_cluster_results_f6_100_2,AICc,0.2624594624542761,0.7894736842105263,1.0,49.73684210526316
4,BFGS_cluster_results_f6_100_2,MDL,0.25960886577864994,0.8070175438596491,1.0,46.21052631578947
5,BFGS_cluster_results_f6_100_2,Err_in,0.28090564867458456,0.7719298245614035,1.0,50.75438596491228
