,dataset,criteria,avg_test_error,precision_at_k,ground_truth_hit,avg_size
0,BFGS_orig_results_f7_100_2,MSE_train_opt,0.008397836660985723,0.8088235294117647,1.0,30.352941176470587
1,BFGS_orig_results_f7_100_2,AIC,0.008423561780277426,0.7647058823529411,1.0,25.852941176470587
2,BFGS_orig_results_f7_100_2,BIC,0.008423561780277426,0.7647058823529411,1.0,25.852941176470587
3,BFGS_orig_results_f7_100_2,AICc,0.008423561780277426,0.7647058823529411,1.0,25.852941176470587
4,BFGS_orig_results_f7_100_2,MDL,0.008397957776181044,0.7794117647058824,1.0,25.61764705882353
5,BFGS_orig_results_f7_100_2,Err_in,0.008209605679772884,0.7647058823529411,1.0,30.602941176470587
