,dataset,criteria,avg_test_error,precision_at_k,ground_truth_hit,avg_size
0,BFGS_cluster_results_f3_100_1,MSE_train_opt,0.0002477914510718667,0.0,0.0,78.66666666666667
1,BFGS_cluster_results_f3_100_1,AIC,1.760347493624165e-05,0.0,0.0,23.333333333333332
2,BFGS_cluster_results_f3_100_1,BIC,1.760347493624165e-05,0.0,0.0,23.333333333333332
3,BFGS_cluster_results_f3_100_1,AICc,1.760347493624165e-05,0.0,0.0,23.333333333333332
4,BFGS_cluster_results_f3_100_1,MDL,1.5316332451521062e-05,0.0,1.0,21.666666666666668
5,BFGS_cluster_results_f3_100_1,Err_in,9.003524769632249e-06,0.0,0.0,29.666666666666668
