,dataset,criteria,avg_test_error,precision_at_k,ground_truth_hit,avg_size
0,BFGS_cluster_results_f1_100_10,MSE_train_opt,0.05874357485063103,0.0,0.0,61.0
1,BFGS_cluster_results_f1_100_10,AIC,0.03868179906746438,0.07142857142857142,1.0,37.714285714285715
2,BFGS_cluster_results_f1_100_10,BIC,0.02313066395520728,0.07142857142857142,1.0,32.785714285714285
3,BFGS_cluster_results_f1_100_10,AICc,0.03505677584411583,0.07142857142857142,1.0,36.857142857142854
4,BFGS_cluster_results_f1_100_10,MDL,0.010785725626054527,0.5714285714285714,1.0,29.571428571428573
5,BFGS_cluster_results_f1_100_10,Err_in,0.015913070210103762,0.42857142857142855,1.0,30.857142857142858
