,dataset,criteria,avg_test_error,precision_at_k,ground_truth_hit,avg_size
0,BFGS_cluster_results_f3_100_1,MSE_train_opt,5.536724231260458e-05,0.9565217391304348,1.0,43.65217391304348
1,BFGS_cluster_results_f3_100_1,AIC,5.187393039044944e-05,0.9565217391304348,1.0,41.06521739130435
2,BFGS_cluster_results_f3_100_1,BIC,5.025925806298573e-05,0.967391304347826,1.0,40.93478260869565
3,BFGS_cluster_results_f3_100_1,AICc,5.187393039044944e-05,0.9565217391304348,1.0,41.06521739130435
4,BFGS_cluster_results_f3_100_1,MDL,5.2214003376220654e-05,0.9565217391304348,1.0,41.28260869565217
5,BFGS_cluster_results_f3_100_1,Err_in,4.828828389882658e-05,0.967391304347826,1.0,42.30434782608695
