,dataset,criteria,avg_test_error,precision_at_k,ground_truth_hit,avg_size
0,BFGS_orig_results_f6_100_2,MSE_train_opt,0.0007132186172301463,0.07692307692307693,0.0,57.76923076923077
1,BFGS_orig_results_f6_100_2,AIC,0.0005142192080007081,0.15384615384615385,1.0,29.53846153846154
2,BFGS_orig_results_f6_100_2,BIC,0.0005142192080007081,0.15384615384615385,1.0,29.53846153846154
3,BFGS_orig_results_f6_100_2,AICc,0.0005142192080007081,0.15384615384615385,1.0,29.53846153846154
4,BFGS_orig_results_f6_100_2,MDL,0.0005064397329563606,0.15384615384615385,1.0,28.76923076923077
5,BFGS_orig_results_f6_100_2,Err_in,0.0007132186172301463,0.07692307692307693,0.0,57.76923076923077
