,dataset,criteria,avg_test_error,precision_at_k,ground_truth_hit,avg_size
0,BFGS_cluster_results_f6_100_2,MSE_train_opt,0.39867803602569635,0.9659090909090909,1.0,51.35227272727273
1,BFGS_cluster_results_f6_100_2,AIC,0.3986780360256965,0.9659090909090909,1.0,51.35227272727273
2,BFGS_cluster_results_f6_100_2,BIC,0.39867803602569646,0.9659090909090909,1.0,51.35227272727273
3,BFGS_cluster_results_f6_100_2,AICc,0.39867803602569646,0.9659090909090909,1.0,51.35227272727273
4,BFGS_cluster_results_f6_100_2,MDL,0.4018791551420644,0.9659090909090909,1.0,51.125
5,BFGS_cluster_results_f6_100_2,Err_in,0.49263986417445105,0.9545454545454546,1.0,51.39772727272727
