,dataset,criteria,avg_test_error,precision_at_k,ground_truth_hit,avg_size
0,BFGS_orig_results_f6_100_2,MSE_train_opt,0.0005557092571427317,0.7450980392156863,0.0,52.529411764705884
1,BFGS_orig_results_f6_100_2,AIC,0.0006196742914791922,0.49019607843137253,1.0,32.35294117647059
2,BFGS_orig_results_f6_100_2,BIC,0.0006196742914791923,0.49019607843137253,1.0,32.35294117647059
3,BFGS_orig_results_f6_100_2,AICc,0.0006196742914791923,0.49019607843137253,1.0,32.35294117647059
4,BFGS_orig_results_f6_100_2,MDL,0.0005810731251817314,0.5294117647058824,1.0,32.27450980392157
5,BFGS_orig_results_f6_100_2,Err_in,0.0005557092571427317,0.7450980392156863,0.0,52.529411764705884
