,dataset,criteria,avg_test_error,precision_at_k,ground_truth_hit,avg_size
0,BFGS_cluster_results_f5_100_3,MSE_train_opt,0.010263373430120199,0.7714285714285715,1.0,46.65714285714286
1,BFGS_cluster_results_f5_100_3,AIC,0.006163145646882935,0.8,1.0,39.68571428571428
2,BFGS_cluster_results_f5_100_3,BIC,0.006119758020735515,0.8285714285714286,1.0,38.05714285714286
3,BFGS_cluster_results_f5_100_3,AICc,0.006186055230008014,0.8,1.0,38.885714285714286
4,BFGS_cluster_results_f5_100_3,MDL,0.005837600459410954,0.8571428571428571,1.0,36.02857142857143
5,BFGS_cluster_results_f5_100_3,Err_in,0.008083029764939142,0.7714285714285715,1.0,36.542857142857144
