,dataset,criteria,avg_test_error,precision_at_k,ground_truth_hit,avg_size
0,BFGS_orig_results_f6_100_2,MSE_train_opt,0.0005056364064611386,0.6666666666666666,0.0,53.523809523809526
1,BFGS_orig_results_f6_100_2,AIC,0.0006703226238521952,0.3333333333333333,1.0,31.642857142857142
2,BFGS_orig_results_f6_100_2,BIC,0.0006736771230402593,0.30952380952380953,1.0,31.38095238095238
3,BFGS_orig_results_f6_100_2,AICc,0.0006736771230402593,0.30952380952380953,1.0,31.38095238095238
4,BFGS_orig_results_f6_100_2,MDL,0.0006105640120290391,0.40476190476190477,1.0,31.38095238095238
5,BFGS_orig_results_f6_100_2,Err_in,0.0005056364064611386,0.6666666666666666,0.0,53.523809523809526
