,dataset,criteria,avg_test_error,precision_at_k,ground_truth_hit,avg_size
0,BFGS_pert_results_f2_100_2,MSE_train_opt,0.011472672036683899,0.9629629629629629,0.0,45.888888888888886
1,BFGS_pert_results_f2_100_2,AIC,0.011472672036683902,0.9629629629629629,0.0,45.888888888888886
2,BFGS_pert_results_f2_100_2,BIC,0.011472672036683902,0.9629629629629629,0.0,45.888888888888886
3,BFGS_pert_results_f2_100_2,AICc,0.011472672036683902,0.9629629629629629,0.0,45.888888888888886
4,BFGS_pert_results_f2_100_2,MDL,0.011653199662354955,0.8888888888888888,0.0,39.370370370370374
5,BFGS_pert_results_f2_100_2,Err_in,0.01396216002905951,0.37037037037037035,0.0,40.55555555555556
