,dataset,criteria,avg_test_error,precision_at_k,ground_truth_hit,avg_size
0,BFGS_cluster_results_f5_100_3,MSE_train_opt,0.08545081698197801,0.9384615384615385,1.0,47.58461538461538
1,BFGS_cluster_results_f5_100_3,AIC,0.08545081698197801,0.9384615384615385,1.0,47.58461538461538
2,BFGS_cluster_results_f5_100_3,BIC,0.08545081698197801,0.9384615384615385,1.0,47.58461538461538
3,BFGS_cluster_results_f5_100_3,AICc,0.08545081698197801,0.9384615384615385,1.0,47.58461538461538
4,BFGS_cluster_results_f5_100_3,MDL,0.08545081698197801,0.9384615384615385,1.0,47.58461538461538
5,BFGS_cluster_results_f5_100_3,Err_in,0.08836470621500077,0.9384615384615385,1.0,46.69230769230769
