,dataset,criteria,avg_test_error,precision_at_k,ground_truth_hit,avg_size
0,BFGS_cluster_results_f5_100_3,MSE_train_opt,0.09106188826572276,0.9411764705882353,1.0,47.220588235294116
1,BFGS_cluster_results_f5_100_3,AIC,0.09106188826572276,0.9411764705882353,1.0,47.220588235294116
2,BFGS_cluster_results_f5_100_3,BIC,0.09106188826572276,0.9411764705882353,1.0,47.220588235294116
3,BFGS_cluster_results_f5_100_3,AICc,0.09106188826572276,0.9411764705882353,1.0,47.220588235294116
4,BFGS_cluster_results_f5_100_3,MDL,0.09112847929815367,0.9411764705882353,1.0,46.911764705882355
5,BFGS_cluster_results_f5_100_3,Err_in,0.09463183502436175,0.9117647058823529,1.0,46.11764705882353
