,dataset,criteria,avg_test_error,precision_at_k,ground_truth_hit,avg_size
0,BFGS_pert_results_f4_100_2,MSE_train_opt,0.0064743703923003165,0.8181818181818182,0.0,44.59090909090909
1,BFGS_pert_results_f4_100_2,AIC,0.006463655430380688,0.8181818181818182,0.0,43.31818181818182
2,BFGS_pert_results_f4_100_2,BIC,0.006520220249053057,0.8181818181818182,0.0,40.54545454545455
3,BFGS_pert_results_f4_100_2,AICc,0.00629867898882601,0.8181818181818182,0.0,42.40909090909091
4,BFGS_pert_results_f4_100_2,MDL,0.008943310211289022,0.6818181818181818,1.0,35.13636363636363
5,BFGS_pert_results_f4_100_2,Err_in,0.023960010841352807,0.22727272727272727,0.0,53.5
