,dataset,criteria,avg_test_error,precision_at_k,ground_truth_hit,avg_size
0,BFGS_cluster_results_f3_100_1,MSE_train_opt,0.00014580777938847305,0.0,0.0,67.48148148148148
1,BFGS_cluster_results_f3_100_1,AIC,1.7116423396998353e-05,0.37037037037037035,1.0,26.11111111111111
2,BFGS_cluster_results_f3_100_1,BIC,1.4165074645403749e-05,0.4074074074074074,1.0,25.59259259259259
3,BFGS_cluster_results_f3_100_1,AICc,1.4165074645403749e-05,0.4074074074074074,1.0,25.59259259259259
4,BFGS_cluster_results_f3_100_1,MDL,1.3536602054065458e-05,0.37037037037037035,1.0,24.59259259259259
5,BFGS_cluster_results_f3_100_1,Err_in,1.3512071075513466e-05,0.48148148148148145,0.0,30.0
