,dataset,criteria,avg_test_error,precision_at_k,ground_truth_hit,avg_size
0,BFGS_orig_results_f6_100_2,MSE_train_opt,0.0007246679402437669,0.0,0.0,80.66666666666667
1,BFGS_orig_results_f6_100_2,AIC,0.00043873298663019996,0.0,0.0,29.666666666666668
2,BFGS_orig_results_f6_100_2,BIC,0.00019223870390663335,0.3333333333333333,1.0,28.666666666666668
3,BFGS_orig_results_f6_100_2,AICc,0.00043873298663019996,0.0,0.0,29.666666666666668
4,BFGS_orig_results_f6_100_2,MDL,0.0003434559616047333,0.3333333333333333,1.0,28.333333333333332
5,BFGS_orig_results_f6_100_2,Err_in,0.0007246679402437669,0.0,0.0,80.66666666666667
