,dataset,criteria,avg_test_error,precision_at_k,ground_truth_hit,avg_size
0,BFGS_cluster_results_f5_100_3,MSE_train_opt,0.08763380250006143,0.9242424242424242,1.0,47.45454545454545
1,BFGS_cluster_results_f5_100_3,AIC,0.08763380250006143,0.9242424242424242,1.0,47.45454545454545
2,BFGS_cluster_results_f5_100_3,BIC,0.08763380250006143,0.9242424242424242,1.0,47.45454545454545
3,BFGS_cluster_results_f5_100_3,AICc,0.08763380250006143,0.9242424242424242,1.0,47.45454545454545
4,BFGS_cluster_results_f5_100_3,MDL,0.08713192656216749,0.9393939393939394,1.0,47.303030303030305
5,BFGS_cluster_results_f5_100_3,Err_in,0.09077849248706304,0.9242424242424242,1.0,46.36363636363637
