,dataset,criteria,avg_test_error,precision_at_k,ground_truth_hit,avg_size
0,BFGS_cluster_results_f6_100_2,MSE_train_opt,0.09470139255214592,0.8181818181818182,0.0,52.18181818181818
1,BFGS_cluster_results_f6_100_2,AIC,0.09470139255214591,0.8181818181818182,0.0,52.18181818181818
2,BFGS_cluster_results_f6_100_2,BIC,0.2114411400839284,0.7272727272727273,1.0,46.36363636363637
3,BFGS_cluster_results_f6_100_2,AICc,0.09470139255214591,0.8181818181818182,0.0,52.18181818181818
4,BFGS_cluster_results_f6_100_2,MDL,0.8351143856123858,0.2727272727272727,1.0,29.363636363636363
5,BFGS_cluster_results_f6_100_2,Err_in,0.1133083089664618,0.18181818181818182,0.0,55.81818181818182
