,dataset,criteria,avg_test_error,precision_at_k,ground_truth_hit,avg_size
0,BFGS_orig_results_f5_100_3,MSE_train_opt,6.218613038697696e-05,0.49206349206349204,0.0,48.333333333333336
1,BFGS_orig_results_f5_100_3,AIC,3.3873504570649814e-05,0.6984126984126984,1.0,35.98412698412698
2,BFGS_orig_results_f5_100_3,BIC,3.13157375307448e-05,0.7142857142857143,1.0,35.46031746031746
3,BFGS_orig_results_f5_100_3,AICc,3.13157375307448e-05,0.7142857142857143,1.0,35.46031746031746
4,BFGS_orig_results_f5_100_3,MDL,2.5291295557652282e-05,0.7619047619047619,1.0,34.76190476190476
5,BFGS_orig_results_f5_100_3,Err_in,6.218613038697696e-05,0.49206349206349204,0.0,48.333333333333336
