,dataset,criteria,avg_test_error,precision_at_k,ground_truth_hit,avg_size
0,BFGS_cluster_results_f5_100_3,MSE_train_opt,0.09638421775323969,0.971830985915493,1.0,47.11267605633803
1,BFGS_cluster_results_f5_100_3,AIC,0.09638421775323969,0.971830985915493,1.0,47.11267605633803
2,BFGS_cluster_results_f5_100_3,BIC,0.09638421775323969,0.971830985915493,1.0,47.11267605633803
3,BFGS_cluster_results_f5_100_3,AICc,0.09638421775323969,0.971830985915493,1.0,47.11267605633803
4,BFGS_cluster_results_f5_100_3,MDL,0.09638421775323969,0.971830985915493,1.0,47.11267605633803
5,BFGS_cluster_results_f5_100_3,Err_in,0.09843111457905664,0.9436619718309859,1.0,46.2112676056338
