,dataset,criteria,avg_test_error,precision_at_k,ground_truth_hit,avg_size
0,BFGS_orig_results_f7_100_2,MSE_train_opt,0.008406921680081532,0.6896551724137931,1.0,30.53448275862069
1,BFGS_orig_results_f7_100_2,AIC,0.008437295771549952,0.6206896551724138,1.0,25.25862068965517
2,BFGS_orig_results_f7_100_2,BIC,0.008437295771549952,0.6206896551724138,1.0,25.25862068965517
3,BFGS_orig_results_f7_100_2,AICc,0.008437295771549952,0.6206896551724138,1.0,25.25862068965517
4,BFGS_orig_results_f7_100_2,MDL,0.008384473162563591,0.6896551724137931,1.0,24.96551724137931
5,BFGS_orig_results_f7_100_2,Err_in,0.008185927455722318,0.6896551724137931,1.0,30.689655172413794
