,dataset,criteria,avg_test_error,precision_at_k,ground_truth_hit,avg_size
0,BFGS_orig_results_f5_100_3,MSE_train_opt,0.00020179732233111046,0.0,0.0,57.25
1,BFGS_orig_results_f5_100_3,AIC,1.4395548720955143e-05,0.25,1.0,29.25
2,BFGS_orig_results_f5_100_3,BIC,1.4395548720955143e-05,0.25,1.0,29.25
3,BFGS_orig_results_f5_100_3,AICc,1.4395548720955143e-05,0.25,1.0,29.25
4,BFGS_orig_results_f5_100_3,MDL,1.8335255291427765e-07,0.25,1.0,26.75
5,BFGS_orig_results_f5_100_3,Err_in,0.00020179732233111046,0.0,0.0,57.25
