,dataset,criteria,avg_test_error,precision_at_k,ground_truth_hit,avg_size
0,BFGS_cluster_results_f4_100_2,MSE_train_opt,0.0010293401656682264,0.9080459770114943,1.0,48.6551724137931
1,BFGS_cluster_results_f4_100_2,AIC,0.0009874601980554428,0.9310344827586207,1.0,43.51724137931034
2,BFGS_cluster_results_f4_100_2,BIC,0.0009584375705853113,0.9425287356321839,1.0,43.172413793103445
3,BFGS_cluster_results_f4_100_2,AICc,0.0009584375705853117,0.9425287356321839,1.0,43.172413793103445
4,BFGS_cluster_results_f4_100_2,MDL,0.0009387063584633655,0.9425287356321839,1.0,43.06896551724138
5,BFGS_cluster_results_f4_100_2,Err_in,0.0009858501900318378,0.9195402298850575,1.0,46.96551724137931
