,dataset,criteria,avg_test_error,precision_at_k,ground_truth_hit,avg_size
0,BFGS_pert_results_f5_100_3,MSE_train_opt,0.03423487436104023,0.4166666666666667,0.0,49.541666666666664
1,BFGS_pert_results_f5_100_3,AIC,0.03423483179582213,0.4166666666666667,1.0,40.916666666666664
2,BFGS_pert_results_f5_100_3,BIC,0.03423483179582213,0.4166666666666667,1.0,40.916666666666664
3,BFGS_pert_results_f5_100_3,AICc,0.03423483179582213,0.4166666666666667,1.0,40.916666666666664
4,BFGS_pert_results_f5_100_3,MDL,0.03283131643285329,0.4583333333333333,1.0,36.791666666666664
5,BFGS_pert_results_f5_100_3,Err_in,5.945864015731092,0.25,0.0,57.25
