,dataset,criteria,avg_test_error,precision_at_k,ground_truth_hit,avg_size
0,BFGS_pert_results_f3_100_1,MSE_train_opt,0.0011501797752577537,0.9111111111111111,0.0,48.82222222222222
1,BFGS_pert_results_f3_100_1,AIC,0.0011572068863475893,0.7777777777777778,1.0,39.733333333333334
2,BFGS_pert_results_f3_100_1,BIC,0.0011634867226953602,0.7555555555555555,1.0,39.15555555555556
3,BFGS_pert_results_f3_100_1,AICc,0.0011572068863475889,0.7777777777777778,1.0,39.733333333333334
4,BFGS_pert_results_f3_100_1,MDL,0.001602130210749981,0.5333333333333333,1.0,29.244444444444444
5,BFGS_pert_results_f3_100_1,Err_in,0.0020155812133275165,0.5333333333333333,1.0,42.31111111111111
