,dataset,criteria,avg_test_error,precision_at_k,ground_truth_hit,avg_size
0,BFGS_cluster_results_f7_100_2,MSE_train_opt,0.009341962873475343,0.4666666666666667,0.0,31.4
1,BFGS_cluster_results_f7_100_2,AIC,0.008731099205501556,0.4888888888888889,1.0,23.733333333333334
2,BFGS_cluster_results_f7_100_2,BIC,0.008731099205501558,0.4888888888888889,1.0,23.733333333333334
3,BFGS_cluster_results_f7_100_2,AICc,0.008731099205501556,0.4888888888888889,1.0,23.733333333333334
4,BFGS_cluster_results_f7_100_2,MDL,0.008728790019349375,0.5777777777777777,1.0,23.6
5,BFGS_cluster_results_f7_100_2,Err_in,0.008599334244640922,0.4888888888888889,0.0,28.533333333333335
