,dataset,criteria,avg_test_error,precision_at_k,ground_truth_hit,avg_size
0,BFGS_orig_results_f3_100_1,MSE_train_opt,1.0059789833783985e-06,0.3333333333333333,0.0,46.24561403508772
1,BFGS_orig_results_f3_100_1,AIC,5.640762580971281e-07,0.543859649122807,1.0,30.80701754385965
2,BFGS_orig_results_f3_100_1,BIC,5.640762580971281e-07,0.543859649122807,1.0,30.80701754385965
3,BFGS_orig_results_f3_100_1,AICc,5.640762580971281e-07,0.543859649122807,1.0,30.80701754385965
4,BFGS_orig_results_f3_100_1,MDL,4.2043871458231627e-07,0.5789473684210527,1.0,30.82456140350877
5,BFGS_orig_results_f3_100_1,Err_in,1.0042845170650345e-06,0.3508771929824561,0.0,45.49122807017544
