,dataset,criteria,avg_test_error,precision_at_k,ground_truth_hit,avg_size
0,BFGS_orig_results_f1_100_10,MSE_train_opt,0.013183988772899646,0.6716417910447762,1.0,36.35820895522388
1,BFGS_orig_results_f1_100_10,AIC,0.012589868410852611,0.7014925373134329,1.0,32.32835820895522
2,BFGS_orig_results_f1_100_10,BIC,0.012101726849218347,0.746268656716418,1.0,31.746268656716417
3,BFGS_orig_results_f1_100_10,AICc,0.01245402168876507,0.7164179104477612,1.0,32.08955223880597
4,BFGS_orig_results_f1_100_10,MDL,0.011562057759072476,0.8208955223880597,1.0,31.28358208955224
5,BFGS_orig_results_f1_100_10,Err_in,0.011276990009111101,0.8805970149253731,1.0,34.47761194029851
