,dataset,criteria,avg_test_error,precision_at_k,ground_truth_hit,avg_size
0,BFGS_cluster_results_f1_100_10,MSE_train_opt,0.05227535707231289,0.0,0.0,62.75
1,BFGS_cluster_results_f1_100_10,AIC,0.04339083906232314,0.0,0.0,39.166666666666664
2,BFGS_cluster_results_f1_100_10,BIC,0.020088024609835886,0.08333333333333333,1.0,31.5
3,BFGS_cluster_results_f1_100_10,AICc,0.03480794166965185,0.08333333333333333,1.0,35.5
4,BFGS_cluster_results_f1_100_10,MDL,0.010845420402037774,0.5833333333333334,1.0,29.333333333333332
5,BFGS_cluster_results_f1_100_10,Err_in,0.016827322334542014,0.3333333333333333,0.0,31.0
