,dataset,criteria,avg_test_error,precision_at_k,ground_truth_hit,avg_size
0,BFGS_cluster_results_f3_100_1,MSE_train_opt,0.00018579360662825307,0.0,0.0,73.92307692307692
1,BFGS_cluster_results_f3_100_1,AIC,1.5803541736561824e-05,0.23076923076923078,1.0,24.076923076923077
2,BFGS_cluster_results_f3_100_1,BIC,1.5803541736561824e-05,0.23076923076923078,1.0,24.076923076923077
3,BFGS_cluster_results_f3_100_1,AICc,1.5803541736561824e-05,0.23076923076923078,1.0,24.076923076923077
4,BFGS_cluster_results_f3_100_1,MDL,1.4221728015995676e-05,0.15384615384615385,1.0,23.384615384615383
5,BFGS_cluster_results_f3_100_1,Err_in,1.6691659047226338e-05,0.15384615384615385,0.0,31.384615384615383
