,dataset,criteria,avg_test_error,precision_at_k,ground_truth_hit,avg_size
0,BFGS_cluster_results_f1_100_10,MSE_train_opt,0.03393421752480287,0.4262295081967213,0.0,48.049180327868854
1,BFGS_cluster_results_f1_100_10,AIC,0.01943988035253061,0.7868852459016393,1.0,34.47540983606557
2,BFGS_cluster_results_f1_100_10,BIC,0.01903922675850442,0.8032786885245902,1.0,34.18032786885246
3,BFGS_cluster_results_f1_100_10,AICc,0.01943988035253061,0.7868852459016393,1.0,34.47540983606557
4,BFGS_cluster_results_f1_100_10,MDL,0.015504768744013629,0.9016393442622951,1.0,33.31147540983606
5,BFGS_cluster_results_f1_100_10,Err_in,0.014873997789685596,0.8852459016393442,1.0,34.83606557377049
