,dataset,criteria,avg_test_error,precision_at_k,ground_truth_hit,avg_size
0,BFGS_cluster_results_f7_100_2,MSE_train_opt,0.010214167992558795,0.16666666666666666,0.0,34.791666666666664
1,BFGS_cluster_results_f7_100_2,AIC,0.009068797583692275,0.2916666666666667,1.0,23.458333333333332
2,BFGS_cluster_results_f7_100_2,BIC,0.009068797583692275,0.2916666666666667,1.0,23.458333333333332
3,BFGS_cluster_results_f7_100_2,AICc,0.009068797583692275,0.2916666666666667,1.0,23.458333333333332
4,BFGS_cluster_results_f7_100_2,MDL,0.008386035848949905,0.25,1.0,22.875
5,BFGS_cluster_results_f7_100_2,Err_in,0.008743558561871203,0.2916666666666667,0.0,29.25
