,dataset,criteria,avg_test_error,precision_at_k,ground_truth_hit,avg_size
0,BFGS_orig_results_f4_100_2,MSE_train_opt,0.002417942565746604,0.8292682926829268,0.0,47.46341463414634
1,BFGS_orig_results_f4_100_2,AIC,0.00241190002485122,0.8414634146341463,1.0,41.52439024390244
2,BFGS_orig_results_f4_100_2,BIC,0.0024117152789409108,0.8414634146341463,1.0,41.51219512195122
3,BFGS_orig_results_f4_100_2,AICc,0.0024117152789409108,0.8414634146341463,1.0,41.51219512195122
4,BFGS_orig_results_f4_100_2,MDL,0.0023988705940550235,0.8414634146341463,1.0,41.69512195121951
5,BFGS_orig_results_f4_100_2,Err_in,0.002417942565746604,0.8292682926829268,0.0,47.46341463414634
