,dataset,criteria,avg_test_error,precision_at_k,ground_truth_hit,avg_size
0,BFGS_cluster_results_f5_100_3,MSE_train_opt,0.0811603684634381,0.9354838709677419,1.0,47.29032258064516
1,BFGS_cluster_results_f5_100_3,AIC,0.0811603684634381,0.9354838709677419,1.0,47.29032258064516
2,BFGS_cluster_results_f5_100_3,BIC,0.0811603684634381,0.9354838709677419,1.0,47.29032258064516
3,BFGS_cluster_results_f5_100_3,AICc,0.0811603684634381,0.9354838709677419,1.0,47.29032258064516
4,BFGS_cluster_results_f5_100_3,MDL,0.0811603684634381,0.9354838709677419,1.0,47.29032258064516
5,BFGS_cluster_results_f5_100_3,Err_in,0.08224345666367712,0.9516129032258065,1.0,45.62903225806452
