,dataset,criteria,avg_test_error,precision_at_k,ground_truth_hit,avg_size
0,BFGS_cluster_results_f4_100_2,MSE_train_opt,0.0015542627082608179,0.02564102564102564,0.0,64.12820512820512
1,BFGS_cluster_results_f4_100_2,AIC,0.0008599619064825001,0.5128205128205128,1.0,32.38461538461539
2,BFGS_cluster_results_f4_100_2,BIC,0.0007551908252421668,0.5897435897435898,1.0,30.974358974358974
3,BFGS_cluster_results_f4_100_2,AICc,0.0008080804360292975,0.5384615384615384,1.0,31.871794871794872
4,BFGS_cluster_results_f4_100_2,MDL,0.0005908233565452154,0.717948717948718,1.0,30.23076923076923
5,BFGS_cluster_results_f4_100_2,Err_in,0.0007131261372848562,0.6923076923076923,1.0,40.46153846153846
