,dataset,criteria,avg_test_error,precision_at_k,ground_truth_hit,avg_size
0,BFGS_orig_results_f5_100_3,MSE_train_opt,0.0001197015395510822,0.0,0.0,57.76923076923077
1,BFGS_orig_results_f5_100_3,AIC,4.2746263403127476e-05,0.07692307692307693,1.0,31.23076923076923
2,BFGS_orig_results_f5_100_3,BIC,3.19793673723028e-05,0.07692307692307693,1.0,30.384615384615383
3,BFGS_orig_results_f5_100_3,AICc,3.19793673723028e-05,0.07692307692307693,1.0,30.384615384615383
4,BFGS_orig_results_f5_100_3,MDL,8.902551127189266e-06,0.23076923076923078,1.0,28.153846153846153
5,BFGS_orig_results_f5_100_3,Err_in,0.0001197015395510822,0.0,0.0,57.76923076923077
