,dataset,criteria,avg_test_error,precision_at_k,ground_truth_hit,avg_size
0,BFGS_orig_results_f1_100_10,MSE_train_opt,0.013225752029320756,0.6666666666666666,1.0,36.46969696969697
1,BFGS_orig_results_f1_100_10,AIC,0.012622630836156074,0.6818181818181818,1.0,32.34848484848485
2,BFGS_orig_results_f1_100_10,BIC,0.012127095444988625,0.7272727272727273,1.0,31.757575757575758
3,BFGS_orig_results_f1_100_10,AICc,0.012484724192093158,0.696969696969697,1.0,32.07575757575758
4,BFGS_orig_results_f1_100_10,MDL,0.011579247199929588,0.803030303030303,1.0,31.272727272727273
5,BFGS_orig_results_f1_100_10,Err_in,0.011270303702599724,0.8787878787878788,1.0,34.484848484848484
