,dataset,criteria,avg_test_error,precision_at_k,ground_truth_hit,avg_size
0,BFGS_pert_results_f2_100_2,MSE_train_opt,0.012457685268274997,0.8205128205128205,0.0,43.94871794871795
1,BFGS_pert_results_f2_100_2,AIC,0.01245610979322116,0.8205128205128205,1.0,42.43589743589744
2,BFGS_pert_results_f2_100_2,BIC,0.012454695821086341,0.8205128205128205,1.0,42.23076923076923
3,BFGS_pert_results_f2_100_2,AICc,0.012454695821086341,0.8205128205128205,1.0,42.23076923076923
4,BFGS_pert_results_f2_100_2,MDL,0.012490023367554278,0.7948717948717948,1.0,40.23076923076923
5,BFGS_pert_results_f2_100_2,Err_in,0.013997013601135068,0.48717948717948717,0.0,41.256410256410255
