,dataset,criteria,avg_test_error,precision_at_k,ground_truth_hit,avg_size
0,BFGS_cluster_results_f6_100_2,MSE_train_opt,0.3649366958748956,0.5405405405405406,1.0,53.0
1,BFGS_cluster_results_f6_100_2,AIC,0.35688404727642214,0.5675675675675675,1.0,49.972972972972975
2,BFGS_cluster_results_f6_100_2,BIC,0.34705705703837364,0.5945945945945946,1.0,45.21621621621622
3,BFGS_cluster_results_f6_100_2,AICc,0.34662805601876395,0.5945945945945946,1.0,47.21621621621622
4,BFGS_cluster_results_f6_100_2,MDL,0.364054534267721,0.5945945945945946,1.0,36.32432432432432
5,BFGS_cluster_results_f6_100_2,Err_in,0.24934216524336086,0.5675675675675675,1.0,48.54054054054054
