,dataset,criteria,avg_test_error,precision_at_k,ground_truth_hit,avg_size
0,BFGS_cluster_results_f7_100_2,MSE_train_opt,0.009947166418820591,0.21428571428571427,0.0,34.17857142857143
1,BFGS_cluster_results_f7_100_2,AIC,0.008965420609125155,0.2857142857142857,1.0,23.607142857142858
2,BFGS_cluster_results_f7_100_2,BIC,0.008965420609125155,0.2857142857142857,1.0,23.607142857142858
3,BFGS_cluster_results_f7_100_2,AICc,0.008965420609125155,0.2857142857142857,1.0,23.607142857142858
4,BFGS_cluster_results_f7_100_2,MDL,0.00854298941195831,0.32142857142857145,1.0,22.964285714285715
5,BFGS_cluster_results_f7_100_2,Err_in,0.008690335663658268,0.32142857142857145,0.0,29.321428571428573
