,dataset,criteria,avg_test_error,precision_at_k,ground_truth_hit,avg_size
0,BFGS_orig_results_f6_100_2,MSE_train_opt,0.0005376425797721018,0.7758620689655172,0.0,51.172413793103445
1,BFGS_orig_results_f6_100_2,AIC,0.0006275175531934514,0.5862068965517241,1.0,33.60344827586207
2,BFGS_orig_results_f6_100_2,BIC,0.0006275175531934514,0.5862068965517241,1.0,33.60344827586207
3,BFGS_orig_results_f6_100_2,AICc,0.0006275175531934514,0.5862068965517241,1.0,33.60344827586207
4,BFGS_orig_results_f6_100_2,MDL,0.0005977548800351139,0.603448275862069,1.0,33.258620689655174
5,BFGS_orig_results_f6_100_2,Err_in,0.0005376425797721018,0.7758620689655172,0.0,51.172413793103445
