,dataset,criteria,avg_test_error,precision_at_k,ground_truth_hit,avg_size
0,BFGS_cluster_results_f1_100_10,MSE_train_opt,0.060467662764897,0.0,0.0,61.611111111111114
1,BFGS_cluster_results_f1_100_10,AIC,0.03336111990429581,0.1111111111111111,1.0,37.111111111111114
2,BFGS_cluster_results_f1_100_10,BIC,0.02162390648806105,0.1111111111111111,1.0,33.333333333333336
3,BFGS_cluster_results_f1_100_10,AICc,0.032624801125120055,0.1111111111111111,1.0,36.833333333333336
4,BFGS_cluster_results_f1_100_10,MDL,0.014628676176284196,0.5555555555555556,1.0,29.666666666666668
5,BFGS_cluster_results_f1_100_10,Err_in,0.014694067970582012,0.5555555555555556,1.0,30.833333333333332
