,dataset,criteria,avg_test_error,precision_at_k,ground_truth_hit,avg_size
0,BFGS_cluster_results_f4_100_2,MSE_train_opt,0.0010900704556840886,0.8076923076923077,1.0,50.44871794871795
1,BFGS_cluster_results_f4_100_2,AIC,0.0008929715003489206,0.8717948717948718,1.0,39.11538461538461
2,BFGS_cluster_results_f4_100_2,BIC,0.0008756975499164654,0.8846153846153846,1.0,38.55128205128205
3,BFGS_cluster_results_f4_100_2,AICc,0.0008824574186725731,0.8846153846153846,1.0,38.73076923076923
4,BFGS_cluster_results_f4_100_2,MDL,0.000861221810638318,0.8846153846153846,1.0,38.82051282051282
5,BFGS_cluster_results_f4_100_2,Err_in,0.0009517644852943474,0.8461538461538461,1.0,47.1025641025641
