,dataset,criteria,avg_test_error,precision_at_k,ground_truth_hit,avg_size
0,BFGS_orig_results_f4_100_2,MSE_train_opt,0.002642850933918008,0.72,0.0,47.10666666666667
1,BFGS_orig_results_f4_100_2,AIC,0.0026348958456262495,0.76,1.0,39.53333333333333
2,BFGS_orig_results_f4_100_2,BIC,0.00263489584562625,0.76,1.0,39.53333333333333
3,BFGS_orig_results_f4_100_2,AICc,0.0026348958456262495,0.76,1.0,39.53333333333333
4,BFGS_orig_results_f4_100_2,MDL,0.0026078351632787366,0.8,1.0,39.626666666666665
5,BFGS_orig_results_f4_100_2,Err_in,0.002642850933918008,0.72,0.0,47.10666666666667
