,dataset,criteria,avg_test_error,precision_at_k,ground_truth_hit,avg_size
0,BFGS_orig_results_f2_100_2,MSE_train_opt,1.1915513874290371e-05,0.3269230769230769,0.0,38.96153846153846
1,BFGS_orig_results_f2_100_2,AIC,6.644556556177119e-06,0.6153846153846154,1.0,26.865384615384617
2,BFGS_orig_results_f2_100_2,BIC,6.644556556177119e-06,0.6153846153846154,1.0,26.865384615384617
3,BFGS_orig_results_f2_100_2,AICc,6.644556556177119e-06,0.6153846153846154,1.0,26.865384615384617
4,BFGS_orig_results_f2_100_2,MDL,6.830444657434146e-06,0.6346153846153846,1.0,26.692307692307693
5,BFGS_orig_results_f2_100_2,Err_in,1.1915513874290371e-05,0.3269230769230769,0.0,38.96153846153846
