,dataset,criteria,avg_test_error,precision_at_k,ground_truth_hit,avg_size
0,BFGS_pert_results_f4_100_2,MSE_train_opt,0.012607762804809798,0.8108108108108109,0.0,44.83783783783784
1,BFGS_pert_results_f4_100_2,AIC,0.012607762804809798,0.8108108108108109,0.0,44.83783783783784
2,BFGS_pert_results_f4_100_2,BIC,0.01267302780315048,0.7837837837837838,0.0,44.2972972972973
3,BFGS_pert_results_f4_100_2,AICc,0.012607762804809798,0.8108108108108109,0.0,44.83783783783784
4,BFGS_pert_results_f4_100_2,MDL,0.6367324246581877,0.5675675675675675,1.0,34.648648648648646
5,BFGS_pert_results_f4_100_2,Err_in,0.02107780794040824,0.4864864864864865,0.0,52.13513513513514
