,dataset,criteria,avg_test_error,precision_at_k,ground_truth_hit,avg_size
0,BFGS_pert_results_f4_100_2,MSE_train_opt,0.5498470059048077,0.7441860465116279,0.0,46.41860465116279
1,BFGS_pert_results_f4_100_2,AIC,0.5501736373052516,0.7209302325581395,0.0,44.69767441860465
2,BFGS_pert_results_f4_100_2,BIC,0.014305036292397402,0.7209302325581395,1.0,43.13953488372093
3,BFGS_pert_results_f4_100_2,AICc,0.5500952119859694,0.7209302325581395,0.0,43.95348837209303
4,BFGS_pert_results_f4_100_2,MDL,0.5513349658889496,0.5581395348837209,1.0,34.883720930232556
5,BFGS_pert_results_f4_100_2,Err_in,0.021059088182437957,0.5348837209302325,0.0,50.46511627906977
