,dataset,criteria,avg_test_error,precision_at_k,ground_truth_hit,avg_size
0,BFGS_cluster_results_f7_100_2,MSE_train_opt,0.008985961069644308,0.6857142857142857,1.0,29.914285714285715
1,BFGS_cluster_results_f7_100_2,AIC,0.008773720323613014,0.8142857142857143,1.0,25.485714285714284
2,BFGS_cluster_results_f7_100_2,BIC,0.008672107905258838,0.8142857142857143,1.0,25.4
3,BFGS_cluster_results_f7_100_2,AICc,0.008672107905258837,0.8142857142857143,1.0,25.4
4,BFGS_cluster_results_f7_100_2,MDL,0.00867388693966772,0.7857142857142857,1.0,25.1
5,BFGS_cluster_results_f7_100_2,Err_in,0.008508557061358715,0.8571428571428571,0.0,27.47142857142857
