,dataset,criteria,avg_test_error,precision_at_k,ground_truth_hit,avg_size
0,BFGS_orig_results_f2_100_2,MSE_train_opt,1.0547601701198963e-05,0.676056338028169,0.0,38.732394366197184
1,BFGS_orig_results_f2_100_2,AIC,7.166060851402614e-06,0.7746478873239436,1.0,29.830985915492956
2,BFGS_orig_results_f2_100_2,BIC,7.166060851402614e-06,0.7746478873239436,1.0,29.830985915492956
3,BFGS_orig_results_f2_100_2,AICc,7.166060851402614e-06,0.7746478873239436,1.0,29.830985915492956
4,BFGS_orig_results_f2_100_2,MDL,7.291131334748887e-06,0.7605633802816901,1.0,29.830985915492956
5,BFGS_orig_results_f2_100_2,Err_in,1.0547601701198963e-05,0.676056338028169,0.0,38.732394366197184
