,dataset,criteria,avg_test_error,precision_at_k,ground_truth_hit,avg_size
0,BFGS_cluster_results_f3_100_1,MSE_train_opt,8.655547073860161e-05,0.2545454545454545,0.0,53.21818181818182
1,BFGS_cluster_results_f3_100_1,AIC,2.535813469568521e-05,0.7818181818181819,1.0,29.236363636363638
2,BFGS_cluster_results_f3_100_1,BIC,1.9435006264780757e-05,0.8,1.0,28.581818181818182
3,BFGS_cluster_results_f3_100_1,AICc,1.943500626478076e-05,0.8,1.0,28.581818181818182
4,BFGS_cluster_results_f3_100_1,MDL,1.416463763747616e-05,0.8727272727272727,1.0,28.436363636363637
5,BFGS_cluster_results_f3_100_1,Err_in,1.93971917608007e-05,0.8181818181818182,1.0,31.472727272727273
