,dataset,criteria,avg_test_error,precision_at_k,ground_truth_hit,avg_size
0,BFGS_cluster_results_f2_100_2,MSE_train_opt,9.355984294313262e-05,0.02564102564102564,0.0,58.56410256410256
1,BFGS_cluster_results_f2_100_2,AIC,2.1653984620690324e-05,0.5897435897435898,1.0,25.794871794871796
2,BFGS_cluster_results_f2_100_2,BIC,1.9225639096616326e-05,0.6153846153846154,1.0,25.153846153846153
3,BFGS_cluster_results_f2_100_2,AICc,2.1653984620690324e-05,0.5897435897435898,1.0,25.794871794871796
4,BFGS_cluster_results_f2_100_2,MDL,1.8878666642543686e-05,0.6666666666666666,1.0,24.743589743589745
5,BFGS_cluster_results_f2_100_2,Err_in,1.575718557652021e-05,0.717948717948718,0.0,27.564102564102566
