,dataset,criteria,avg_test_error,precision_at_k,ground_truth_hit,avg_size
0,BFGS_pert_results_f4_100_2,MSE_train_opt,0.0019067832027839014,0.3333333333333333,0.0,36.666666666666664
1,BFGS_pert_results_f4_100_2,AIC,0.00012059505768845337,0.4444444444444444,0.0,33.55555555555556
2,BFGS_pert_results_f4_100_2,BIC,0.00012059505768845337,0.4444444444444444,0.0,33.55555555555556
3,BFGS_pert_results_f4_100_2,AICc,0.00012059505768845337,0.4444444444444444,0.0,33.55555555555556
4,BFGS_pert_results_f4_100_2,MDL,0.00011519057770135266,0.5555555555555556,0.0,32.22222222222222
5,BFGS_pert_results_f4_100_2,Err_in,0.030014188501548036,0.0,0.0,57.666666666666664
