,dataset,criteria,avg_test_error,precision_at_k,ground_truth_hit,avg_size
0,BFGS_cluster_results_f4_100_2,MSE_train_opt,0.0016301636426511643,0.0,0.0,67.87096774193549
1,BFGS_cluster_results_f4_100_2,AIC,0.0008836841370342804,0.3548387096774194,1.0,32.16129032258065
2,BFGS_cluster_results_f4_100_2,BIC,0.0007082036534504065,0.4838709677419355,1.0,30.161290322580644
3,BFGS_cluster_results_f4_100_2,AICc,0.000851840501276271,0.3870967741935484,1.0,31.419354838709676
4,BFGS_cluster_results_f4_100_2,MDL,0.0005266481846068355,0.6129032258064516,1.0,29.322580645161292
5,BFGS_cluster_results_f4_100_2,Err_in,0.0007673505078515967,0.5161290322580645,1.0,41.354838709677416
