,dataset,criteria,avg_test_error,precision_at_k,ground_truth_hit,avg_size
0,BFGS_pert_results_f2_100_2,MSE_train_opt,0.012573953543176553,0.8536585365853658,0.0,44.21951219512195
1,BFGS_pert_results_f2_100_2,AIC,0.012576741433752777,0.8048780487804879,1.0,41.53658536585366
2,BFGS_pert_results_f2_100_2,BIC,0.012576908836485382,0.8048780487804879,1.0,41.34146341463415
3,BFGS_pert_results_f2_100_2,AICc,0.01257674143375278,0.8048780487804879,1.0,41.53658536585366
4,BFGS_pert_results_f2_100_2,MDL,0.01260926162239112,0.7804878048780488,1.0,39.48780487804878
5,BFGS_pert_results_f2_100_2,Err_in,0.014028917713122896,0.5121951219512195,0.0,41.51219512195122
