,dataset,criteria,avg_test_error,precision_at_k,ground_truth_hit,avg_size
0,BFGS_orig_results_f1_100_10,MSE_train_opt,0.013065855531315817,0.7142857142857143,1.0,36.114285714285714
1,BFGS_orig_results_f1_100_10,AIC,0.012497196782717306,0.7571428571428571,1.0,32.3
2,BFGS_orig_results_f1_100_10,BIC,0.012320841429331243,0.7714285714285715,1.0,31.928571428571427
3,BFGS_orig_results_f1_100_10,AICc,0.012367166659081706,0.7714285714285715,1.0,32.042857142857144
4,BFGS_orig_results_f1_100_10,MDL,0.011606216871647044,0.8571428571428571,1.0,31.514285714285716
5,BFGS_orig_results_f1_100_10,Err_in,0.011343141045509725,0.8714285714285714,1.0,34.51428571428571
