,dataset,criteria,avg_test_error,precision_at_k,ground_truth_hit,avg_size
0,BFGS_orig_results_f4_100_2,MSE_train_opt,0.0029581349648818167,0.5671641791044776,0.0,46.04477611940298
1,BFGS_orig_results_f4_100_2,AIC,0.0029357998200385087,0.6417910447761194,1.0,37.83582089552239
2,BFGS_orig_results_f4_100_2,BIC,0.002910780905153103,0.6716417910447762,1.0,37.776119402985074
3,BFGS_orig_results_f4_100_2,AICc,0.00292745759679735,0.6567164179104478,1.0,37.776119402985074
4,BFGS_orig_results_f4_100_2,MDL,0.0027305194714171634,0.6865671641791045,1.0,37.67164179104478
5,BFGS_orig_results_f4_100_2,Err_in,0.0029581349648818167,0.5671641791044776,0.0,46.04477611940298
