,dataset,criteria,avg_test_error,precision_at_k,ground_truth_hit,avg_size
0,BFGS_cluster_results_f3_100_1,MSE_train_opt,7.173085880253705e-05,0.5882352941176471,0.0,49.0735294117647
1,BFGS_cluster_results_f3_100_1,AIC,3.846148736892998e-05,0.8382352941176471,1.0,31.808823529411764
2,BFGS_cluster_results_f3_100_1,BIC,2.4778719282698126e-05,0.8676470588235294,1.0,31.455882352941178
3,BFGS_cluster_results_f3_100_1,AICc,2.6590529394688986e-05,0.8529411764705882,1.0,31.720588235294116
4,BFGS_cluster_results_f3_100_1,MDL,3.097144411518928e-05,0.8970588235294118,1.0,31.397058823529413
5,BFGS_cluster_results_f3_100_1,Err_in,3.69313583495823e-05,0.8529411764705882,1.0,35.5735294117647
