,dataset,criteria,avg_test_error,precision_at_k,ground_truth_hit,avg_size
0,BFGS_cluster_results_f1_100_10,MSE_train_opt,0.035544615283677264,0.3157894736842105,0.0,49.05263157894737
1,BFGS_cluster_results_f1_100_10,AIC,0.020072324207457106,0.7192982456140351,1.0,34.63157894736842
2,BFGS_cluster_results_f1_100_10,BIC,0.01730546213415563,0.7894736842105263,1.0,33.49122807017544
3,BFGS_cluster_results_f1_100_10,AICc,0.020072324207457106,0.7192982456140351,1.0,34.63157894736842
4,BFGS_cluster_results_f1_100_10,MDL,0.014415315970783191,0.8771929824561403,1.0,32.824561403508774
5,BFGS_cluster_results_f1_100_10,Err_in,0.0147459477274908,0.8596491228070176,1.0,34.10526315789474
