,dataset,criteria,avg_test_error,precision_at_k,ground_truth_hit,avg_size
0,BFGS_cluster_results_f2_100_2,MSE_train_opt,6.788948003171647e-05,0.3620689655172414,0.0,49.241379310344826
1,BFGS_cluster_results_f2_100_2,AIC,2.1767075202234166e-05,0.8275862068965517,1.0,27.482758620689655
2,BFGS_cluster_results_f2_100_2,BIC,2.080989248278121e-05,0.8448275862068966,1.0,27.20689655172414
3,BFGS_cluster_results_f2_100_2,AICc,2.080989248278121e-05,0.8448275862068966,1.0,27.20689655172414
4,BFGS_cluster_results_f2_100_2,MDL,1.895067438680369e-05,0.8620689655172413,1.0,26.620689655172413
5,BFGS_cluster_results_f2_100_2,Err_in,1.5974419500596803e-05,0.9482758620689655,1.0,28.0
