,dataset,criteria,avg_test_error,precision_at_k,ground_truth_hit,avg_size
0,BFGS_orig_results_f7_100_2,MSE_train_opt,0.008555881477403552,0.058823529411764705,0.0,37.705882352941174
1,BFGS_orig_results_f7_100_2,AIC,0.00842183943845558,0.0,1.0,23.470588235294116
2,BFGS_orig_results_f7_100_2,BIC,0.00842183943845558,0.0,1.0,23.470588235294116
3,BFGS_orig_results_f7_100_2,AICc,0.00842183943845558,0.0,1.0,23.470588235294116
4,BFGS_orig_results_f7_100_2,MDL,0.008345175571093993,0.0,1.0,22.941176470588236
5,BFGS_orig_results_f7_100_2,Err_in,0.008280508350251846,0.058823529411764705,0.0,32.588235294117645
