,dataset,criteria,avg_test_error,precision_at_k,ground_truth_hit,avg_size
0,BFGS_cluster_results_f2_100_2,MSE_train_opt,0.00017723483077913436,0.0,0.0,81.9090909090909
1,BFGS_cluster_results_f2_100_2,AIC,2.3772701588482123e-05,0.0,1.0,25.727272727272727
2,BFGS_cluster_results_f2_100_2,BIC,1.5219911540796998e-05,0.0,1.0,23.727272727272727
3,BFGS_cluster_results_f2_100_2,AICc,1.5219911540796998e-05,0.0,1.0,23.727272727272727
4,BFGS_cluster_results_f2_100_2,MDL,1.511608327525366e-05,0.09090909090909091,1.0,23.09090909090909
5,BFGS_cluster_results_f2_100_2,Err_in,1.5104512500484391e-05,0.2727272727272727,0.0,29.181818181818183
