,dataset,criteria,avg_test_error,precision_at_k,ground_truth_hit,avg_size
0,BFGS_pert_results_f6_100_2,MSE_train_opt,0.3363793751427393,0.9629629629629629,0.0,50.888888888888886
1,BFGS_pert_results_f6_100_2,AIC,0.33676907649252513,0.8888888888888888,0.0,46.333333333333336
2,BFGS_pert_results_f6_100_2,BIC,0.33676499610377275,0.9259259259259259,0.0,46.22222222222222
3,BFGS_pert_results_f6_100_2,AICc,0.33676499610377275,0.9259259259259259,0.0,46.22222222222222
4,BFGS_pert_results_f6_100_2,MDL,0.3390770096824878,0.8148148148148148,0.0,43.7037037037037
5,BFGS_pert_results_f6_100_2,Err_in,0.9078458782166261,0.4074074074074074,1.0,47.81481481481482
