,dataset,criteria,avg_test_error,precision_at_k,ground_truth_hit,avg_size
0,BFGS_pert_results_f5_100_3,MSE_train_opt,0.038398453148632945,0.3333333333333333,0.0,46.266666666666666
1,BFGS_pert_results_f5_100_3,AIC,0.03839841892274951,0.4666666666666667,1.0,39.03333333333333
2,BFGS_pert_results_f5_100_3,BIC,0.03839841892274951,0.4666666666666667,1.0,39.03333333333333
3,BFGS_pert_results_f5_100_3,AICc,0.03839841892274951,0.4666666666666667,1.0,39.03333333333333
4,BFGS_pert_results_f5_100_3,MDL,0.03727560666973578,0.4666666666666667,1.0,35.53333333333333
5,BFGS_pert_results_f5_100_3,Err_in,4.767701759995093,0.26666666666666666,0.0,53.63333333333333
