,dataset,criteria,avg_test_error,precision_at_k,ground_truth_hit,avg_size
0,BFGS_orig_results_f1_100_10,MSE_train_opt,0.015859346480187716,0.08823529411764706,1.0,40.26470588235294
1,BFGS_orig_results_f1_100_10,AIC,0.013615568281918346,0.20588235294117646,1.0,32.411764705882355
2,BFGS_orig_results_f1_100_10,BIC,0.013182463697336303,0.20588235294117646,1.0,32.35294117647059
3,BFGS_orig_results_f1_100_10,AICc,0.013615568281918346,0.20588235294117646,1.0,32.411764705882355
4,BFGS_orig_results_f1_100_10,MDL,0.01112838756942011,0.4117647058823529,1.0,30.176470588235293
5,BFGS_orig_results_f1_100_10,Err_in,0.011433105539244098,0.5,1.0,37.35294117647059
