,dataset,criteria,avg_test_error,precision_at_k,ground_truth_hit,avg_size
0,BFGS_orig_results_f7_100_2,MSE_train_opt,0.008439429669709354,0.23684210526315788,0.0,31.57894736842105
1,BFGS_orig_results_f7_100_2,AIC,0.008405299418559931,0.42105263157894735,1.0,24.31578947368421
2,BFGS_orig_results_f7_100_2,BIC,0.008405299418559931,0.42105263157894735,1.0,24.31578947368421
3,BFGS_orig_results_f7_100_2,AICc,0.008405299418559931,0.42105263157894735,1.0,24.31578947368421
4,BFGS_orig_results_f7_100_2,MDL,0.008405290281608772,0.39473684210526316,1.0,23.789473684210527
5,BFGS_orig_results_f7_100_2,Err_in,0.008102124150075767,0.3684210526315789,0.0,31.0
