,dataset,criteria,avg_test_error,precision_at_k,ground_truth_hit,avg_size
0,BFGS_cluster_results_f1_100_10,MSE_train_opt,0.03182914357591632,0.5671641791044776,0.0,46.53731343283582
1,BFGS_cluster_results_f1_100_10,AIC,0.020345234829707654,0.7761194029850746,1.0,36.44776119402985
2,BFGS_cluster_results_f1_100_10,BIC,0.019098748886248667,0.8208955223880597,1.0,34.8955223880597
3,BFGS_cluster_results_f1_100_10,AICc,0.019528395659726906,0.7910447761194029,1.0,35.6865671641791
4,BFGS_cluster_results_f1_100_10,MDL,0.017091776696866293,0.8955223880597015,1.0,34.1044776119403
5,BFGS_cluster_results_f1_100_10,Err_in,0.01523276461377107,0.8805970149253731,1.0,36.95522388059702
