,dataset,criteria,avg_test_error,precision_at_k,ground_truth_hit,avg_size
0,BFGS_cluster_results_f1_100_10,MSE_train_opt,0.02881097119015096,0.7692307692307693,1.0,44.44871794871795
1,BFGS_cluster_results_f1_100_10,AIC,0.022586496977234083,0.8333333333333334,1.0,38.34615384615385
2,BFGS_cluster_results_f1_100_10,BIC,0.01955616882729042,0.8717948717948718,1.0,37.41025641025641
3,BFGS_cluster_results_f1_100_10,AICc,0.021107922870247264,0.8589743589743589,1.0,37.42307692307692
4,BFGS_cluster_results_f1_100_10,MDL,0.020309981255908893,0.8717948717948718,1.0,36.205128205128204
5,BFGS_cluster_results_f1_100_10,Err_in,0.017024220407329434,0.9230769230769231,1.0,39.08974358974359
