,dataset,criteria,avg_test_error,precision_at_k,ground_truth_hit,avg_size
0,BFGS_orig_results_f6_100_2,MSE_train_opt,0.0006729818415148202,0.13333333333333333,0.0,57.266666666666666
1,BFGS_orig_results_f6_100_2,AIC,0.0006199806194496937,0.2,1.0,29.666666666666668
2,BFGS_orig_results_f6_100_2,BIC,0.0006199806194496937,0.2,1.0,29.666666666666668
3,BFGS_orig_results_f6_100_2,AICc,0.0006199806194496937,0.2,1.0,29.666666666666668
4,BFGS_orig_results_f6_100_2,MDL,0.0004981909040634725,0.13333333333333333,1.0,28.866666666666667
5,BFGS_orig_results_f6_100_2,Err_in,0.0006729818415148202,0.13333333333333333,0.0,57.266666666666666
