,dataset,criteria,avg_test_error,precision_at_k,ground_truth_hit,avg_size
0,BFGS_pert_results_f7_100_2,MSE_train_opt,0.00849538607626294,0.34146341463414637,1.0,30.975609756097562
1,BFGS_pert_results_f7_100_2,AIC,0.008400894518776363,0.4634146341463415,1.0,24.341463414634145
2,BFGS_pert_results_f7_100_2,BIC,0.008400894518776363,0.4634146341463415,1.0,24.341463414634145
3,BFGS_pert_results_f7_100_2,AICc,0.008400894518776363,0.4634146341463415,1.0,24.341463414634145
4,BFGS_pert_results_f7_100_2,MDL,0.008400890313897822,0.43902439024390244,1.0,23.878048780487806
5,BFGS_pert_results_f7_100_2,Err_in,0.008387631563853982,0.4146341463414634,0.0,27.975609756097562
