,dataset,criteria,avg_test_error,precision_at_k,ground_truth_hit,avg_size
0,BFGS_cluster_results_f2_100_2,MSE_train_opt,6.080683314014227e-05,0.5671641791044776,0.0,46.11940298507463
1,BFGS_cluster_results_f2_100_2,AIC,2.9456855582971767e-05,0.835820895522388,1.0,29.104477611940297
2,BFGS_cluster_results_f2_100_2,BIC,2.1609180638271108e-05,0.8805970149253731,1.0,28.238805970149254
3,BFGS_cluster_results_f2_100_2,AICc,2.2335601310677895e-05,0.8656716417910447,1.0,28.402985074626866
4,BFGS_cluster_results_f2_100_2,MDL,1.891068664305334e-05,0.9253731343283582,1.0,27.850746268656717
5,BFGS_cluster_results_f2_100_2,Err_in,2.040297832648049e-05,0.8656716417910447,1.0,29.328358208955223
