,dataset,criteria,avg_test_error,precision_at_k,ground_truth_hit,avg_size
0,BFGS_cluster_results_f1_100_10,MSE_train_opt,0.04674793959125461,0.0,0.0,55.85294117647059
1,BFGS_cluster_results_f1_100_10,AIC,0.02580207284297291,0.29411764705882354,1.0,36.3235294117647
2,BFGS_cluster_results_f1_100_10,BIC,0.017933715255247867,0.5882352941176471,1.0,32.588235294117645
3,BFGS_cluster_results_f1_100_10,AICc,0.024348819117397884,0.4117647058823529,1.0,35.26470588235294
4,BFGS_cluster_results_f1_100_10,MDL,0.013056167597515506,0.7352941176470589,1.0,30.794117647058822
5,BFGS_cluster_results_f1_100_10,Err_in,0.013225440341542646,0.8235294117647058,1.0,32.3235294117647
