,dataset,criteria,avg_test_error,precision_at_k,ground_truth_hit,avg_size
0,BFGS_cluster_results_f2_100_2,MSE_train_opt,5.763713048022989e-05,0.6666666666666666,0.0,44.80555555555556
1,BFGS_cluster_results_f2_100_2,AIC,2.888935747095562e-05,0.8611111111111112,1.0,29.65277777777778
2,BFGS_cluster_results_f2_100_2,BIC,2.2413076226671964e-05,0.8888888888888888,1.0,29.13888888888889
3,BFGS_cluster_results_f2_100_2,AICc,2.704325345134362e-05,0.875,1.0,29.319444444444443
4,BFGS_cluster_results_f2_100_2,MDL,2.071166462767221e-05,0.9305555555555556,1.0,28.98611111111111
5,BFGS_cluster_results_f2_100_2,Err_in,2.2732869373270665e-05,0.9027777777777778,1.0,31.61111111111111
