,dataset,criteria,avg_test_error,precision_at_k,ground_truth_hit,avg_size
0,BFGS_cluster_results_f1_100_10,MSE_train_opt,0.025656029348717913,0.9894736842105263,1.0,42.38947368421053
1,BFGS_cluster_results_f1_100_10,AIC,0.025563761959474778,0.9894736842105263,1.0,42.01052631578948
2,BFGS_cluster_results_f1_100_10,BIC,0.025563761959474775,0.9894736842105263,1.0,42.01052631578948
3,BFGS_cluster_results_f1_100_10,AICc,0.025563761959474775,0.9894736842105263,1.0,42.01052631578948
4,BFGS_cluster_results_f1_100_10,MDL,0.02486677406809541,0.9894736842105263,1.0,41.90526315789474
5,BFGS_cluster_results_f1_100_10,Err_in,0.02494788653045073,0.9894736842105263,1.0,42.084210526315786
