,dataset,criteria,avg_test_error,precision_at_k,ground_truth_hit,avg_size
0,BFGS_cluster_results_f2_100_2,MSE_train_opt,0.0001331159021997243,0.0,0.0,71.47826086956522
1,BFGS_cluster_results_f2_100_2,AIC,1.982558782640829e-05,0.34782608695652173,1.0,25.565217391304348
2,BFGS_cluster_results_f2_100_2,BIC,1.519027345507608e-05,0.391304347826087,1.0,24.17391304347826
3,BFGS_cluster_results_f2_100_2,AICc,1.9307902786042737e-05,0.391304347826087,1.0,25.347826086956523
4,BFGS_cluster_results_f2_100_2,MDL,1.5118127967007254e-05,0.391304347826087,1.0,23.91304347826087
5,BFGS_cluster_results_f2_100_2,Err_in,1.5162246349080104e-05,0.43478260869565216,0.0,27.608695652173914
