,dataset,criteria,avg_test_error,precision_at_k,ground_truth_hit,avg_size
0,BFGS_orig_results_f1_100_10,MSE_train_opt,0.024194612837527787,0.0,0.0,39.77777777777778
1,BFGS_orig_results_f1_100_10,AIC,0.017626018245768364,0.1111111111111111,1.0,31.88888888888889
2,BFGS_orig_results_f1_100_10,BIC,0.016347122415415014,0.1111111111111111,1.0,31.11111111111111
3,BFGS_orig_results_f1_100_10,AICc,0.016347122415415014,0.1111111111111111,1.0,31.11111111111111
4,BFGS_orig_results_f1_100_10,MDL,0.010429677377331522,0.1111111111111111,1.0,29.11111111111111
5,BFGS_orig_results_f1_100_10,Err_in,0.014029376239709734,0.3333333333333333,0.0,33.77777777777778
