,dataset,criteria,avg_test_error,precision_at_k,ground_truth_hit,avg_size
0,BFGS_pert_results_f2_100_2,MSE_train_opt,0.012324012723032178,0.8648648648648649,0.0,44.729729729729726
1,BFGS_pert_results_f2_100_2,AIC,0.012322429151550855,0.8648648648648649,1.0,43.4054054054054
2,BFGS_pert_results_f2_100_2,BIC,0.012320946503853274,0.8648648648648649,1.0,43.16216216216216
3,BFGS_pert_results_f2_100_2,AICc,0.012320946503853274,0.8648648648648649,1.0,43.16216216216216
4,BFGS_pert_results_f2_100_2,MDL,0.012431536839990537,0.8108108108108109,1.0,38.648648648648646
5,BFGS_pert_results_f2_100_2,Err_in,0.014173954944748551,0.43243243243243246,0.0,41.54054054054054
