,dataset,criteria,avg_test_error,precision_at_k,ground_truth_hit,avg_size
0,BFGS_cluster_results_f5_100_3,MSE_train_opt,0.06999984546907904,0.9245283018867925,1.0,46.867924528301884
1,BFGS_cluster_results_f5_100_3,AIC,0.06999984546907906,0.9245283018867925,1.0,46.867924528301884
2,BFGS_cluster_results_f5_100_3,BIC,0.06999984546907904,0.9245283018867925,1.0,46.867924528301884
3,BFGS_cluster_results_f5_100_3,AICc,0.06999984546907904,0.9245283018867925,1.0,46.867924528301884
4,BFGS_cluster_results_f5_100_3,MDL,0.06999984546907904,0.9245283018867925,1.0,46.867924528301884
5,BFGS_cluster_results_f5_100_3,Err_in,0.06977445343916955,0.9433962264150944,1.0,43.528301886792455
