,dataset,criteria,avg_test_error,precision_at_k,ground_truth_hit,avg_size
0,BFGS_cluster_results_f6_100_2,MSE_train_opt,0.34907880314880196,0.5641025641025641,1.0,53.717948717948715
1,BFGS_cluster_results_f6_100_2,AIC,0.3406131731113677,0.6153846153846154,1.0,48.94871794871795
2,BFGS_cluster_results_f6_100_2,BIC,0.3309193529222425,0.6410256410256411,1.0,46.41025641025641
3,BFGS_cluster_results_f6_100_2,AICc,0.33091354046476235,0.6410256410256411,1.0,47.666666666666664
4,BFGS_cluster_results_f6_100_2,MDL,0.34566879181978555,0.6410256410256411,1.0,37.256410256410255
5,BFGS_cluster_results_f6_100_2,Err_in,0.2788735271817924,0.5641025641025641,1.0,47.92307692307692
