,dataset,criteria,avg_test_error,precision_at_k,ground_truth_hit,avg_size
0,BFGS_orig_results_f6_100_2,MSE_train_opt,0.0005192298810189269,0.631578947368421,0.0,54.0
1,BFGS_orig_results_f6_100_2,AIC,0.0006650918034830287,0.34210526315789475,1.0,31.05263157894737
2,BFGS_orig_results_f6_100_2,BIC,0.0006650918034830287,0.34210526315789475,1.0,31.05263157894737
3,BFGS_orig_results_f6_100_2,AICc,0.0006650918034830287,0.34210526315789475,1.0,31.05263157894737
4,BFGS_orig_results_f6_100_2,MDL,0.0006324182129232404,0.3684210526315789,1.0,30.894736842105264
5,BFGS_orig_results_f6_100_2,Err_in,0.0005192298810189269,0.631578947368421,0.0,54.0
