,dataset,criteria,avg_test_error,precision_at_k,ground_truth_hit,avg_size
0,BFGS_pert_results_f2_100_2,MSE_train_opt,0.011430524909062087,0.25,0.0,47.75
1,BFGS_pert_results_f2_100_2,AIC,0.011425097208253574,0.25,0.0,41.625
2,BFGS_pert_results_f2_100_2,BIC,0.011564391196866974,0.25,0.0,41.125
3,BFGS_pert_results_f2_100_2,AICc,0.011425097208253574,0.25,0.0,41.625
4,BFGS_pert_results_f2_100_2,MDL,0.011321548416679612,0.25,0.0,26.75
5,BFGS_pert_results_f2_100_2,Err_in,0.013184181489969412,0.25,0.0,30.875
