,dataset,criteria,avg_test_error,precision_at_k,ground_truth_hit,avg_size
0,BFGS_orig_results_f7_100_2,MSE_train_opt,0.008515743888213403,0.047619047619047616,0.0,35.80952380952381
1,BFGS_orig_results_f7_100_2,AIC,0.008407233759520754,0.0,1.0,23.761904761904763
2,BFGS_orig_results_f7_100_2,BIC,0.008407233759520754,0.0,1.0,23.761904761904763
3,BFGS_orig_results_f7_100_2,AICc,0.008407233759520754,0.0,1.0,23.761904761904763
4,BFGS_orig_results_f7_100_2,MDL,0.008345195160211353,0.047619047619047616,1.0,23.095238095238095
5,BFGS_orig_results_f7_100_2,Err_in,0.008292822725449811,0.14285714285714285,0.0,31.38095238095238
