,dataset,criteria,avg_test_error,precision_at_k,ground_truth_hit,avg_size
0,BFGS_orig_results_f3_100_1,MSE_train_opt,8.453423355171399e-07,0.6086956521739131,0.0,47.43478260869565
1,BFGS_orig_results_f3_100_1,AIC,4.911786978337485e-07,0.6956521739130435,1.0,33.30434782608695
2,BFGS_orig_results_f3_100_1,BIC,4.911786978337485e-07,0.6956521739130435,1.0,33.30434782608695
3,BFGS_orig_results_f3_100_1,AICc,4.911786978337485e-07,0.6956521739130435,1.0,33.30434782608695
4,BFGS_orig_results_f3_100_1,MDL,4.80254902681177e-07,0.7101449275362319,1.0,33.34782608695652
5,BFGS_orig_results_f3_100_1,Err_in,8.433725335616187e-07,0.6086956521739131,0.0,46.36231884057971
