,dataset,criteria,avg_test_error,precision_at_k,ground_truth_hit,avg_size
0,BFGS_pert_results_f3_100_1,MSE_train_opt,0.0012346096544290335,0.8541666666666666,0.0,48.104166666666664
1,BFGS_pert_results_f3_100_1,AIC,0.0012411975704269753,0.7291666666666666,1.0,38.958333333333336
2,BFGS_pert_results_f3_100_1,BIC,0.0012470849170357983,0.7083333333333334,1.0,38.3125
3,BFGS_pert_results_f3_100_1,AICc,0.0012411975704269753,0.7291666666666666,1.0,38.958333333333336
4,BFGS_pert_results_f3_100_1,MDL,0.0016062078186388393,0.5625,1.0,30.020833333333332
5,BFGS_pert_results_f3_100_1,Err_in,0.0020459235008197002,0.5833333333333334,1.0,42.041666666666664
