,dataset,criteria,avg_test_error,precision_at_k,ground_truth_hit,avg_size
0,BFGS_cluster_results_f2_100_2,MSE_train_opt,9.77841193361084e-05,0.0,0.0,59.486486486486484
1,BFGS_cluster_results_f2_100_2,AIC,2.2004842816007646e-05,0.5405405405405406,1.0,25.756756756756758
2,BFGS_cluster_results_f2_100_2,BIC,1.944523565382797e-05,0.5405405405405406,1.0,25.135135135135137
3,BFGS_cluster_results_f2_100_2,AICc,2.2004842816007646e-05,0.5405405405405406,1.0,25.756756756756758
4,BFGS_cluster_results_f2_100_2,MDL,1.908122704218581e-05,0.6216216216216216,1.0,24.594594594594593
5,BFGS_cluster_results_f2_100_2,Err_in,1.5162604355308326e-05,0.7027027027027027,0.0,27.027027027027028
