,dataset,criteria,avg_test_error,precision_at_k,ground_truth_hit,avg_size
0,BFGS_cluster_results_f1_100_10,MSE_train_opt,0.02656215929348479,0.9213483146067416,1.0,42.853932584269664
1,BFGS_cluster_results_f1_100_10,AIC,0.023775711861698655,0.9438202247191011,1.0,39.86516853932584
2,BFGS_cluster_results_f1_100_10,BIC,0.023775711861698655,0.9438202247191011,1.0,39.86516853932584
3,BFGS_cluster_results_f1_100_10,AICc,0.023775711861698655,0.9438202247191011,1.0,39.86516853932584
4,BFGS_cluster_results_f1_100_10,MDL,0.02341627215762076,0.9438202247191011,1.0,39.449438202247194
5,BFGS_cluster_results_f1_100_10,Err_in,0.021556616037905738,0.9550561797752809,1.0,41.40449438202247
