,dataset,criteria,avg_test_error,precision_at_k,ground_truth_hit,avg_size
0,BFGS_cluster_results_f7_100_2,MSE_train_opt,0.008866741856974015,0.8953488372093024,1.0,28.96511627906977
1,BFGS_cluster_results_f7_100_2,AIC,0.008707501158709302,0.9302325581395349,1.0,26.523255813953487
2,BFGS_cluster_results_f7_100_2,BIC,0.008707501158709302,0.9302325581395349,1.0,26.523255813953487
3,BFGS_cluster_results_f7_100_2,AICc,0.008707501158709302,0.9302325581395349,1.0,26.523255813953487
4,BFGS_cluster_results_f7_100_2,MDL,0.008704365462780563,0.9302325581395349,1.0,26.3953488372093
5,BFGS_cluster_results_f7_100_2,Err_in,0.00855916992905108,0.9418604651162791,1.0,27.930232558139537
