,dataset,criteria,avg_test_error,precision_at_k,ground_truth_hit,avg_size
0,BFGS_cluster_results_f4_100_2,MSE_train_opt,0.0018048658579643236,0.0,0.0,70.57142857142857
1,BFGS_cluster_results_f4_100_2,AIC,0.0009749245726332143,0.3333333333333333,1.0,33.095238095238095
2,BFGS_cluster_results_f4_100_2,BIC,0.0006812167036046429,0.38095238095238093,1.0,29.333333333333332
3,BFGS_cluster_results_f4_100_2,AICc,0.0008998481661574049,0.38095238095238093,1.0,31.666666666666668
4,BFGS_cluster_results_f4_100_2,MDL,0.0005356566882330334,0.47619047619047616,1.0,28.476190476190474
5,BFGS_cluster_results_f4_100_2,Err_in,0.0008932284295389856,0.23809523809523808,1.0,46.23809523809524
