,dataset,criteria,avg_test_error,precision_at_k,ground_truth_hit,avg_size
0,BFGS_pert_results_f3_100_1,MSE_train_opt,0.00108734343552834,0.9534883720930233,0.0,47.25581395348837
1,BFGS_pert_results_f3_100_1,AIC,0.0010947021872426794,0.7906976744186046,1.0,40.41860465116279
2,BFGS_pert_results_f3_100_1,BIC,0.001101274113107935,0.7674418604651163,1.0,39.72093023255814
3,BFGS_pert_results_f3_100_1,AICc,0.0010947021872426792,0.7906976744186046,1.0,40.41860465116279
4,BFGS_pert_results_f3_100_1,MDL,0.0015906900910579779,0.5116279069767442,1.0,29.069767441860463
5,BFGS_pert_results_f3_100_1,Err_in,0.001993000873204052,0.5581395348837209,1.0,43.13953488372093
