,dataset,criteria,avg_test_error,precision_at_k,ground_truth_hit,avg_size
0,BFGS_cluster_results_f2_100_2,MSE_train_opt,0.0001695898294502311,0.0,0.0,77.76470588235294
1,BFGS_cluster_results_f2_100_2,AIC,2.1471167647739896e-05,0.17647058823529413,1.0,25.823529411764707
2,BFGS_cluster_results_f2_100_2,BIC,1.5199862372200495e-05,0.23529411764705882,1.0,24.0
3,BFGS_cluster_results_f2_100_2,AICc,2.077077296322054e-05,0.17647058823529413,1.0,25.58823529411765
4,BFGS_cluster_results_f2_100_2,MDL,1.5132678987475623e-05,0.23529411764705882,1.0,23.58823529411765
5,BFGS_cluster_results_f2_100_2,Err_in,1.5161944634005235e-05,0.29411764705882354,0.0,28.941176470588236
