,dataset,criteria,avg_test_error,precision_at_k,ground_truth_hit,avg_size
0,BFGS_cluster_results_f2_100_2,MSE_train_opt,0.00018753342876812223,0.0,0.0,86.0
1,BFGS_cluster_results_f2_100_2,AIC,2.568594207852831e-05,0.0,0.0,26.444444444444443
2,BFGS_cluster_results_f2_100_2,BIC,1.5163111691448649e-05,0.0,0.0,23.555555555555557
3,BFGS_cluster_results_f2_100_2,AICc,1.5163111691448649e-05,0.0,0.0,23.555555555555557
4,BFGS_cluster_results_f2_100_2,MDL,1.5105632863779572e-05,0.1111111111111111,1.0,23.0
5,BFGS_cluster_results_f2_100_2,Err_in,1.5098561257923286e-05,0.2222222222222222,0.0,29.0
