,dataset,criteria,avg_test_error,precision_at_k,ground_truth_hit,avg_size
0,BFGS_orig_results_f7_100_2,MSE_train_opt,0.008409127482694444,0.6607142857142857,1.0,30.553571428571427
1,BFGS_orig_results_f7_100_2,AIC,0.008440581349125485,0.6071428571428571,1.0,25.178571428571427
2,BFGS_orig_results_f7_100_2,BIC,0.008440581349125485,0.6071428571428571,1.0,25.178571428571427
3,BFGS_orig_results_f7_100_2,AICc,0.008440581349125485,0.6071428571428571,1.0,25.178571428571427
4,BFGS_orig_results_f7_100_2,MDL,0.00838587789822213,0.6428571428571429,1.0,24.785714285714285
5,BFGS_orig_results_f7_100_2,Err_in,0.00818024144279871,0.6428571428571429,1.0,30.607142857142858
