,dataset,criteria,avg_test_error,precision_at_k,ground_truth_hit,avg_size
0,BFGS_orig_results_f6_100_2,MSE_train_opt,0.000558786813670113,0.7704918032786885,0.0,50.16393442622951
1,BFGS_orig_results_f6_100_2,AIC,0.0006498824343992603,0.6065573770491803,1.0,34.09836065573771
2,BFGS_orig_results_f6_100_2,BIC,0.0006492691803320702,0.6065573770491803,1.0,34.0655737704918
3,BFGS_orig_results_f6_100_2,AICc,0.0006492691803320702,0.6065573770491803,1.0,34.0655737704918
4,BFGS_orig_results_f6_100_2,MDL,0.0006072335070321756,0.639344262295082,1.0,33.721311475409834
5,BFGS_orig_results_f6_100_2,Err_in,0.000558786813670113,0.7704918032786885,0.0,50.16393442622951
