,dataset,criteria,avg_test_error,precision_at_k,ground_truth_hit,avg_size
0,BFGS_cluster_results_f7_100_2,MSE_train_opt,0.009495317560515871,0.41025641025641024,0.0,32.35897435897436
1,BFGS_cluster_results_f7_100_2,AIC,0.008790474706558925,0.46153846153846156,1.0,23.743589743589745
2,BFGS_cluster_results_f7_100_2,BIC,0.008790474706558925,0.46153846153846156,1.0,23.743589743589745
3,BFGS_cluster_results_f7_100_2,AICc,0.008790474706558925,0.46153846153846156,1.0,23.743589743589745
4,BFGS_cluster_results_f7_100_2,MDL,0.008487190493054294,0.5641025641025641,1.0,23.384615384615383
5,BFGS_cluster_results_f7_100_2,Err_in,0.008638438179320185,0.48717948717948717,0.0,28.871794871794872
