,dataset,criteria,avg_test_error,precision_at_k,ground_truth_hit,avg_size
0,BFGS_cluster_results_f5_100_3,MSE_train_opt,0.015735487025933196,0.45454545454545453,0.0,54.22727272727273
1,BFGS_cluster_results_f5_100_3,AIC,0.007830103014034683,0.5,1.0,36.86363636363637
2,BFGS_cluster_results_f5_100_3,BIC,0.007276348678049758,0.5909090909090909,1.0,33.45454545454545
3,BFGS_cluster_results_f5_100_3,AICc,0.007455683914417559,0.5,1.0,33.86363636363637
4,BFGS_cluster_results_f5_100_3,MDL,0.007496947530136991,0.5,1.0,31.454545454545453
5,BFGS_cluster_results_f5_100_3,Err_in,0.009415266844093523,0.5,1.0,35.45454545454545
