,dataset,criteria,avg_test_error,precision_at_k,ground_truth_hit,avg_size
0,BFGS_orig_results_f1_100_10,MSE_train_opt,0.015418931044236623,0.13513513513513514,1.0,39.432432432432435
1,BFGS_orig_results_f1_100_10,AIC,0.013357081713003566,0.24324324324324326,1.0,32.270270270270274
2,BFGS_orig_results_f1_100_10,BIC,0.0129590935094132,0.2702702702702703,1.0,32.16216216216216
3,BFGS_orig_results_f1_100_10,AICc,0.013357081713003566,0.24324324324324326,1.0,32.270270270270274
4,BFGS_orig_results_f1_100_10,MDL,0.011097704051098377,0.4864864864864865,1.0,30.18918918918919
5,BFGS_orig_results_f1_100_10,Err_in,0.01135157452179797,0.5135135135135135,1.0,36.729729729729726
