,dataset,criteria,avg_test_error,precision_at_k,ground_truth_hit,avg_size
0,BFGS_cluster_results_f4_100_2,MSE_train_opt,0.0016848312723693206,0.0,0.0,70.03448275862068
1,BFGS_cluster_results_f4_100_2,AIC,0.0009122613824227619,0.3103448275862069,1.0,32.310344827586206
2,BFGS_cluster_results_f4_100_2,BIC,0.0007223557840626655,0.4482758620689655,1.0,30.103448275862068
3,BFGS_cluster_results_f4_100_2,AICc,0.0008758982859612208,0.3448275862068966,1.0,31.551724137931036
4,BFGS_cluster_results_f4_100_2,MDL,0.0005266496838361138,0.5862068965517241,1.0,29.24137931034483
5,BFGS_cluster_results_f4_100_2,Err_in,0.0007855809763297102,0.4827586206896552,1.0,42.275862068965516
