,dataset,criteria,avg_test_error,precision_at_k,ground_truth_hit,avg_size
0,BFGS_orig_results_f4_100_2,MSE_train_opt,0.004040027289656878,0.1836734693877551,0.0,45.06122448979592
1,BFGS_orig_results_f4_100_2,AIC,0.003978025012412741,0.42857142857142855,1.0,35.44897959183673
2,BFGS_orig_results_f4_100_2,BIC,0.00018465374805510073,0.5102040816326531,1.0,35.142857142857146
3,BFGS_orig_results_f4_100_2,AICc,0.0007587076423267823,0.46938775510204084,1.0,35.42857142857143
4,BFGS_orig_results_f4_100_2,MDL,0.0037059506336545225,0.5714285714285714,1.0,34.51020408163265
5,BFGS_orig_results_f4_100_2,Err_in,0.004040027289656878,0.1836734693877551,0.0,45.06122448979592
