,dataset,criteria,avg_test_error,precision_at_k,ground_truth_hit,avg_size
0,BFGS_pert_results_f6_100_2,MSE_train_opt,0.38022396655300206,0.9722222222222222,0.0,50.52777777777778
1,BFGS_pert_results_f6_100_2,AIC,0.3804015953940594,0.9722222222222222,0.0,48.5
2,BFGS_pert_results_f6_100_2,BIC,0.3804015953940593,0.9722222222222222,0.0,48.5
3,BFGS_pert_results_f6_100_2,AICc,0.3804015953940594,0.9722222222222222,0.0,48.5
4,BFGS_pert_results_f6_100_2,MDL,0.3804015953940594,0.9722222222222222,0.0,48.5
5,BFGS_pert_results_f6_100_2,Err_in,0.8924666999915165,0.5,1.0,48.19444444444444
