,dataset,criteria,avg_test_error,precision_at_k,ground_truth_hit,avg_size
0,BFGS_pert_results_f3_100_1,MSE_train_opt,1.5364810259785955e-06,0.1111111111111111,0.0,55.111111111111114
1,BFGS_pert_results_f3_100_1,AIC,6.032875085107636e-07,0.4444444444444444,0.0,26.666666666666668
2,BFGS_pert_results_f3_100_1,BIC,6.032875085107636e-07,0.4444444444444444,0.0,26.666666666666668
3,BFGS_pert_results_f3_100_1,AICc,6.032875085107636e-07,0.4444444444444444,0.0,26.666666666666668
4,BFGS_pert_results_f3_100_1,MDL,6.032875085107635e-07,0.4444444444444444,0.0,26.666666666666668
5,BFGS_pert_results_f3_100_1,Err_in,0.002123838383755503,0.2222222222222222,1.0,40.44444444444444
