,dataset,criteria,avg_test_error,precision_at_k,ground_truth_hit,avg_size
0,BFGS_cluster_results_f7_100_2,MSE_train_opt,0.009080505778267876,0.6065573770491803,1.0,30.508196721311474
1,BFGS_cluster_results_f7_100_2,AIC,0.008836951011164452,0.7049180327868853,1.0,24.80327868852459
2,BFGS_cluster_results_f7_100_2,BIC,0.00872034649109416,0.7213114754098361,1.0,24.639344262295083
3,BFGS_cluster_results_f7_100_2,AICc,0.00872034649109416,0.7213114754098361,1.0,24.639344262295083
4,BFGS_cluster_results_f7_100_2,MDL,0.008673530091619022,0.7540983606557377,1.0,24.508196721311474
5,BFGS_cluster_results_f7_100_2,Err_in,0.00853266516704636,0.7213114754098361,0.0,27.639344262295083
