,dataset,criteria,avg_test_error,precision_at_k,ground_truth_hit,avg_size
0,BFGS_cluster_results_f5_100_3,MSE_train_opt,0.09814598509192601,0.9722222222222222,1.0,46.94444444444444
1,BFGS_cluster_results_f5_100_3,AIC,0.098145985091926,0.9722222222222222,1.0,46.94444444444444
2,BFGS_cluster_results_f5_100_3,BIC,0.098145985091926,0.9722222222222222,1.0,46.94444444444444
3,BFGS_cluster_results_f5_100_3,AICc,0.09814598509192601,0.9722222222222222,1.0,46.94444444444444
4,BFGS_cluster_results_f5_100_3,MDL,0.09814598509192601,0.9722222222222222,1.0,46.94444444444444
5,BFGS_cluster_results_f5_100_3,Err_in,0.10016445279516215,0.9583333333333334,1.0,46.05555555555556
