,dataset,criteria,avg_test_error,precision_at_k,ground_truth_hit,avg_size
0,BFGS_pert_results_f1_100_10,MSE_train_opt,0.01725710444108226,0.038461538461538464,0.0,37.69230769230769
1,BFGS_pert_results_f1_100_10,AIC,0.013897797606481115,0.19230769230769232,1.0,32.5
2,BFGS_pert_results_f1_100_10,BIC,0.01389779760648112,0.19230769230769232,1.0,32.5
3,BFGS_pert_results_f1_100_10,AICc,0.01389779760648112,0.19230769230769232,1.0,32.5
4,BFGS_pert_results_f1_100_10,MDL,0.010766608714803864,0.38461538461538464,1.0,29.923076923076923
5,BFGS_pert_results_f1_100_10,Err_in,0.010816326804469796,0.4230769230769231,0.0,37.19230769230769
