,dataset,criteria,avg_test_error,precision_at_k,ground_truth_hit,avg_size
0,BFGS_pert_results_f2_100_2,MSE_train_opt,0.01251954768589498,0.825,0.0,43.475
1,BFGS_pert_results_f2_100_2,AIC,0.012517933503355453,0.825,1.0,42.0
2,BFGS_pert_results_f2_100_2,BIC,0.012516554891800327,0.825,1.0,41.75
3,BFGS_pert_results_f2_100_2,AICc,0.01251655489180033,0.825,1.0,41.75
4,BFGS_pert_results_f2_100_2,MDL,0.012551077332692279,0.8,1.0,39.85
5,BFGS_pert_results_f2_100_2,Err_in,0.014020314722071386,0.5,0.0,41.925
