,dataset,criteria,avg_test_error,precision_at_k,ground_truth_hit,avg_size
0,BFGS_orig_results_f4_100_2,MSE_train_opt,0.0026080765801880907,0.7368421052631579,0.0,47.31578947368421
1,BFGS_orig_results_f4_100_2,AIC,0.0026002295255987285,0.7631578947368421,1.0,39.8421052631579
2,BFGS_orig_results_f4_100_2,BIC,0.002600229525598729,0.7631578947368421,1.0,39.8421052631579
3,BFGS_orig_results_f4_100_2,AICc,0.0026002295255987285,0.7631578947368421,1.0,39.8421052631579
4,BFGS_orig_results_f4_100_2,MDL,0.0025735249048610513,0.8026315789473685,1.0,39.93421052631579
5,BFGS_orig_results_f4_100_2,Err_in,0.0026080765801880907,0.7368421052631579,0.0,47.31578947368421
