,dataset,criteria,avg_test_error,precision_at_k,ground_truth_hit,avg_size
0,BFGS_orig_results_f3_100_1,MSE_train_opt,8.705764259103695e-07,0.5671641791044776,0.0,47.149253731343286
1,BFGS_orig_results_f3_100_1,AIC,5.004982751204202e-07,0.6865671641791045,1.0,32.76119402985075
2,BFGS_orig_results_f3_100_1,BIC,5.004982751204202e-07,0.6865671641791045,1.0,32.76119402985075
3,BFGS_orig_results_f3_100_1,AICc,5.004982751204202e-07,0.6865671641791045,1.0,32.76119402985075
4,BFGS_orig_results_f3_100_1,MDL,4.89262841643771e-07,0.6865671641791045,1.0,32.940298507462686
5,BFGS_orig_results_f3_100_1,Err_in,8.685462241289096e-07,0.5671641791044776,0.0,46.417910447761194
