,dataset,criteria,avg_test_error,precision_at_k,ground_truth_hit,avg_size
0,BFGS_cluster_results_f2_100_2,MSE_train_opt,6.22112556113435e-05,0.5384615384615384,0.0,46.753846153846155
1,BFGS_cluster_results_f2_100_2,AIC,2.766254401393184e-05,0.8307692307692308,1.0,28.584615384615386
2,BFGS_cluster_results_f2_100_2,BIC,2.180762089257787e-05,0.8615384615384616,1.0,28.03076923076923
3,BFGS_cluster_results_f2_100_2,AICc,2.2556293366246106e-05,0.8461538461538461,1.0,28.307692307692307
4,BFGS_cluster_results_f2_100_2,MDL,1.8917127240218648e-05,0.9076923076923077,1.0,27.584615384615386
5,BFGS_cluster_results_f2_100_2,Err_in,2.0146691135075633e-05,0.8769230769230769,1.0,29.076923076923077
