,dataset,criteria,avg_test_error,precision_at_k,ground_truth_hit,avg_size
0,BFGS_pert_results_f2_100_2,MSE_train_opt,0.011187041489198272,0.9090909090909091,0.0,45.72727272727273
1,BFGS_pert_results_f2_100_2,AIC,0.011185741462216783,0.9545454545454546,0.0,43.81818181818182
2,BFGS_pert_results_f2_100_2,BIC,0.011262057672143768,0.9090909090909091,0.0,39.90909090909091
3,BFGS_pert_results_f2_100_2,AICc,0.011185741462216783,0.9545454545454546,0.0,43.81818181818182
4,BFGS_pert_results_f2_100_2,MDL,0.01125300608173138,0.9090909090909091,0.0,38.13636363636363
5,BFGS_pert_results_f2_100_2,Err_in,0.0135402098694807,0.3181818181818182,0.0,43.27272727272727
