,dataset,criteria,avg_test_error,precision_at_k,ground_truth_hit,avg_size
0,BFGS_orig_results_f2_100_2,MSE_train_opt,8.922464145960892e-06,0.896551724137931,0.0,40.37931034482759
1,BFGS_orig_results_f2_100_2,AIC,8.071467041508228e-06,0.9080459770114943,1.0,35.160919540229884
2,BFGS_orig_results_f2_100_2,BIC,8.071467041508228e-06,0.9080459770114943,1.0,35.160919540229884
3,BFGS_orig_results_f2_100_2,AICc,8.071467041508228e-06,0.9080459770114943,1.0,35.160919540229884
4,BFGS_orig_results_f2_100_2,MDL,8.071467041508228e-06,0.9080459770114943,1.0,35.160919540229884
5,BFGS_orig_results_f2_100_2,Err_in,8.922464145960892e-06,0.896551724137931,0.0,40.37931034482759
