,dataset,criteria,avg_test_error,precision_at_k,ground_truth_hit,avg_size
0,BFGS_pert_results_f7_100_2,MSE_train_opt,0.009115072916989563,0.0,0.0,41.0
1,BFGS_pert_results_f7_100_2,AIC,0.008345159105134963,0.0,1.0,22.375
2,BFGS_pert_results_f7_100_2,BIC,0.008345159105134963,0.0,1.0,22.375
3,BFGS_pert_results_f7_100_2,AICc,0.008345159105134963,0.0,1.0,22.375
4,BFGS_pert_results_f7_100_2,MDL,0.008345158804256526,0.0,1.0,22.0
5,BFGS_pert_results_f7_100_2,Err_in,0.008563524465536838,0.0,0.0,26.875
