,dataset,criteria,avg_test_error,precision_at_k,ground_truth_hit,avg_size
0,BFGS_cluster_results_f3_100_1,MSE_train_opt,0.00011802214478486044,0.0,0.0,60.416666666666664
1,BFGS_cluster_results_f3_100_1,AIC,1.7768957434772215e-05,0.4722222222222222,1.0,26.72222222222222
2,BFGS_cluster_results_f3_100_1,BIC,1.3401726638236483e-05,0.5555555555555556,1.0,26.13888888888889
3,BFGS_cluster_results_f3_100_1,AICc,1.7768957434772215e-05,0.4722222222222222,1.0,26.72222222222222
4,BFGS_cluster_results_f3_100_1,MDL,1.3405773307474456e-05,0.5555555555555556,1.0,25.944444444444443
5,BFGS_cluster_results_f3_100_1,Err_in,1.2384954067507425e-05,0.7777777777777778,1.0,29.25
