,dataset,criteria,avg_test_error,precision_at_k,ground_truth_hit,avg_size
0,BFGS_orig_results_f5_100_3,MSE_train_opt,7.253408015793137e-05,0.25,0.0,50.11538461538461
1,BFGS_orig_results_f5_100_3,AIC,2.9637456114097688e-05,0.5576923076923077,1.0,33.80769230769231
2,BFGS_orig_results_f5_100_3,BIC,2.9637456114097688e-05,0.5576923076923077,1.0,33.80769230769231
3,BFGS_orig_results_f5_100_3,AICc,2.9637456114097688e-05,0.5576923076923077,1.0,33.80769230769231
4,BFGS_orig_results_f5_100_3,MDL,1.7323968213885633e-05,0.6538461538461539,1.0,32.88461538461539
5,BFGS_orig_results_f5_100_3,Err_in,7.253408015793137e-05,0.25,0.0,50.11538461538461
