,dataset,criteria,avg_test_error,precision_at_k,ground_truth_hit,avg_size
0,BFGS_orig_results_f3_100_1,MSE_train_opt,1.050486195806508e-06,0.2777777777777778,0.0,44.888888888888886
1,BFGS_orig_results_f3_100_1,AIC,3.811133977683702e-07,0.5370370370370371,1.0,30.333333333333332
2,BFGS_orig_results_f3_100_1,BIC,3.811133977683702e-07,0.5370370370370371,1.0,30.333333333333332
3,BFGS_orig_results_f3_100_1,AICc,3.811133977683702e-07,0.5370370370370371,1.0,30.333333333333332
4,BFGS_orig_results_f3_100_1,MDL,4.3555267491374973e-07,0.5370370370370371,1.0,30.166666666666668
5,BFGS_orig_results_f3_100_1,Err_in,1.0479948507621572e-06,0.2962962962962963,0.0,43.611111111111114
