,dataset,criteria,avg_test_error,precision_at_k,ground_truth_hit,avg_size
0,BFGS_pert_results_f1_100_10,MSE_train_opt,0.01439228320092954,0.35555555555555557,1.0,37.71111111111111
1,BFGS_pert_results_f1_100_10,AIC,0.012509046658701865,0.4888888888888889,1.0,31.77777777777778
2,BFGS_pert_results_f1_100_10,BIC,0.012509046658701865,0.4888888888888889,1.0,31.77777777777778
3,BFGS_pert_results_f1_100_10,AICc,0.012509046658701865,0.4888888888888889,1.0,31.77777777777778
4,BFGS_pert_results_f1_100_10,MDL,0.010981336185200558,0.5333333333333333,1.0,30.488888888888887
5,BFGS_pert_results_f1_100_10,Err_in,0.011138279452539927,0.5555555555555556,0.0,35.68888888888889
