,dataset,criteria,avg_test_error,precision_at_k,ground_truth_hit,avg_size
0,BFGS_cluster_results_f3_100_1,MSE_train_opt,5.5876734538730145e-05,0.945054945054945,1.0,43.78021978021978
1,BFGS_cluster_results_f3_100_1,AIC,4.97193605895357e-05,0.9560439560439561,1.0,40.35164835164835
2,BFGS_cluster_results_f3_100_1,BIC,4.97193605895357e-05,0.9560439560439561,1.0,40.35164835164835
3,BFGS_cluster_results_f3_100_1,AICc,4.97193605895357e-05,0.9560439560439561,1.0,40.35164835164835
4,BFGS_cluster_results_f3_100_1,MDL,5.253017422372926e-05,0.945054945054945,1.0,40.91208791208791
5,BFGS_cluster_results_f3_100_1,Err_in,4.736503569132468e-05,0.967032967032967,1.0,41.637362637362635
