,dataset,criteria,avg_test_error,precision_at_k,ground_truth_hit,avg_size
0,BFGS_cluster_results_f2_100_2,MSE_train_opt,8.975163222244272e-05,0.024390243902439025,0.0,57.21951219512195
1,BFGS_cluster_results_f2_100_2,AIC,2.133735620802743e-05,0.6585365853658537,1.0,25.78048780487805
2,BFGS_cluster_results_f2_100_2,BIC,1.9027467009939427e-05,0.6585365853658537,1.0,25.29268292682927
3,BFGS_cluster_results_f2_100_2,AICc,2.133735620802743e-05,0.6585365853658537,1.0,25.78048780487805
4,BFGS_cluster_results_f2_100_2,MDL,1.8723108520834968e-05,0.6829268292682927,1.0,25.0
5,BFGS_cluster_results_f2_100_2,Err_in,1.572804841486866e-05,0.7560975609756098,0.0,27.78048780487805
