,dataset,criteria,avg_test_error,precision_at_k,ground_truth_hit,avg_size
0,BFGS_orig_results_f3_100_1,MSE_train_opt,1.4940556927810957e-06,0.0,0.0,44.916666666666664
1,BFGS_orig_results_f3_100_1,AIC,5.283789400554677e-07,0.3888888888888889,1.0,26.694444444444443
2,BFGS_orig_results_f3_100_1,BIC,5.283789400554677e-07,0.3888888888888889,1.0,26.694444444444443
3,BFGS_orig_results_f3_100_1,AICc,5.283789400554677e-07,0.3888888888888889,1.0,26.694444444444443
4,BFGS_orig_results_f3_100_1,MDL,5.158609041376648e-07,0.3888888888888889,1.0,26.61111111111111
5,BFGS_orig_results_f3_100_1,Err_in,1.4922253528198228e-06,0.0,0.0,43.69444444444444
