,dataset,criteria,avg_test_error,precision_at_k,ground_truth_hit,avg_size
0,BFGS_pert_results_f6_100_2,MSE_train_opt,0.6140423654353894,0.9795918367346939,1.0,48.30612244897959
1,BFGS_pert_results_f6_100_2,AIC,0.6140423654353894,0.9795918367346939,1.0,48.30612244897959
2,BFGS_pert_results_f6_100_2,BIC,0.6135315663375511,0.9795918367346939,1.0,47.59183673469388
3,BFGS_pert_results_f6_100_2,AICc,0.6140423654353895,0.9795918367346939,1.0,48.30612244897959
4,BFGS_pert_results_f6_100_2,MDL,0.6148029409116514,0.9591836734693877,1.0,46.57142857142857
5,BFGS_pert_results_f6_100_2,Err_in,1.023343631690546,0.5918367346938775,1.0,46.57142857142857
