,dataset,criteria,avg_test_error,precision_at_k,ground_truth_hit,avg_size
0,BFGS_cluster_results_f7_100_2,MSE_train_opt,0.009160725527195577,0.5636363636363636,1.0,31.09090909090909
1,BFGS_cluster_results_f7_100_2,AIC,0.008714281263213363,0.6545454545454545,1.0,24.2
2,BFGS_cluster_results_f7_100_2,BIC,0.008682045632024253,0.6727272727272727,1.0,24.2
3,BFGS_cluster_results_f7_100_2,AICc,0.008682045632024252,0.6727272727272727,1.0,24.2
4,BFGS_cluster_results_f7_100_2,MDL,0.00870410939611862,0.6727272727272727,1.0,24.072727272727274
5,BFGS_cluster_results_f7_100_2,Err_in,0.008553120489977379,0.6181818181818182,0.0,27.90909090909091
