,dataset,criteria,avg_test_error,precision_at_k,ground_truth_hit,avg_size
0,BFGS_cluster_results_f6_100_2,MSE_train_opt,0.25080607597770255,0.8360655737704918,1.0,53.39344262295082
1,BFGS_cluster_results_f6_100_2,AIC,0.2502555384335177,0.8360655737704918,1.0,52.47540983606557
2,BFGS_cluster_results_f6_100_2,BIC,0.24946354320989467,0.8360655737704918,1.0,51.34426229508197
3,BFGS_cluster_results_f6_100_2,AICc,0.25014753447123067,0.8360655737704918,1.0,52.24590163934426
4,BFGS_cluster_results_f6_100_2,MDL,0.2611663549531178,0.8032786885245902,1.0,47.377049180327866
5,BFGS_cluster_results_f6_100_2,Err_in,0.2711290760768663,0.8032786885245902,1.0,51.49180327868852
