,dataset,criteria,avg_test_error,precision_at_k,ground_truth_hit,avg_size
0,BFGS_pert_results_f4_100_2,MSE_train_opt,0.48561687570067624,0.7142857142857143,0.0,47.775510204081634
1,BFGS_pert_results_f4_100_2,AIC,0.4856270243925114,0.673469387755102,1.0,43.57142857142857
2,BFGS_pert_results_f4_100_2,BIC,0.01539588627992031,0.6938775510204082,1.0,41.63265306122449
3,BFGS_pert_results_f4_100_2,AICc,0.48557910170289764,0.673469387755102,1.0,42.224489795918366
4,BFGS_pert_results_f4_100_2,MDL,0.48656980467876526,0.5918367346938775,1.0,35.142857142857146
5,BFGS_pert_results_f4_100_2,Err_in,0.020378547542738462,0.6122448979591837,0.0,49.10204081632653
