,dataset,criteria,avg_test_error,precision_at_k,ground_truth_hit,avg_size
0,BFGS_pert_results_f3_100_1,MSE_train_opt,0.00011671135963029103,0.9523809523809523,0.0,49.142857142857146
1,BFGS_pert_results_f3_100_1,AIC,0.0001297415646740053,0.9047619047619048,0.0,47.95238095238095
2,BFGS_pert_results_f3_100_1,BIC,0.0001297415646740053,0.9047619047619048,0.0,47.95238095238095
3,BFGS_pert_results_f3_100_1,AICc,0.0001297415646740053,0.9047619047619048,0.0,47.95238095238095
4,BFGS_pert_results_f3_100_1,MDL,0.0009297960270485561,0.5714285714285714,1.0,28.80952380952381
5,BFGS_pert_results_f3_100_1,Err_in,0.0019394458968671822,0.09523809523809523,1.0,44.04761904761905
