,dataset,criteria,avg_test_error,precision_at_k,ground_truth_hit,avg_size
0,BFGS_orig_results_f2_100_2,MSE_train_opt,1.8099334112900938e-05,0.0,0.0,38.68421052631579
1,BFGS_orig_results_f2_100_2,AIC,2.0451733378290382e-06,0.10526315789473684,1.0,24.42105263157895
2,BFGS_orig_results_f2_100_2,BIC,2.0451733378290382e-06,0.10526315789473684,1.0,24.42105263157895
3,BFGS_orig_results_f2_100_2,AICc,2.0451733378290382e-06,0.10526315789473684,1.0,24.42105263157895
4,BFGS_orig_results_f2_100_2,MDL,8.40044864314581e-06,0.2631578947368421,1.0,24.105263157894736
5,BFGS_orig_results_f2_100_2,Err_in,1.8099334112900938e-05,0.0,0.0,38.68421052631579
