,dataset,criteria,avg_test_error,precision_at_k,ground_truth_hit,avg_size
0,BFGS_pert_results_f2_100_2,MSE_train_opt,0.011231277743281526,0.45454545454545453,0.0,45.0
1,BFGS_pert_results_f2_100_2,AIC,0.011359988885168473,0.2727272727272727,0.0,37.27272727272727
2,BFGS_pert_results_f2_100_2,BIC,0.011359988885168473,0.2727272727272727,0.0,37.27272727272727
3,BFGS_pert_results_f2_100_2,AICc,0.011359988885168473,0.2727272727272727,0.0,37.27272727272727
4,BFGS_pert_results_f2_100_2,MDL,0.011271171691417581,0.36363636363636365,0.0,29.818181818181817
5,BFGS_pert_results_f2_100_2,Err_in,0.01339706263611329,0.18181818181818182,0.0,42.45454545454545
