,dataset,criteria,avg_test_error,precision_at_k,ground_truth_hit,avg_size
0,BFGS_pert_results_f7_100_2,MSE_train_opt,0.008591531343924748,0.0,0.0,33.16
1,BFGS_pert_results_f7_100_2,AIC,0.008436576643715549,0.04,1.0,23.64
2,BFGS_pert_results_f7_100_2,BIC,0.008436576643715549,0.04,1.0,23.64
3,BFGS_pert_results_f7_100_2,AICc,0.008436576643715549,0.04,1.0,23.64
4,BFGS_pert_results_f7_100_2,MDL,0.008397332126405954,0.12,1.0,23.28
5,BFGS_pert_results_f7_100_2,Err_in,0.008414814494774868,0.28,0.0,27.12
