,dataset,criteria,avg_test_error,precision_at_k,ground_truth_hit,avg_size
0,BFGS_cluster_results_f6_100_2,MSE_train_opt,0.3269405437200878,0.6428571428571429,1.0,52.095238095238095
1,BFGS_cluster_results_f6_100_2,AIC,0.31940333286409656,0.6666666666666666,1.0,48.785714285714285
2,BFGS_cluster_results_f6_100_2,BIC,0.31020572588062195,0.6904761904761905,1.0,45.595238095238095
3,BFGS_cluster_results_f6_100_2,AICc,0.3102581713878814,0.6904761904761905,1.0,47.04761904761905
4,BFGS_cluster_results_f6_100_2,MDL,0.32394187760621435,0.6904761904761905,1.0,38.73809523809524
5,BFGS_cluster_results_f6_100_2,Err_in,0.3499708152956254,0.5476190476190477,1.0,47.57142857142857
