,dataset,criteria,avg_test_error,precision_at_k,ground_truth_hit,avg_size
0,BFGS_orig_results_f4_100_2,MSE_train_opt,0.0029146473409551684,0.5882352941176471,0.0,45.80882352941177
1,BFGS_orig_results_f4_100_2,AIC,0.00289262669353882,0.6617647058823529,1.0,38.029411764705884
2,BFGS_orig_results_f4_100_2,BIC,0.002867975321725275,0.6911764705882353,1.0,37.94117647058823
3,BFGS_orig_results_f4_100_2,AICc,0.002884406807466063,0.6764705882352942,1.0,37.970588235294116
4,BFGS_orig_results_f4_100_2,MDL,0.0026903647733080875,0.7058823529411765,1.0,37.89705882352941
5,BFGS_orig_results_f4_100_2,Err_in,0.0029146473409551684,0.5882352941176471,0.0,45.80882352941177
