,dataset,criteria,avg_test_error,precision_at_k,ground_truth_hit,avg_size
0,BFGS_cluster_results_f3_100_1,MSE_train_opt,0.00010052109571499095,0.0,0.0,56.15555555555556
1,BFGS_cluster_results_f3_100_1,AIC,2.175308762876261e-05,0.5777777777777777,1.0,28.08888888888889
2,BFGS_cluster_results_f3_100_1,BIC,1.7601630570139205e-05,0.6222222222222222,1.0,27.755555555555556
3,BFGS_cluster_results_f3_100_1,AICc,2.057274924930357e-05,0.6,1.0,27.822222222222223
4,BFGS_cluster_results_f3_100_1,MDL,1.2599759288098462e-05,0.7333333333333333,1.0,26.91111111111111
5,BFGS_cluster_results_f3_100_1,Err_in,1.18101463043741e-05,0.8666666666666667,1.0,29.933333333333334
