,dataset,criteria,avg_test_error,precision_at_k,ground_truth_hit,avg_size
0,BFGS_pert_results_f5_100_3,MSE_train_opt,0.008109553274677895,0.9090909090909091,0.0,51.0
1,BFGS_pert_results_f5_100_3,AIC,0.008109553274677895,0.9090909090909091,0.0,51.0
2,BFGS_pert_results_f5_100_3,BIC,0.008109553274677895,0.9090909090909091,0.0,51.0
3,BFGS_pert_results_f5_100_3,AICc,0.008109553274677895,0.9090909090909091,0.0,51.0
4,BFGS_pert_results_f5_100_3,MDL,0.005826143875654602,0.9090909090909091,0.0,45.90909090909091
5,BFGS_pert_results_f5_100_3,Err_in,6.632020295839601,0.0,0.0,55.0
