,dataset,criteria,avg_test_error,precision_at_k,ground_truth_hit,avg_size
0,BFGS_orig_results_f2_100_2,MSE_train_opt,1.0531294838081836e-05,0.5084745762711864,0.0,38.101694915254235
1,BFGS_orig_results_f2_100_2,AIC,7.172032578503256e-06,0.6779661016949152,1.0,27.64406779661017
2,BFGS_orig_results_f2_100_2,BIC,7.172032578503256e-06,0.6779661016949152,1.0,27.64406779661017
3,BFGS_orig_results_f2_100_2,AICc,7.172032578503256e-06,0.6779661016949152,1.0,27.64406779661017
4,BFGS_orig_results_f2_100_2,MDL,6.568028609489138e-06,0.711864406779661,1.0,27.71186440677966
5,BFGS_orig_results_f2_100_2,Err_in,1.0531294838081836e-05,0.5084745762711864,0.0,38.101694915254235
