,dataset,criteria,avg_test_error,precision_at_k,ground_truth_hit,avg_size
0,BFGS_orig_results_f2_100_2,MSE_train_opt,1.6593128480189956e-05,0.0,0.0,36.96969696969697
1,BFGS_orig_results_f2_100_2,AIC,6.310235434120057e-06,0.3333333333333333,1.0,24.757575757575758
2,BFGS_orig_results_f2_100_2,BIC,6.310235434120057e-06,0.3333333333333333,1.0,24.757575757575758
3,BFGS_orig_results_f2_100_2,AICc,6.310235434120057e-06,0.3333333333333333,1.0,24.757575757575758
4,BFGS_orig_results_f2_100_2,MDL,6.948090454285699e-06,0.3333333333333333,1.0,24.757575757575758
5,BFGS_orig_results_f2_100_2,Err_in,1.6593128480189956e-05,0.0,0.0,36.96969696969697
