,dataset,criteria,avg_test_error,precision_at_k,ground_truth_hit,avg_size
0,BFGS_pert_results_f7_100_2,MSE_train_opt,0.008516250926607917,0.2222222222222222,1.0,31.25
1,BFGS_pert_results_f7_100_2,AIC,0.008408642347557988,0.25,1.0,24.22222222222222
2,BFGS_pert_results_f7_100_2,BIC,0.008408642347557988,0.25,1.0,24.22222222222222
3,BFGS_pert_results_f7_100_2,AICc,0.008408642347557988,0.25,1.0,24.22222222222222
4,BFGS_pert_results_f7_100_2,MDL,0.008408633274395581,0.2777777777777778,1.0,23.77777777777778
5,BFGS_pert_results_f7_100_2,Err_in,0.008393531655205604,0.3055555555555556,0.0,27.444444444444443
