,dataset,criteria,avg_test_error,precision_at_k,ground_truth_hit,avg_size
0,BFGS_pert_results_f3_100_1,MSE_train_opt,0.0012076639480222684,0.8723404255319149,0.0,48.191489361702125
1,BFGS_pert_results_f3_100_1,AIC,0.0012143920330512216,0.7446808510638298,1.0,39.255319148936174
2,BFGS_pert_results_f3_100_1,BIC,0.0012204046422210916,0.723404255319149,1.0,38.61702127659574
3,BFGS_pert_results_f3_100_1,AICc,0.0012143920330512214,0.7446808510638298,1.0,39.255319148936174
4,BFGS_pert_results_f3_100_1,MDL,0.0015871684567866531,0.5531914893617021,1.0,29.97872340425532
5,BFGS_pert_results_f3_100_1,Err_in,0.0020362397939745432,0.5531914893617021,1.0,42.04255319148936
