,dataset,criteria,avg_test_error,precision_at_k,ground_truth_hit,avg_size
0,BFGS_orig_results_f7_100_2,MSE_train_opt,0.008670821006028064,0.09090909090909091,0.0,41.45454545454545
1,BFGS_orig_results_f7_100_2,AIC,0.00846366510541481,0.0,1.0,22.454545454545453
2,BFGS_orig_results_f7_100_2,BIC,0.00846366510541481,0.0,1.0,22.454545454545453
3,BFGS_orig_results_f7_100_2,AICc,0.00846366510541481,0.0,1.0,22.454545454545453
4,BFGS_orig_results_f7_100_2,MDL,0.008345158701912173,0.0,1.0,22.727272727272727
5,BFGS_orig_results_f7_100_2,Err_in,0.00824524580084041,0.09090909090909091,0.0,33.18181818181818
