,dataset,criteria,avg_test_error,precision_at_k,ground_truth_hit,avg_size
0,BFGS_orig_results_f5_100_3,MSE_train_opt,5.5608677005863344e-05,0.6619718309859155,0.0,46.61971830985915
1,BFGS_orig_results_f5_100_3,AIC,4.1125021553318914e-05,0.7464788732394366,1.0,37.08450704225352
2,BFGS_orig_results_f5_100_3,BIC,3.84902667818344e-05,0.7605633802816901,1.0,36.67605633802817
3,BFGS_orig_results_f5_100_3,AICc,3.50334260936006e-05,0.7605633802816901,1.0,36.816901408450704
4,BFGS_orig_results_f5_100_3,MDL,3.273462308864268e-05,0.7746478873239436,1.0,36.40845070422535
5,BFGS_orig_results_f5_100_3,Err_in,5.5608677005863344e-05,0.6619718309859155,0.0,46.61971830985915
