,dataset,criteria,avg_test_error,precision_at_k,ground_truth_hit,avg_size
0,BFGS_orig_results_f7_100_2,MSE_train_opt,0.008401130554063104,0.765625,1.0,30.484375
1,BFGS_orig_results_f7_100_2,AIC,0.008428462496935045,0.703125,1.0,25.59375
2,BFGS_orig_results_f7_100_2,BIC,0.008428462496935045,0.703125,1.0,25.59375
3,BFGS_orig_results_f7_100_2,AICc,0.008428462496935045,0.703125,1.0,25.59375
4,BFGS_orig_results_f7_100_2,MDL,0.008401240207025255,0.75,1.0,25.296875
5,BFGS_orig_results_f7_100_2,Err_in,0.00820085660688064,0.71875,1.0,30.6875
