,dataset,criteria,avg_test_error,precision_at_k,ground_truth_hit,avg_size
0,BFGS_orig_results_f6_100_2,MSE_train_opt,0.0006348999802627966,0.8271604938271605,0.0,49.25925925925926
1,BFGS_orig_results_f6_100_2,AIC,0.0006404978667430265,0.8395061728395061,1.0,38.69135802469136
2,BFGS_orig_results_f6_100_2,BIC,0.0006404978667430265,0.8395061728395061,1.0,38.69135802469136
3,BFGS_orig_results_f6_100_2,AICc,0.0006404978667430265,0.8395061728395061,1.0,38.69135802469136
4,BFGS_orig_results_f6_100_2,MDL,0.0006465105437683364,0.8395061728395061,1.0,38.641975308641975
5,BFGS_orig_results_f6_100_2,Err_in,0.0006348999802627966,0.8271604938271605,0.0,49.25925925925926
