,dataset,criteria,avg_test_error,precision_at_k,ground_truth_hit,avg_size
0,BFGS_cluster_results_f7_100_2,MSE_train_opt,0.008843560372610653,0.9444444444444444,1.0,28.833333333333332
1,BFGS_cluster_results_f7_100_2,AIC,0.008693937026381902,0.9555555555555556,1.0,26.88888888888889
2,BFGS_cluster_results_f7_100_2,BIC,0.008693937026381902,0.9555555555555556,1.0,26.88888888888889
3,BFGS_cluster_results_f7_100_2,AICc,0.0086939370263819,0.9555555555555556,1.0,26.88888888888889
4,BFGS_cluster_results_f7_100_2,MDL,0.00869139705063637,0.9555555555555556,1.0,26.88888888888889
5,BFGS_cluster_results_f7_100_2,Err_in,0.008572876053545179,0.9777777777777777,1.0,28.6
