,dataset,criteria,avg_test_error,precision_at_k,ground_truth_hit,avg_size
0,BFGS_cluster_results_f4_100_2,MSE_train_opt,0.0010617044552666515,0.9894736842105263,1.0,49.11578947368421
1,BFGS_cluster_results_f4_100_2,AIC,0.001060360270373921,0.9894736842105263,1.0,48.473684210526315
2,BFGS_cluster_results_f4_100_2,BIC,0.0010194255077557314,1.0,1.0,48.17894736842105
3,BFGS_cluster_results_f4_100_2,AICc,0.0010194255077557314,1.0,1.0,48.17894736842105
4,BFGS_cluster_results_f4_100_2,MDL,0.0010194255077557316,1.0,1.0,48.17894736842105
5,BFGS_cluster_results_f4_100_2,Err_in,0.0010569330929993685,0.9894736842105263,1.0,48.71578947368421
