,dataset,criteria,avg_test_error,precision_at_k,ground_truth_hit,avg_size
0,BFGS_orig_results_f4_100_2,MSE_train_opt,0.006397687907796128,0.0,0.0,46.06666666666667
1,BFGS_orig_results_f4_100_2,AIC,0.0006635359881486051,0.26666666666666666,1.0,33.8
2,BFGS_orig_results_f4_100_2,BIC,0.00024224015724240067,0.26666666666666666,1.0,33.03333333333333
3,BFGS_orig_results_f4_100_2,AICc,0.00024490277743958284,0.26666666666666666,1.0,33.03333333333333
4,BFGS_orig_results_f4_100_2,MDL,0.005462297169188852,0.36666666666666664,1.0,32.63333333333333
5,BFGS_orig_results_f4_100_2,Err_in,0.006397687907796128,0.0,0.0,46.06666666666667
