,dataset,criteria,avg_test_error,precision_at_k,ground_truth_hit,avg_size
0,BFGS_cluster_results_f6_100_2,MSE_train_opt,0.44427981860621474,0.5925925925925926,1.0,52.370370370370374
1,BFGS_cluster_results_f6_100_2,AIC,0.4566851321767538,0.5185185185185185,1.0,47.18518518518518
2,BFGS_cluster_results_f6_100_2,BIC,0.45668513217675394,0.5185185185185185,1.0,47.18518518518518
3,BFGS_cluster_results_f6_100_2,AICc,0.456685132176754,0.5185185185185185,1.0,47.18518518518518
4,BFGS_cluster_results_f6_100_2,MDL,0.4658657438240763,0.4074074074074074,1.0,32.74074074074074
5,BFGS_cluster_results_f6_100_2,Err_in,0.23562265116730885,0.4444444444444444,1.0,48.74074074074074
