,dataset,criteria,avg_test_error,precision_at_k,ground_truth_hit,avg_size
0,BFGS_cluster_results_f1_100_10,MSE_train_opt,0.04175545353573189,0.022222222222222223,0.0,52.82222222222222
1,BFGS_cluster_results_f1_100_10,AIC,0.02204385785858467,0.6,1.0,34.82222222222222
2,BFGS_cluster_results_f1_100_10,BIC,0.01879328290473391,0.6444444444444445,1.0,33.28888888888889
3,BFGS_cluster_results_f1_100_10,AICc,0.021196063544586922,0.6444444444444445,1.0,34.2
4,BFGS_cluster_results_f1_100_10,MDL,0.013771685459450385,0.7777777777777778,1.0,31.533333333333335
5,BFGS_cluster_results_f1_100_10,Err_in,0.013832377646872823,0.8222222222222222,1.0,32.48888888888889
