,dataset,criteria,avg_test_error,precision_at_k,ground_truth_hit,avg_size
0,BFGS_orig_results_f1_100_10,MSE_train_opt,0.018601968753900404,0.0,0.0,38.63636363636363
1,BFGS_orig_results_f1_100_10,AIC,0.015037437827035004,0.13636363636363635,1.0,32.0
2,BFGS_orig_results_f1_100_10,BIC,0.014289974757768664,0.13636363636363635,1.0,32.31818181818182
3,BFGS_orig_results_f1_100_10,AICc,0.014395493951611398,0.13636363636363635,1.0,31.90909090909091
4,BFGS_orig_results_f1_100_10,MDL,0.010428806175907036,0.22727272727272727,1.0,29.636363636363637
5,BFGS_orig_results_f1_100_10,Err_in,0.011981599408606958,0.3181818181818182,0.0,40.36363636363637
