,dataset,criteria,avg_test_error,precision_at_k,ground_truth_hit,avg_size
0,BFGS_cluster_results_f4_100_2,MSE_train_opt,0.0017738685795180087,0.0,0.0,69.63636363636364
1,BFGS_cluster_results_f4_100_2,AIC,0.0009534736127423501,0.36363636363636365,1.0,32.81818181818182
2,BFGS_cluster_results_f4_100_2,BIC,0.0007427945946636046,0.36363636363636365,1.0,29.59090909090909
3,BFGS_cluster_results_f4_100_2,AICc,0.0008818101157049683,0.36363636363636365,1.0,31.545454545454547
4,BFGS_cluster_results_f4_100_2,MDL,0.0005341726928909364,0.45454545454545453,1.0,28.681818181818183
5,BFGS_cluster_results_f4_100_2,Err_in,0.0008754910834378953,0.22727272727272727,1.0,46.04545454545455
