,dataset,criteria,avg_test_error,precision_at_k,ground_truth_hit,avg_size
0,BFGS_orig_results_f7_100_2,MSE_train_opt,0.008387808510266303,0.9166666666666666,1.0,30.357142857142858
1,BFGS_orig_results_f7_100_2,AIC,0.00841136601575464,0.8809523809523809,1.0,27.785714285714285
2,BFGS_orig_results_f7_100_2,BIC,0.008314488554853413,0.8809523809523809,1.0,27.63095238095238
3,BFGS_orig_results_f7_100_2,AICc,0.00841136601575464,0.8809523809523809,1.0,27.785714285714285
4,BFGS_orig_results_f7_100_2,MDL,0.008411365516579708,0.8809523809523809,1.0,27.726190476190474
5,BFGS_orig_results_f7_100_2,Err_in,0.008235286884463268,0.9285714285714286,1.0,29.892857142857142
