,dataset,criteria,avg_test_error,precision_at_k,ground_truth_hit,avg_size
0,BFGS_cluster_results_f3_100_1,MSE_train_opt,8.009448853422025e-05,0.4,0.0,51.35
1,BFGS_cluster_results_f3_100_1,AIC,2.5301258151474244e-05,0.8333333333333334,1.0,30.05
2,BFGS_cluster_results_f3_100_1,BIC,1.9181939512916048e-05,0.8666666666666667,1.0,29.316666666666666
3,BFGS_cluster_results_f3_100_1,AICc,2.4723603597552857e-05,0.85,1.0,29.916666666666668
4,BFGS_cluster_results_f3_100_1,MDL,1.525440773186455e-05,0.9166666666666666,1.0,29.5
5,BFGS_cluster_results_f3_100_1,Err_in,1.9017396788899993e-05,0.85,1.0,32.4
