,dataset,criteria,avg_test_error,precision_at_k,ground_truth_hit,avg_size
0,BFGS_cluster_results_f7_100_2,MSE_train_opt,0.009118541026073899,0.5689655172413793,1.0,30.82758620689655
1,BFGS_cluster_results_f7_100_2,AIC,0.008814939298786751,0.7068965517241379,1.0,24.56896551724138
2,BFGS_cluster_results_f7_100_2,BIC,0.008704474562851146,0.7068965517241379,1.0,24.413793103448278
3,BFGS_cluster_results_f7_100_2,AICc,0.008704474562851146,0.7068965517241379,1.0,24.413793103448278
4,BFGS_cluster_results_f7_100_2,MDL,0.008691608673072473,0.7241379310344828,1.0,24.25862068965517
5,BFGS_cluster_results_f7_100_2,Err_in,0.008542363861715165,0.6551724137931034,0.0,27.844827586206897
