,dataset,criteria,avg_test_error,precision_at_k,ground_truth_hit,avg_size
0,BFGS_orig_results_f5_100_3,MSE_train_opt,5.804340867158228e-05,0.6029411764705882,0.0,47.25
1,BFGS_orig_results_f5_100_3,AIC,3.474258107880357e-05,0.75,1.0,36.44117647058823
2,BFGS_orig_results_f5_100_3,BIC,3.3828024468680034e-05,0.75,1.0,36.029411764705884
3,BFGS_orig_results_f5_100_3,AICc,3.4742581078803564e-05,0.75,1.0,36.44117647058823
4,BFGS_orig_results_f5_100_3,MDL,3.0322071368971963e-05,0.7794117647058824,1.0,35.63235294117647
5,BFGS_orig_results_f5_100_3,Err_in,5.804340867158228e-05,0.6029411764705882,0.0,47.25
