,dataset,criteria,avg_test_error,precision_at_k,ground_truth_hit,avg_size
0,BFGS_pert_results_f6_100_2,MSE_train_opt,0.3071934065686937,0.9130434782608695,0.0,47.47826086956522
1,BFGS_pert_results_f6_100_2,AIC,0.30724217667628895,0.9130434782608695,0.0,46.65217391304348
2,BFGS_pert_results_f6_100_2,BIC,0.30724217667628895,0.9130434782608695,0.0,46.65217391304348
3,BFGS_pert_results_f6_100_2,AICc,0.30724217667628895,0.9130434782608695,0.0,46.65217391304348
4,BFGS_pert_results_f6_100_2,MDL,0.30938198221366386,0.8260869565217391,0.0,44.130434782608695
5,BFGS_pert_results_f6_100_2,Err_in,0.8949448473896576,0.4782608695652174,1.0,47.30434782608695
