,dataset,criteria,avg_test_error,precision_at_k,ground_truth_hit,avg_size
0,BFGS_orig_results_f6_100_2,MSE_train_opt,0.0006077670944129224,0.8051948051948052,0.0,48.23376623376623
1,BFGS_orig_results_f6_100_2,AIC,0.0006426632839756052,0.8181818181818182,1.0,37.45454545454545
2,BFGS_orig_results_f6_100_2,BIC,0.0006426632839756052,0.8181818181818182,1.0,37.45454545454545
3,BFGS_orig_results_f6_100_2,AICc,0.0006426632839756052,0.8181818181818182,1.0,37.45454545454545
4,BFGS_orig_results_f6_100_2,MDL,0.0006087706546093293,0.8311688311688312,1.0,37.37662337662338
5,BFGS_orig_results_f6_100_2,Err_in,0.0006077670944129224,0.8051948051948052,0.0,48.23376623376623
