,dataset,criteria,avg_test_error,precision_at_k,ground_truth_hit,avg_size
0,BFGS_orig_results_f7_100_2,MSE_train_opt,0.00841978991878188,0.4583333333333333,1.0,31.166666666666668
1,BFGS_orig_results_f7_100_2,AIC,0.008456485594308267,0.5833333333333334,1.0,24.854166666666668
2,BFGS_orig_results_f7_100_2,BIC,0.008456485594308267,0.5833333333333334,1.0,24.854166666666668
3,BFGS_orig_results_f7_100_2,AICc,0.008456485594308267,0.5833333333333334,1.0,24.854166666666668
4,BFGS_orig_results_f7_100_2,MDL,0.008392768985093174,0.6041666666666666,1.0,24.416666666666668
5,BFGS_orig_results_f7_100_2,Err_in,0.008152756583675995,0.5208333333333334,1.0,30.479166666666668
