,dataset,criteria,avg_test_error,precision_at_k,ground_truth_hit,avg_size
0,BFGS_cluster_results_f2_100_2,MSE_train_opt,5.593816915630353e-05,0.72,0.0,44.266666666666666
1,BFGS_cluster_results_f2_100_2,AIC,2.9256217280375352e-05,0.88,1.0,30.08
2,BFGS_cluster_results_f2_100_2,BIC,2.7073874104058022e-05,0.9066666666666666,1.0,29.92
3,BFGS_cluster_results_f2_100_2,AICc,2.707387410405802e-05,0.9066666666666666,1.0,29.92
4,BFGS_cluster_results_f2_100_2,MDL,2.202630866348572e-05,0.92,1.0,29.64
5,BFGS_cluster_results_f2_100_2,Err_in,2.2904548191918257e-05,0.9333333333333333,1.0,31.826666666666668
