,dataset,criteria,avg_test_error,precision_at_k,ground_truth_hit,avg_size
0,BFGS_cluster_results_f2_100_2,MSE_train_opt,5.2457371447279526e-05,0.8292682926829268,0.0,42.792682926829265
1,BFGS_cluster_results_f2_100_2,AIC,3.0900392267068e-05,0.9390243902439024,1.0,32.207317073170735
2,BFGS_cluster_results_f2_100_2,BIC,2.967902143991565e-05,0.9512195121951219,1.0,32.048780487804876
3,BFGS_cluster_results_f2_100_2,AICc,2.967902143991565e-05,0.9512195121951219,1.0,32.048780487804876
4,BFGS_cluster_results_f2_100_2,MDL,2.9208530403327025e-05,0.9512195121951219,1.0,31.79268292682927
5,BFGS_cluster_results_f2_100_2,Err_in,2.57729555506911e-05,0.9634146341463414,1.0,34.426829268292686
