,dataset,criteria,avg_test_error,precision_at_k,ground_truth_hit,avg_size
0,BFGS_orig_results_f2_100_2,MSE_train_opt,1.5483805145854675e-05,0.0,0.0,35.642857142857146
1,BFGS_orig_results_f2_100_2,AIC,2.5210840938716377e-06,0.07142857142857142,1.0,24.428571428571427
2,BFGS_orig_results_f2_100_2,BIC,2.5210840938716377e-06,0.07142857142857142,1.0,24.428571428571427
3,BFGS_orig_results_f2_100_2,AICc,2.5210840938716377e-06,0.07142857142857142,1.0,24.428571428571427
4,BFGS_orig_results_f2_100_2,MDL,1.1284622018559233e-05,0.21428571428571427,1.0,23.928571428571427
5,BFGS_orig_results_f2_100_2,Err_in,1.5483805145854675e-05,0.0,0.0,35.642857142857146
