,dataset,criteria,avg_test_error,precision_at_k,ground_truth_hit,avg_size
0,BFGS_orig_results_f6_100_2,MSE_train_opt,0.0005463229627874178,0.7543859649122807,0.0,51.43859649122807
1,BFGS_orig_results_f6_100_2,AIC,0.0006318171857920961,0.5789473684210527,1.0,33.3859649122807
2,BFGS_orig_results_f6_100_2,BIC,0.0006318171857920961,0.5789473684210527,1.0,33.3859649122807
3,BFGS_orig_results_f6_100_2,AICc,0.0006318171857920961,0.5789473684210527,1.0,33.3859649122807
4,BFGS_orig_results_f6_100_2,MDL,0.0005771573564653703,0.6140350877192983,1.0,33.08771929824562
5,BFGS_orig_results_f6_100_2,Err_in,0.0005463229627874178,0.7543859649122807,0.0,51.43859649122807
