,dataset,criteria,avg_test_error,precision_at_k,ground_truth_hit,avg_size
0,BFGS_orig_results_f7_100_2,MSE_train_opt,0.008387307703277313,0.9294117647058824,1.0,30.305882352941175
1,BFGS_orig_results_f7_100_2,AIC,0.008370969084359973,0.8941176470588236,1.0,28.03529411764706
2,BFGS_orig_results_f7_100_2,BIC,0.008314849875302701,0.8941176470588236,1.0,27.858823529411765
3,BFGS_orig_results_f7_100_2,AICc,0.008314849875302701,0.8941176470588236,1.0,27.858823529411765
4,BFGS_orig_results_f7_100_2,MDL,0.008410586071312141,0.8941176470588236,1.0,27.88235294117647
5,BFGS_orig_results_f7_100_2,Err_in,0.008236579499839733,0.9411764705882353,1.0,29.823529411764707
