,dataset,criteria,avg_test_error,precision_at_k,ground_truth_hit,avg_size
0,BFGS_orig_results_f7_100_2,MSE_train_opt,0.008418266739979936,0.4897959183673469,1.0,31.142857142857142
1,BFGS_orig_results_f7_100_2,AIC,0.008454213627857974,0.5714285714285714,1.0,24.918367346938776
2,BFGS_orig_results_f7_100_2,BIC,0.008454213627857974,0.5714285714285714,1.0,24.918367346938776
3,BFGS_orig_results_f7_100_2,AICc,0.008454213627857974,0.5714285714285714,1.0,24.918367346938776
4,BFGS_orig_results_f7_100_2,MDL,0.008391802597618634,0.5918367346938775,1.0,24.428571428571427
5,BFGS_orig_results_f7_100_2,Err_in,0.008156683064774174,0.5510204081632653,1.0,30.46938775510204
