,dataset,criteria,avg_test_error,precision_at_k,ground_truth_hit,avg_size
0,BFGS_cluster_results_f1_100_10,MSE_train_opt,0.03120880788123335,0.6086956521739131,0.0,46.231884057971016
1,BFGS_cluster_results_f1_100_10,AIC,0.021163290018704716,0.782608695652174,1.0,37.21739130434783
2,BFGS_cluster_results_f1_100_10,BIC,0.019049407870032505,0.8260869565217391,1.0,35.18840579710145
3,BFGS_cluster_results_f1_100_10,AICc,0.0193355850642181,0.8115942028985508,1.0,35.88405797101449
4,BFGS_cluster_results_f1_100_10,MDL,0.017310192446983782,0.8840579710144928,1.0,34.405797101449274
5,BFGS_cluster_results_f1_100_10,Err_in,0.015223805573227918,0.9130434782608695,1.0,37.405797101449274
