,dataset,criteria,avg_test_error,precision_at_k,ground_truth_hit,avg_size
0,BFGS_pert_results_f1_100_10,MSE_train_opt,0.019635809017676524,0.0,0.0,38.72222222222222
1,BFGS_pert_results_f1_100_10,AIC,0.01507871705316662,0.16666666666666666,1.0,32.0
2,BFGS_pert_results_f1_100_10,BIC,0.01374611914655444,0.16666666666666666,1.0,31.833333333333332
3,BFGS_pert_results_f1_100_10,AICc,0.014241297651929333,0.16666666666666666,1.0,31.38888888888889
4,BFGS_pert_results_f1_100_10,MDL,0.010429074616098611,0.2222222222222222,1.0,29.666666666666668
5,BFGS_pert_results_f1_100_10,Err_in,0.010724367203276667,0.5555555555555556,0.0,36.388888888888886
