,dataset,criteria,avg_test_error,precision_at_k,ground_truth_hit,avg_size
0,BFGS_cluster_results_f4_100_2,MSE_train_opt,0.0014497407827637752,0.06818181818181818,0.0,62.22727272727273
1,BFGS_cluster_results_f4_100_2,AIC,0.0008193989194246819,0.6136363636363636,1.0,32.29545454545455
2,BFGS_cluster_results_f4_100_2,BIC,0.0007474804058684409,0.6590909090909091,1.0,31.522727272727273
3,BFGS_cluster_results_f4_100_2,AICc,0.0007734133323883297,0.6363636363636364,1.0,31.977272727272727
4,BFGS_cluster_results_f4_100_2,MDL,0.0005799522085810022,0.7954545454545454,1.0,30.795454545454547
5,BFGS_cluster_results_f4_100_2,Err_in,0.0006900433776725637,0.7727272727272727,1.0,39.43181818181818
