,dataset,criteria,avg_test_error,precision_at_k,ground_truth_hit,avg_size
0,BFGS_pert_results_f2_100_2,MSE_train_opt,0.01113809155742799,0.9523809523809523,0.0,42.476190476190474
1,BFGS_pert_results_f2_100_2,AIC,0.011138091557427992,0.9523809523809523,0.0,42.476190476190474
2,BFGS_pert_results_f2_100_2,BIC,0.011196749443449134,0.9047619047619048,0.0,40.476190476190474
3,BFGS_pert_results_f2_100_2,AICc,0.011196749443449134,0.9047619047619048,0.0,40.476190476190474
4,BFGS_pert_results_f2_100_2,MDL,0.011231363262160883,0.9047619047619048,0.0,34.523809523809526
5,BFGS_pert_results_f2_100_2,Err_in,0.013485255877809197,0.3333333333333333,0.0,44.23809523809524
