,dataset,criteria,avg_test_error,precision_at_k,ground_truth_hit,avg_size
0,BFGS_pert_results_f4_100_2,MSE_train_opt,0.0013200812371668342,0.8461538461538461,0.0,40.76923076923077
1,BFGS_pert_results_f4_100_2,AIC,0.0013200812371150124,0.8461538461538461,0.0,36.15384615384615
2,BFGS_pert_results_f4_100_2,BIC,0.0013200812371150124,0.8461538461538461,0.0,36.15384615384615
3,BFGS_pert_results_f4_100_2,AICc,0.0013200812371150124,0.8461538461538461,0.0,36.15384615384615
4,BFGS_pert_results_f4_100_2,MDL,0.005587785211453268,0.6153846153846154,0.0,33.46153846153846
5,BFGS_pert_results_f4_100_2,Err_in,0.025909676877248596,0.07692307692307693,0.0,53.84615384615385
