,dataset,criteria,avg_test_error,precision_at_k,ground_truth_hit,avg_size
0,BFGS_orig_results_f2_100_2,MSE_train_opt,1.8304639344844258e-05,0.0,0.0,43.42857142857143
1,BFGS_orig_results_f2_100_2,AIC,4.497573551939834e-06,0.14285714285714285,1.0,23.571428571428573
2,BFGS_orig_results_f2_100_2,BIC,4.497573551939834e-06,0.14285714285714285,1.0,23.571428571428573
3,BFGS_orig_results_f2_100_2,AICc,4.497573551939834e-06,0.14285714285714285,1.0,23.571428571428573
4,BFGS_orig_results_f2_100_2,MDL,3.4161411491824753e-06,0.14285714285714285,1.0,22.857142857142858
5,BFGS_orig_results_f2_100_2,Err_in,1.8304639344844258e-05,0.0,0.0,43.42857142857143
