,dataset,criteria,avg_test_error,precision_at_k,ground_truth_hit,avg_size
0,BFGS_orig_results_f3_100_1,MSE_train_opt,9.108009697378963e-07,0.49206349206349204,0.0,46.17460317460318
1,BFGS_orig_results_f3_100_1,AIC,5.168675414278764e-07,0.6507936507936508,1.0,31.96825396825397
2,BFGS_orig_results_f3_100_1,BIC,5.168675414278764e-07,0.6507936507936508,1.0,31.96825396825397
3,BFGS_orig_results_f3_100_1,AICc,5.168675414278764e-07,0.6507936507936508,1.0,31.96825396825397
4,BFGS_orig_results_f3_100_1,MDL,5.107510148343513e-07,0.6666666666666666,1.0,31.904761904761905
5,BFGS_orig_results_f3_100_1,Err_in,9.236920050169164e-07,0.49206349206349204,0.0,45.03174603174603
