,dataset,criteria,avg_test_error,precision_at_k,ground_truth_hit,avg_size
0,BFGS_cluster_results_f5_100_3,MSE_train_opt,0.07110140953318074,0.9230769230769231,1.0,47.30769230769231
1,BFGS_cluster_results_f5_100_3,AIC,0.07110140953318075,0.9230769230769231,1.0,47.30769230769231
2,BFGS_cluster_results_f5_100_3,BIC,0.07110140953318073,0.9230769230769231,1.0,47.30769230769231
3,BFGS_cluster_results_f5_100_3,AICc,0.07110140953318074,0.9230769230769231,1.0,47.30769230769231
4,BFGS_cluster_results_f5_100_3,MDL,0.07126978353430927,0.9230769230769231,1.0,45.53846153846154
5,BFGS_cluster_results_f5_100_3,Err_in,0.07097595535008366,0.9423076923076923,1.0,43.23076923076923
