,dataset,criteria,avg_test_error,precision_at_k,ground_truth_hit,avg_size
0,BFGS_orig_results_f1_100_10,MSE_train_opt,0.018269523071639374,0.0,0.0,38.26086956521739
1,BFGS_orig_results_f1_100_10,AIC,0.014863216700701242,0.13043478260869565,1.0,31.956521739130434
2,BFGS_orig_results_f1_100_10,BIC,0.01432825315146988,0.13043478260869565,1.0,32.56521739130435
3,BFGS_orig_results_f1_100_10,AICc,0.014328253151469881,0.13043478260869565,1.0,32.56521739130435
4,BFGS_orig_results_f1_100_10,MDL,0.010428751920821185,0.21739130434782608,1.0,29.652173913043477
5,BFGS_orig_results_f1_100_10,Err_in,0.011914032244702695,0.34782608695652173,0.0,40.08695652173913
