,dataset,criteria,avg_test_error,precision_at_k,ground_truth_hit,avg_size
0,BFGS_orig_results_f2_100_2,MSE_train_opt,1.0667316336629458e-05,0.6,0.0,38.56923076923077
1,BFGS_orig_results_f2_100_2,AIC,7.723663405110997e-06,0.6923076923076923,1.0,28.49230769230769
2,BFGS_orig_results_f2_100_2,BIC,7.723663405110997e-06,0.6923076923076923,1.0,28.49230769230769
3,BFGS_orig_results_f2_100_2,AICc,7.723663405110997e-06,0.6923076923076923,1.0,28.49230769230769
4,BFGS_orig_results_f2_100_2,MDL,6.827643605522984e-06,0.7076923076923077,1.0,28.46153846153846
5,BFGS_orig_results_f2_100_2,Err_in,1.0667316336629458e-05,0.6,0.0,38.56923076923077
