,dataset,criteria,avg_test_error,precision_at_k,ground_truth_hit,avg_size
0,BFGS_cluster_results_f7_100_2,MSE_train_opt,0.009024797608808149,0.6666666666666666,1.0,30.196969696969695
1,BFGS_cluster_results_f7_100_2,AIC,0.008799693815463102,0.7878787878787878,1.0,25.21212121212121
2,BFGS_cluster_results_f7_100_2,BIC,0.008691923056221332,0.803030303030303,1.0,25.12121212121212
3,BFGS_cluster_results_f7_100_2,AICc,0.008691923024357244,0.803030303030303,1.0,25.060606060606062
4,BFGS_cluster_results_f7_100_2,MDL,0.008674844177015448,0.7878787878787878,1.0,24.772727272727273
5,BFGS_cluster_results_f7_100_2,Err_in,0.008518460075394842,0.803030303030303,0.0,27.62121212121212
