,dataset,criteria,avg_test_error,precision_at_k,ground_truth_hit,avg_size
0,BFGS_orig_results_f4_100_2,MSE_train_opt,0.006195024365865969,0.0,0.0,45.83870967741935
1,BFGS_orig_results_f4_100_2,AIC,0.0006427167535870901,0.2903225806451613,1.0,33.903225806451616
2,BFGS_orig_results_f4_100_2,BIC,0.00023445496756252838,0.2903225806451613,1.0,33.03225806451613
3,BFGS_orig_results_f4_100_2,AICc,0.00023701970806401054,0.2903225806451613,1.0,33.096774193548384
4,BFGS_orig_results_f4_100_2,MDL,0.005291692839097263,0.3870967741935484,1.0,32.74193548387097
5,BFGS_orig_results_f4_100_2,Err_in,0.006195024365865969,0.0,0.0,45.83870967741935
