,dataset,criteria,avg_test_error,precision_at_k,ground_truth_hit,avg_size
0,BFGS_orig_results_f7_100_2,MSE_train_opt,0.008430451569618448,0.30952380952380953,1.0,32.142857142857146
1,BFGS_orig_results_f7_100_2,AIC,0.008399562785871242,0.5476190476190477,1.0,24.333333333333332
2,BFGS_orig_results_f7_100_2,BIC,0.008399562785871242,0.5476190476190477,1.0,24.333333333333332
3,BFGS_orig_results_f7_100_2,AICc,0.008399562785871242,0.5476190476190477,1.0,24.333333333333332
4,BFGS_orig_results_f7_100_2,MDL,0.008399564466269896,0.5,1.0,23.928571428571427
5,BFGS_orig_results_f7_100_2,Err_in,0.008125270062172665,0.42857142857142855,0.0,30.928571428571427
