,dataset,criteria,avg_test_error,precision_at_k,ground_truth_hit,avg_size
0,BFGS_pert_results_f3_100_1,MSE_train_opt,0.0009057316019504897,0.9473684210526315,0.0,47.05263157894737
1,BFGS_pert_results_f3_100_1,AIC,0.0009096553546494293,0.8947368421052632,1.0,42.578947368421055
2,BFGS_pert_results_f3_100_1,BIC,0.0009317845898788899,0.8421052631578947,1.0,41.421052631578945
3,BFGS_pert_results_f3_100_1,AICc,0.0009170920009999662,0.868421052631579,1.0,41.76315789473684
4,BFGS_pert_results_f3_100_1,MDL,0.0015024709712262224,0.5526315789473685,1.0,28.789473684210527
5,BFGS_pert_results_f3_100_1,Err_in,0.0019261512703402088,0.5263157894736842,1.0,44.89473684210526
