,dataset,criteria,avg_test_error,precision_at_k,ground_truth_hit,avg_size
0,BFGS_orig_results_f6_100_2,MSE_train_opt,0.0005922329364527044,0.7972972972972973,0.0,48.45945945945946
1,BFGS_orig_results_f6_100_2,AIC,0.0006510517489337783,0.7702702702702703,1.0,36.66216216216216
2,BFGS_orig_results_f6_100_2,BIC,0.0006510517489337783,0.7702702702702703,1.0,36.66216216216216
3,BFGS_orig_results_f6_100_2,AICc,0.0006510517489337783,0.7702702702702703,1.0,36.66216216216216
4,BFGS_orig_results_f6_100_2,MDL,0.0006186944383385501,0.7837837837837838,1.0,36.608108108108105
5,BFGS_orig_results_f6_100_2,Err_in,0.0005922329364527044,0.7972972972972973,0.0,48.45945945945946
