,dataset,criteria,avg_test_error,precision_at_k,ground_truth_hit,avg_size
0,BFGS_orig_results_f3_100_1,MSE_train_opt,1.1412282782840526e-06,0.14285714285714285,0.0,44.04081632653061
1,BFGS_orig_results_f3_100_1,AIC,4.123572445637922e-07,0.4489795918367347,1.0,29.20408163265306
2,BFGS_orig_results_f3_100_1,BIC,4.123572445637922e-07,0.4489795918367347,1.0,29.20408163265306
3,BFGS_orig_results_f3_100_1,AICc,4.123572445637922e-07,0.4489795918367347,1.0,29.20408163265306
4,BFGS_orig_results_f3_100_1,MDL,4.021567006443415e-07,0.4897959183673469,1.0,29.020408163265305
5,BFGS_orig_results_f3_100_1,Err_in,1.1391627898724457e-06,0.14285714285714285,0.0,42.53061224489796
