,dataset,criteria,avg_test_error,precision_at_k,ground_truth_hit,avg_size
0,BFGS_orig_results_f3_100_1,MSE_train_opt,7.383383425724811e-07,0.7848101265822784,0.0,47.91139240506329
1,BFGS_orig_results_f3_100_1,AIC,6.14285061095135e-07,0.810126582278481,1.0,36.77215189873418
2,BFGS_orig_results_f3_100_1,BIC,6.14285061095135e-07,0.810126582278481,1.0,36.77215189873418
3,BFGS_orig_results_f3_100_1,AICc,6.14285061095135e-07,0.810126582278481,1.0,36.77215189873418
4,BFGS_orig_results_f3_100_1,MDL,6.086652810999361e-07,0.810126582278481,1.0,36.835443037974684
5,BFGS_orig_results_f3_100_1,Err_in,7.366165175145599e-07,0.7848101265822784,0.0,47.18987341772152
