,dataset,criteria,avg_test_error,precision_at_k,ground_truth_hit,avg_size
0,BFGS_orig_results_f4_100_2,MSE_train_opt,0.0033581687438491554,0.4067796610169492,0.0,45.66101694915254
1,BFGS_orig_results_f4_100_2,AIC,0.0033231926405448103,0.576271186440678,1.0,36.54237288135593
2,BFGS_orig_results_f4_100_2,BIC,0.0033044692520515524,0.5932203389830508,1.0,36.47457627118644
3,BFGS_orig_results_f4_100_2,AICc,0.003304469252051553,0.5932203389830508,1.0,36.47457627118644
4,BFGS_orig_results_f4_100_2,MDL,0.0030976635688994324,0.6440677966101694,1.0,36.28813559322034
5,BFGS_orig_results_f4_100_2,Err_in,0.0033581687438491554,0.4067796610169492,0.0,45.66101694915254
