,dataset,criteria,avg_test_error,precision_at_k,ground_truth_hit,avg_size
0,BFGS_cluster_results_f3_100_1,MSE_train_opt,0.00014721362629680843,0.0,0.0,69.5909090909091
1,BFGS_cluster_results_f3_100_1,AIC,1.8953271793997806e-05,0.2727272727272727,1.0,26.181818181818183
2,BFGS_cluster_results_f3_100_1,BIC,1.5338127780374705e-05,0.2727272727272727,1.0,25.5
3,BFGS_cluster_results_f3_100_1,AICc,1.5338127780374705e-05,0.2727272727272727,1.0,25.5
4,BFGS_cluster_results_f3_100_1,MDL,1.2780044564545675e-05,0.3181818181818182,1.0,24.272727272727273
5,BFGS_cluster_results_f3_100_1,Err_in,1.453670032663967e-05,0.4090909090909091,0.0,30.545454545454547
