,dataset,criteria,avg_test_error,precision_at_k,ground_truth_hit,avg_size
0,BFGS_cluster_results_f1_100_10,MSE_train_opt,0.03829321524487575,0.17647058823529413,0.0,50.80392156862745
1,BFGS_cluster_results_f1_100_10,AIC,0.021037186090776254,0.6470588235294118,1.0,34.588235294117645
2,BFGS_cluster_results_f1_100_10,BIC,0.018114627529256105,0.7058823529411765,1.0,33.588235294117645
3,BFGS_cluster_results_f1_100_10,AICc,0.02103718609077626,0.6470588235294118,1.0,34.588235294117645
4,BFGS_cluster_results_f1_100_10,MDL,0.014435916479546349,0.8431372549019608,1.0,32.15686274509804
5,BFGS_cluster_results_f1_100_10,Err_in,0.014626306377081365,0.8235294117647058,1.0,33.745098039215684
