,dataset,criteria,avg_test_error,precision_at_k,ground_truth_hit,avg_size
0,BFGS_pert_results_f5_100_3,MSE_train_opt,0.04190462459916119,0.34210526315789475,0.0,46.55263157894737
1,BFGS_pert_results_f5_100_3,AIC,0.041919242676750866,0.47368421052631576,1.0,37.421052631578945
2,BFGS_pert_results_f5_100_3,BIC,0.041919242676750866,0.47368421052631576,1.0,37.421052631578945
3,BFGS_pert_results_f5_100_3,AICc,0.041919242676750866,0.47368421052631576,1.0,37.421052631578945
4,BFGS_pert_results_f5_100_3,MDL,0.041012306873765336,0.5526315789473685,1.0,34.60526315789474
5,BFGS_pert_results_f5_100_3,Err_in,3.77412170236943,0.3684210526315789,0.0,50.5
