,dataset,criteria,avg_test_error,precision_at_k,ground_truth_hit,avg_size
0,BFGS_orig_results_f6_100_2,MSE_train_opt,0.0005597912936973355,0.5,0.0,55.76923076923077
1,BFGS_orig_results_f6_100_2,AIC,0.0006740310290486497,0.23076923076923078,1.0,30.115384615384617
2,BFGS_orig_results_f6_100_2,BIC,0.0006740310290486497,0.23076923076923078,1.0,30.115384615384617
3,BFGS_orig_results_f6_100_2,AICc,0.0006740310290486497,0.23076923076923078,1.0,30.115384615384617
4,BFGS_orig_results_f6_100_2,MDL,0.0005276058514318288,0.3076923076923077,1.0,29.653846153846153
5,BFGS_orig_results_f6_100_2,Err_in,0.0005597912936973355,0.5,0.0,55.76923076923077
