,dataset,criteria,avg_test_error,precision_at_k,ground_truth_hit,avg_size
0,BFGS_cluster_results_f5_100_3,MSE_train_opt,0.07984049438610906,0.9090909090909091,1.0,47.13636363636363
1,BFGS_cluster_results_f5_100_3,AIC,0.008668335268369454,0.9318181818181818,1.0,44.61363636363637
2,BFGS_cluster_results_f5_100_3,BIC,0.008729274412160471,0.9318181818181818,1.0,42.79545454545455
3,BFGS_cluster_results_f5_100_3,AICc,0.008729274412160471,0.9318181818181818,1.0,42.79545454545455
4,BFGS_cluster_results_f5_100_3,MDL,0.005977420622916266,0.9090909090909091,1.0,40.18181818181818
5,BFGS_cluster_results_f5_100_3,Err_in,0.011686791570885723,0.7954545454545454,1.0,38.09090909090909
