,dataset,criteria,avg_test_error,precision_at_k,ground_truth_hit,avg_size
0,BFGS_cluster_results_f3_100_1,MSE_train_opt,6.039461597164629e-05,0.8433734939759037,0.0,45.08433734939759
1,BFGS_cluster_results_f3_100_1,AIC,4.577999931858076e-05,0.891566265060241,1.0,36.36144578313253
2,BFGS_cluster_results_f3_100_1,BIC,4.577999931858076e-05,0.891566265060241,1.0,36.36144578313253
3,BFGS_cluster_results_f3_100_1,AICc,4.577999931858076e-05,0.891566265060241,1.0,36.36144578313253
4,BFGS_cluster_results_f3_100_1,MDL,4.387307869234168e-05,0.9156626506024096,1.0,36.24096385542169
5,BFGS_cluster_results_f3_100_1,Err_in,4.5984445717032095e-05,0.9156626506024096,1.0,39.80722891566265
