,dataset,criteria,avg_test_error,precision_at_k,ground_truth_hit,avg_size
0,BFGS_cluster_results_f6_100_2,MSE_train_opt,0.3021673744701447,0.6739130434782609,1.0,54.43478260869565
1,BFGS_cluster_results_f6_100_2,AIC,0.29513447567346524,0.6956521739130435,1.0,47.47826086956522
2,BFGS_cluster_results_f6_100_2,BIC,0.28688923271364586,0.717391304347826,1.0,45.84782608695652
3,BFGS_cluster_results_f6_100_2,AICc,0.2869512414767639,0.717391304347826,1.0,46.56521739130435
4,BFGS_cluster_results_f6_100_2,MDL,0.30103256634234027,0.717391304347826,1.0,39.54347826086956
5,BFGS_cluster_results_f6_100_2,Err_in,0.32906535175750007,0.5652173913043478,1.0,48.5
