,dataset,criteria,avg_test_error,precision_at_k,ground_truth_hit,avg_size
0,BFGS_orig_results_f3_100_1,MSE_train_opt,6.782410356189807e-07,0.8837209302325582,0.0,48.80232558139535
1,BFGS_orig_results_f3_100_1,AIC,5.658875361047519e-07,0.8953488372093024,1.0,39.98837209302326
2,BFGS_orig_results_f3_100_1,BIC,5.658875361047519e-07,0.8953488372093024,1.0,39.98837209302326
3,BFGS_orig_results_f3_100_1,AICc,5.658875361047519e-07,0.8953488372093024,1.0,39.98837209302326
4,BFGS_orig_results_f3_100_1,MDL,5.665175134880659e-07,0.8953488372093024,1.0,40.47674418604651
5,BFGS_orig_results_f3_100_1,Err_in,6.76659359112212e-07,0.8837209302325582,0.0,47.593023255813954
