,dataset,criteria,avg_test_error,precision_at_k,ground_truth_hit,avg_size
0,BFGS_cluster_results_f2_100_2,MSE_train_opt,4.914233882181114e-05,0.9333333333333333,1.0,41.28888888888889
1,BFGS_cluster_results_f2_100_2,AIC,3.928335438585687e-05,0.9555555555555556,1.0,36.166666666666664
2,BFGS_cluster_results_f2_100_2,BIC,3.9283354385856865e-05,0.9555555555555556,1.0,36.166666666666664
3,BFGS_cluster_results_f2_100_2,AICc,3.928335438585686e-05,0.9555555555555556,1.0,36.166666666666664
4,BFGS_cluster_results_f2_100_2,MDL,3.517649612503245e-05,0.9666666666666667,1.0,36.36666666666667
5,BFGS_cluster_results_f2_100_2,Err_in,4.0321843615114034e-05,0.9555555555555556,1.0,37.28888888888889
