,dataset,criteria,avg_test_error,precision_at_k,ground_truth_hit,avg_size
0,BFGS_pert_results_f3_100_1,MSE_train_opt,1.1228736964328975e-06,0.5384615384615384,0.0,48.76923076923077
1,BFGS_pert_results_f3_100_1,AIC,4.280418678287308e-07,0.6923076923076923,0.0,33.38461538461539
2,BFGS_pert_results_f3_100_1,BIC,4.280418678287308e-07,0.6923076923076923,0.0,33.38461538461539
3,BFGS_pert_results_f3_100_1,AICc,4.280418678287308e-07,0.6923076923076923,0.0,33.38461538461539
4,BFGS_pert_results_f3_100_1,MDL,0.00035663823396874596,0.46153846153846156,0.0,28.076923076923077
5,BFGS_pert_results_f3_100_1,Err_in,0.0021379681115553098,0.15384615384615385,1.0,47.23076923076923
