,dataset,criteria,avg_test_error,precision_at_k,ground_truth_hit,avg_size
0,BFGS_cluster_results_f4_100_2,MSE_train_opt,0.001030199229097182,0.9325842696629213,1.0,48.61797752808989
1,BFGS_cluster_results_f4_100_2,AIC,0.0009801779328385371,0.9550561797752809,1.0,44.449438202247194
2,BFGS_cluster_results_f4_100_2,BIC,0.0009747072650534876,0.9550561797752809,1.0,44.39325842696629
3,BFGS_cluster_results_f4_100_2,AICc,0.0009801779328385371,0.9550561797752809,1.0,44.449438202247194
4,BFGS_cluster_results_f4_100_2,MDL,0.0009554194509567539,0.9550561797752809,1.0,44.29213483146067
5,BFGS_cluster_results_f4_100_2,Err_in,0.0010245780509932597,0.9325842696629213,1.0,47.46067415730337
