,dataset,criteria,avg_test_error,precision_at_k,ground_truth_hit,avg_size
0,BFGS_pert_results_f5_100_3,MSE_train_opt,0.04224175647027618,0.3333333333333333,0.0,46.17948717948718
1,BFGS_pert_results_f5_100_3,AIC,0.04225599972353783,0.48717948717948717,1.0,37.333333333333336
2,BFGS_pert_results_f5_100_3,BIC,0.04225599972353783,0.48717948717948717,1.0,37.333333333333336
3,BFGS_pert_results_f5_100_3,AICc,0.04225599972353783,0.48717948717948717,1.0,37.333333333333336
4,BFGS_pert_results_f5_100_3,MDL,0.04137231868167442,0.5897435897435898,1.0,34.61538461538461
5,BFGS_pert_results_f5_100_3,Err_in,3.678760960449039,0.358974358974359,0.0,51.23076923076923
