,dataset,criteria,avg_test_error,precision_at_k,ground_truth_hit,avg_size
0,BFGS_orig_results_f3_100_1,MSE_train_opt,1.070306626432439e-06,0.24528301886792453,0.0,43.37735849056604
1,BFGS_orig_results_f3_100_1,AIC,3.8830421659418853e-07,0.5283018867924528,1.0,30.132075471698112
2,BFGS_orig_results_f3_100_1,BIC,3.8830421659418853e-07,0.5283018867924528,1.0,30.132075471698112
3,BFGS_orig_results_f3_100_1,AICc,3.8830421659418853e-07,0.5283018867924528,1.0,30.132075471698112
4,BFGS_orig_results_f3_100_1,MDL,4.42735658676281e-07,0.5471698113207547,1.0,29.92452830188679
5,BFGS_orig_results_f3_100_1,Err_in,1.067758465762515e-06,0.2641509433962264,0.0,43.679245283018865
