,dataset,criteria,avg_test_error,precision_at_k,ground_truth_hit,avg_size
0,BFGS_orig_results_f6_100_2,MSE_train_opt,0.0005076592394912688,0.6585365853658537,0.0,53.75609756097561
1,BFGS_orig_results_f6_100_2,AIC,0.0006629946488374926,0.34146341463414637,1.0,31.585365853658537
2,BFGS_orig_results_f6_100_2,BIC,0.0006704875337496193,0.3170731707317073,1.0,31.341463414634145
3,BFGS_orig_results_f6_100_2,AICc,0.0006704875337496193,0.3170731707317073,1.0,31.341463414634145
4,BFGS_orig_results_f6_100_2,MDL,0.0006217186129476571,0.3902439024390244,1.0,31.21951219512195
5,BFGS_orig_results_f6_100_2,Err_in,0.0005076592394912688,0.6585365853658537,0.0,53.75609756097561
