,dataset,criteria,avg_test_error,precision_at_k,ground_truth_hit,avg_size
0,BFGS_pert_results_f4_100_2,MSE_train_opt,0.012983626801091087,0.7894736842105263,0.0,45.36842105263158
1,BFGS_pert_results_f4_100_2,AIC,0.012763994087523189,0.8157894736842105,0.0,44.71052631578947
2,BFGS_pert_results_f4_100_2,BIC,0.012908720192185686,0.7894736842105263,0.0,44.578947368421055
3,BFGS_pert_results_f4_100_2,AICc,0.012763994087523189,0.8157894736842105,0.0,44.71052631578947
4,BFGS_pert_results_f4_100_2,MDL,0.6205872075398305,0.5526315789473685,1.0,34.60526315789474
5,BFGS_pert_results_f4_100_2,Err_in,0.021134027755021923,0.47368421052631576,0.0,51.73684210526316
