,dataset,criteria,avg_test_error,precision_at_k,ground_truth_hit,avg_size
0,BFGS_cluster_results_f2_100_2,MSE_train_opt,5.540165515645549e-05,0.7368421052631579,0.0,44.01315789473684
1,BFGS_cluster_results_f2_100_2,AIC,2.9375882529816268e-05,0.8947368421052632,1.0,30.30263157894737
2,BFGS_cluster_results_f2_100_2,BIC,2.7116913285686297e-05,0.9210526315789473,1.0,30.157894736842106
3,BFGS_cluster_results_f2_100_2,AICc,2.7752389920089758e-05,0.9078947368421053,1.0,30.092105263157894
4,BFGS_cluster_results_f2_100_2,MDL,2.193428474121351e-05,0.9342105263157895,1.0,29.93421052631579
5,BFGS_cluster_results_f2_100_2,Err_in,2.284927223335758e-05,0.9473684210526315,1.0,32.1578947368421
