,dataset,criteria,avg_test_error,precision_at_k,ground_truth_hit,avg_size
0,BFGS_cluster_results_f4_100_2,MSE_train_opt,0.0010683274844745618,0.8518518518518519,1.0,49.629629629629626
1,BFGS_cluster_results_f4_100_2,AIC,0.0008983024056534558,0.9135802469135802,1.0,39.96296296296296
2,BFGS_cluster_results_f4_100_2,BIC,0.0009242509504892469,0.9012345679012346,1.0,40.074074074074076
3,BFGS_cluster_results_f4_100_2,AICc,0.000924250950489247,0.9012345679012346,1.0,40.074074074074076
4,BFGS_cluster_results_f4_100_2,MDL,0.0008737917967677815,0.9259259259259259,1.0,40.03703703703704
5,BFGS_cluster_results_f4_100_2,Err_in,0.0009505436245416715,0.8888888888888888,1.0,46.97530864197531
