,dataset,criteria,avg_test_error,precision_at_k,ground_truth_hit,avg_size
0,BFGS_orig_results_f6_100_2,MSE_train_opt,0.0006429769893697238,0.9090909090909091,0.0,48.18181818181818
1,BFGS_orig_results_f6_100_2,AIC,0.0006365355085177103,0.9090909090909091,1.0,42.21590909090909
2,BFGS_orig_results_f6_100_2,BIC,0.0006365355085177102,0.9090909090909091,1.0,42.21590909090909
3,BFGS_orig_results_f6_100_2,AICc,0.0006365355085177102,0.9090909090909091,1.0,42.21590909090909
4,BFGS_orig_results_f6_100_2,MDL,0.0006366876686165216,0.9090909090909091,1.0,42.04545454545455
5,BFGS_orig_results_f6_100_2,Err_in,0.0006429769893697238,0.9090909090909091,0.0,48.18181818181818
