,dataset,criteria,avg_test_error,precision_at_k,ground_truth_hit,avg_size
0,BFGS_pert_results_f3_100_1,MSE_train_opt,0.0008630460612686895,0.9459459459459459,0.0,46.83783783783784
1,BFGS_pert_results_f3_100_1,AIC,0.0008666444766771327,0.918918918918919,1.0,43.108108108108105
2,BFGS_pert_results_f3_100_1,BIC,0.0008893717996807816,0.8648648648648649,1.0,41.91891891891892
3,BFGS_pert_results_f3_100_1,AICc,0.0008742821156912112,0.8918918918918919,1.0,42.24324324324324
4,BFGS_pert_results_f3_100_1,MDL,0.0014754821370428042,0.5675675675675675,1.0,28.81081081081081
5,BFGS_pert_results_f3_100_1,Err_in,0.001910613255192017,0.5405405405405406,1.0,44.891891891891895
