,dataset,criteria,avg_test_error,precision_at_k,ground_truth_hit,avg_size
0,BFGS_cluster_results_f6_100_2,MSE_train_opt,0.35352507119890564,0.6666666666666666,1.0,55.142857142857146
1,BFGS_cluster_results_f6_100_2,AIC,0.4905772134028836,0.6190476190476191,1.0,50.95238095238095
2,BFGS_cluster_results_f6_100_2,BIC,0.5611412799579762,0.5238095238095238,1.0,42.095238095238095
3,BFGS_cluster_results_f6_100_2,AICc,0.48791523543538606,0.6190476190476191,1.0,46.80952380952381
4,BFGS_cluster_results_f6_100_2,MDL,0.5315859796738984,0.2857142857142857,1.0,32.61904761904762
5,BFGS_cluster_results_f6_100_2,Err_in,0.16625312385479538,0.3333333333333333,0.0,49.857142857142854
