,dataset,criteria,avg_test_error,precision_at_k,ground_truth_hit,avg_size
0,BFGS_orig_results_f5_100_3,MSE_train_opt,0.00012192292834481542,0.0,0.0,57.388888888888886
1,BFGS_orig_results_f5_100_3,AIC,3.0982849929265594e-05,0.05555555555555555,1.0,30.38888888888889
2,BFGS_orig_results_f5_100_3,BIC,3.0982849929265594e-05,0.05555555555555555,1.0,30.38888888888889
3,BFGS_orig_results_f5_100_3,AICc,3.0982849929265594e-05,0.05555555555555555,1.0,30.38888888888889
4,BFGS_orig_results_f5_100_3,MDL,1.5220279072776005e-05,0.2222222222222222,1.0,28.944444444444443
5,BFGS_orig_results_f5_100_3,Err_in,0.00012192292834481542,0.0,0.0,57.388888888888886
