,dataset,criteria,avg_test_error,precision_at_k,ground_truth_hit,avg_size
0,BFGS_cluster_results_f1_100_10,MSE_train_opt,0.03788756144007912,0.19230769230769232,0.0,50.53846153846154
1,BFGS_cluster_results_f1_100_10,AIC,0.020868490501582404,0.6538461538461539,1.0,34.57692307692308
2,BFGS_cluster_results_f1_100_10,BIC,0.017966799263413113,0.7115384615384616,1.0,33.59615384615385
3,BFGS_cluster_results_f1_100_10,AICc,0.020868490501582408,0.6538461538461539,1.0,34.57692307692308
4,BFGS_cluster_results_f1_100_10,MDL,0.014489056881775285,0.8269230769230769,1.0,32.25
5,BFGS_cluster_results_f1_100_10,Err_in,0.014557945306446265,0.8269230769230769,1.0,33.78846153846154
