,dataset,criteria,avg_test_error,precision_at_k,ground_truth_hit,avg_size
0,BFGS_cluster_results_f3_100_1,MSE_train_opt,0.00015960287038951936,0.0,0.0,68.57894736842105
1,BFGS_cluster_results_f3_100_1,AIC,1.6230564027947525e-05,0.15789473684210525,1.0,25.210526315789473
2,BFGS_cluster_results_f3_100_1,BIC,1.6230564027947525e-05,0.15789473684210525,1.0,25.210526315789473
3,BFGS_cluster_results_f3_100_1,AICc,1.6230564027947525e-05,0.15789473684210525,1.0,25.210526315789473
4,BFGS_cluster_results_f3_100_1,MDL,1.2581983481409515e-05,0.15789473684210525,1.0,24.0
5,BFGS_cluster_results_f3_100_1,Err_in,1.5226431143764644e-05,0.3684210526315789,0.0,30.789473684210527
