,dataset,criteria,avg_test_error,precision_at_k,ground_truth_hit,avg_size
0,BFGS_orig_results_f5_100_3,MSE_train_opt,0.00010557117556660613,0.0,0.0,53.464285714285715
1,BFGS_orig_results_f5_100_3,AIC,3.076095526078365e-05,0.14285714285714285,1.0,31.642857142857142
2,BFGS_orig_results_f5_100_3,BIC,2.8097197932683636e-05,0.14285714285714285,1.0,31.607142857142858
3,BFGS_orig_results_f5_100_3,AICc,3.0760955260783646e-05,0.14285714285714285,1.0,31.642857142857142
4,BFGS_orig_results_f5_100_3,MDL,1.3279026200238898e-05,0.35714285714285715,1.0,29.714285714285715
5,BFGS_orig_results_f5_100_3,Err_in,0.00010557117556660613,0.0,0.0,53.464285714285715
