,dataset,criteria,avg_test_error,precision_at_k,ground_truth_hit,avg_size
0,BFGS_orig_results_f7_100_2,MSE_train_opt,0.008544174682273238,0.05555555555555555,0.0,37.72222222222222
1,BFGS_orig_results_f7_100_2,AIC,0.008417579411919887,0.0,1.0,23.555555555555557
2,BFGS_orig_results_f7_100_2,BIC,0.008417579411919887,0.0,1.0,23.555555555555557
3,BFGS_orig_results_f7_100_2,AICc,0.008417579411919887,0.0,1.0,23.555555555555557
4,BFGS_orig_results_f7_100_2,MDL,0.00834517465964196,0.0,1.0,23.0
5,BFGS_orig_results_f7_100_2,Err_in,0.00828410005083858,0.05555555555555555,0.0,32.166666666666664
