,dataset,criteria,avg_test_error,precision_at_k,ground_truth_hit,avg_size
0,BFGS_orig_results_f7_100_2,MSE_train_opt,0.008389381419643495,0.9135802469135802,1.0,30.617283950617285
1,BFGS_orig_results_f7_100_2,AIC,0.008413816994115192,0.8395061728395061,1.0,27.308641975308642
2,BFGS_orig_results_f7_100_2,BIC,0.008313351993032254,0.8395061728395061,1.0,27.25925925925926
3,BFGS_orig_results_f7_100_2,AICc,0.008413816994115192,0.8395061728395061,1.0,27.308641975308642
4,BFGS_orig_results_f7_100_2,MDL,0.008411198980118518,0.8641975308641975,1.0,27.160493827160494
5,BFGS_orig_results_f7_100_2,Err_in,0.008231217533767429,0.8888888888888888,1.0,29.62962962962963
