,dataset,criteria,avg_test_error,precision_at_k,ground_truth_hit,avg_size
0,BFGS_orig_results_f5_100_3,MSE_train_opt,4.9599335309409826e-05,0.8837209302325582,0.0,47.16279069767442
1,BFGS_orig_results_f5_100_3,AIC,4.087745196389473e-05,0.9069767441860465,1.0,42.348837209302324
2,BFGS_orig_results_f5_100_3,BIC,4.087745196389473e-05,0.9069767441860465,1.0,42.348837209302324
3,BFGS_orig_results_f5_100_3,AICc,4.087745196389473e-05,0.9069767441860465,1.0,42.348837209302324
4,BFGS_orig_results_f5_100_3,MDL,4.0302240631464375e-05,0.9069767441860465,1.0,41.895348837209305
5,BFGS_orig_results_f5_100_3,Err_in,4.9599335309409826e-05,0.8837209302325582,0.0,47.16279069767442
