,dataset,criteria,avg_test_error,precision_at_k,ground_truth_hit,avg_size
0,BFGS_pert_results_f2_100_2,MSE_train_opt,0.012683662029675108,0.813953488372093,0.0,43.51162790697674
1,BFGS_pert_results_f2_100_2,AIC,0.012686400324820534,0.7674418604651163,1.0,40.76744186046512
2,BFGS_pert_results_f2_100_2,BIC,0.01268655994137953,0.7674418604651163,1.0,40.58139534883721
3,BFGS_pert_results_f2_100_2,AICc,0.012686400324820537,0.7674418604651163,1.0,40.76744186046512
4,BFGS_pert_results_f2_100_2,MDL,0.012718748393639717,0.7441860465116279,1.0,38.81395348837209
5,BFGS_pert_results_f2_100_2,Err_in,0.014038798213212656,0.5348837209302325,0.0,42.7906976744186
