,dataset,criteria,avg_test_error,precision_at_k,ground_truth_hit,avg_size
0,BFGS_cluster_results_f7_100_2,MSE_train_opt,0.00984036581783932,0.23333333333333334,0.0,33.93333333333333
1,BFGS_cluster_results_f7_100_2,AIC,0.008924069809889433,0.3333333333333333,1.0,23.633333333333333
2,BFGS_cluster_results_f7_100_2,BIC,0.008924069806899781,0.3333333333333333,1.0,23.666666666666668
3,BFGS_cluster_results_f7_100_2,AICc,0.008924069809889433,0.3333333333333333,1.0,23.633333333333333
4,BFGS_cluster_results_f7_100_2,MDL,0.008529800630183817,0.36666666666666664,1.0,23.033333333333335
5,BFGS_cluster_results_f7_100_2,Err_in,0.008667323719990912,0.3333333333333333,0.0,30.0
