,dataset,criteria,avg_test_error,precision_at_k,ground_truth_hit,avg_size
0,BFGS_pert_results_f4_100_2,MSE_train_opt,0.0071308903786903724,0.875,0.0,45.375
1,BFGS_pert_results_f4_100_2,AIC,0.007607914431672497,0.8333333333333334,0.0,43.875
2,BFGS_pert_results_f4_100_2,BIC,0.007579648413088731,0.8333333333333334,0.0,42.958333333333336
3,BFGS_pert_results_f4_100_2,AICc,0.007607914431672497,0.8333333333333334,0.0,43.875
4,BFGS_pert_results_f4_100_2,MDL,0.010132547823908737,0.7083333333333334,1.0,34.625
5,BFGS_pert_results_f4_100_2,Err_in,0.023105303543660968,0.2916666666666667,0.0,52.041666666666664
