,dataset,criteria,avg_test_error,precision_at_k,ground_truth_hit,avg_size
0,BFGS_cluster_results_f6_100_2,MSE_train_opt,0.2595950034273346,0.92,1.0,53.50666666666667
1,BFGS_cluster_results_f6_100_2,AIC,0.2595950034273346,0.92,1.0,53.50666666666667
2,BFGS_cluster_results_f6_100_2,BIC,0.2595950034273346,0.92,1.0,53.50666666666667
3,BFGS_cluster_results_f6_100_2,AICc,0.2595950034273346,0.92,1.0,53.50666666666667
4,BFGS_cluster_results_f6_100_2,MDL,0.2775497646581383,0.9066666666666666,1.0,53.026666666666664
5,BFGS_cluster_results_f6_100_2,Err_in,0.2724062345041663,0.92,1.0,52.88
