,dataset,criteria,avg_test_error,precision_at_k,ground_truth_hit,avg_size
0,BFGS_orig_results_f5_100_3,MSE_train_opt,4.847207768874295e-05,0.9090909090909091,0.0,46.94318181818182
1,BFGS_orig_results_f5_100_3,AIC,4.007205179322793e-05,0.9318181818181818,1.0,43.05681818181818
2,BFGS_orig_results_f5_100_3,BIC,4.007205179322793e-05,0.9318181818181818,1.0,43.05681818181818
3,BFGS_orig_results_f5_100_3,AICc,4.007205179322793e-05,0.9318181818181818,1.0,43.05681818181818
4,BFGS_orig_results_f5_100_3,MDL,3.944002006701439e-05,0.9318181818181818,1.0,42.82954545454545
5,BFGS_orig_results_f5_100_3,Err_in,4.847207768874295e-05,0.9090909090909091,0.0,46.94318181818182
