,dataset,criteria,avg_test_error,precision_at_k,ground_truth_hit,avg_size
0,BFGS_pert_results_f7_100_2,MSE_train_opt,0.0095435471897233,0.0,0.0,26.0
1,BFGS_pert_results_f7_100_2,AIC,0.008345159106117299,0.0,1.0,22.333333333333332
2,BFGS_pert_results_f7_100_2,BIC,0.008345159106117299,0.0,1.0,22.333333333333332
3,BFGS_pert_results_f7_100_2,AICc,0.008345159106117299,0.0,1.0,22.333333333333332
4,BFGS_pert_results_f7_100_2,MDL,0.0083451594424363,0.0,1.0,21.333333333333332
5,BFGS_pert_results_f7_100_2,Err_in,0.008345159134249667,0.0,0.0,22.0
