,dataset,criteria,avg_test_error,precision_at_k,ground_truth_hit,avg_size
0,BFGS_cluster_results_f4_100_2,MSE_train_opt,0.0011135529889764147,0.7733333333333333,0.0,51.12
1,BFGS_cluster_results_f4_100_2,AIC,0.0008835417656915775,0.84,1.0,37.986666666666665
2,BFGS_cluster_results_f4_100_2,BIC,0.0008788025195820279,0.84,1.0,37.78666666666667
3,BFGS_cluster_results_f4_100_2,AICc,0.0008788025195820279,0.84,1.0,37.78666666666667
4,BFGS_cluster_results_f4_100_2,MDL,0.0008248012789145254,0.88,1.0,37.53333333333333
5,BFGS_cluster_results_f4_100_2,Err_in,0.000918873341045844,0.8266666666666667,1.0,45.16
