,dataset,criteria,avg_test_error,precision_at_k,ground_truth_hit,avg_size
0,BFGS_orig_results_f2_100_2,MSE_train_opt,1.012416732195832e-05,0.7162162162162162,0.0,38.95945945945946
1,BFGS_orig_results_f2_100_2,AIC,7.048294084484455e-06,0.8108108108108109,1.0,30.56756756756757
2,BFGS_orig_results_f2_100_2,BIC,7.048294084484455e-06,0.8108108108108109,1.0,30.56756756756757
3,BFGS_orig_results_f2_100_2,AICc,7.048294084484455e-06,0.8108108108108109,1.0,30.56756756756757
4,BFGS_orig_results_f2_100_2,MDL,7.033081130220893e-06,0.8108108108108109,1.0,30.675675675675677
5,BFGS_orig_results_f2_100_2,Err_in,1.012416732195832e-05,0.7162162162162162,0.0,38.95945945945946
