,dataset,criteria,avg_test_error,precision_at_k,ground_truth_hit,avg_size
0,BFGS_orig_results_f5_100_3,MSE_train_opt,0.00013275740276420922,0.0,0.0,58.54545454545455
1,BFGS_orig_results_f5_100_3,AIC,5.031755752187114e-05,0.09090909090909091,1.0,31.272727272727273
2,BFGS_orig_results_f5_100_3,BIC,3.754035273050639e-05,0.09090909090909091,1.0,30.545454545454547
3,BFGS_orig_results_f5_100_3,AICc,3.754035273050639e-05,0.09090909090909091,1.0,30.545454545454547
4,BFGS_orig_results_f5_100_3,MDL,8.795469761366064e-06,0.09090909090909091,1.0,28.272727272727273
5,BFGS_orig_results_f5_100_3,Err_in,0.00013275740276420922,0.0,0.0,58.54545454545455
