,dataset,criteria,avg_test_error,precision_at_k,ground_truth_hit,avg_size
0,BFGS_cluster_results_f1_100_10,MSE_train_opt,0.06919544782800165,0.0,0.0,62.857142857142854
1,BFGS_cluster_results_f1_100_10,AIC,0.05686668305995597,0.0,0.0,45.142857142857146
2,BFGS_cluster_results_f1_100_10,BIC,0.026655868497821512,0.14285714285714285,1.0,30.857142857142858
3,BFGS_cluster_results_f1_100_10,AICc,0.05215473059123499,0.0,0.0,39.857142857142854
4,BFGS_cluster_results_f1_100_10,MDL,0.010495327565226484,0.0,0.0,29.285714285714285
5,BFGS_cluster_results_f1_100_10,Err_in,0.02139858236469051,0.2857142857142857,0.0,31.571428571428573
