,dataset,criteria,avg_test_error,precision_at_k,ground_truth_hit,avg_size
0,BFGS_orig_results_f2_100_2,MSE_train_opt,1.4985380020289445e-05,0.05405405405405406,0.0,36.648648648648646
1,BFGS_orig_results_f2_100_2,AIC,6.817370082394551e-06,0.3783783783783784,1.0,25.08108108108108
2,BFGS_orig_results_f2_100_2,BIC,6.817370082394551e-06,0.3783783783783784,1.0,25.08108108108108
3,BFGS_orig_results_f2_100_2,AICc,6.817370082394551e-06,0.3783783783783784,1.0,25.08108108108108
4,BFGS_orig_results_f2_100_2,MDL,6.78289751469164e-06,0.40540540540540543,1.0,25.216216216216218
5,BFGS_orig_results_f2_100_2,Err_in,1.4985380020289445e-05,0.05405405405405406,0.0,36.648648648648646
