,dataset,criteria,avg_test_error,precision_at_k,ground_truth_hit,avg_size
0,BFGS_orig_results_f7_100_2,MSE_train_opt,0.008856914131906786,0.14285714285714285,0.0,42.714285714285715
1,BFGS_orig_results_f7_100_2,AIC,0.008345159152072215,0.0,1.0,22.571428571428573
2,BFGS_orig_results_f7_100_2,BIC,0.008345159152072215,0.0,1.0,22.571428571428573
3,BFGS_orig_results_f7_100_2,AICc,0.008345159152072215,0.0,1.0,22.571428571428573
4,BFGS_orig_results_f7_100_2,MDL,0.008345158462623672,0.0,1.0,21.857142857142858
5,BFGS_orig_results_f7_100_2,Err_in,0.008188151585531685,0.14285714285714285,0.0,37.142857142857146
