,dataset,criteria,avg_test_error,precision_at_k,ground_truth_hit,avg_size
0,BFGS_cluster_results_f1_100_10,MSE_train_opt,0.04047742925674243,0.06382978723404255,0.0,52.02127659574468
1,BFGS_cluster_results_f1_100_10,AIC,0.02154955244841007,0.6382978723404256,1.0,34.680851063829785
2,BFGS_cluster_results_f1_100_10,BIC,0.018584577250470066,0.6595744680851063,1.0,33.40425531914894
3,BFGS_cluster_results_f1_100_10,AICc,0.021126150198668314,0.6382978723404256,1.0,34.297872340425535
4,BFGS_cluster_results_f1_100_10,MDL,0.013846185287474602,0.8085106382978723,1.0,31.70212765957447
5,BFGS_cluster_results_f1_100_10,Err_in,0.01385289368552755,0.8297872340425532,1.0,32.59574468085106
