,dataset,criteria,avg_test_error,precision_at_k,ground_truth_hit,avg_size
0,BFGS_cluster_results_f3_100_1,MSE_train_opt,6.166352617186145e-05,0.8148148148148148,0.0,45.54320987654321
1,BFGS_cluster_results_f3_100_1,AIC,4.219942620991363e-05,0.8888888888888888,1.0,35.382716049382715
2,BFGS_cluster_results_f3_100_1,BIC,4.296130704150252e-05,0.8888888888888888,1.0,35.46913580246913
3,BFGS_cluster_results_f3_100_1,AICc,4.296130704150252e-05,0.8888888888888888,1.0,35.46913580246913
4,BFGS_cluster_results_f3_100_1,MDL,4.112075857512963e-05,0.9012345679012346,1.0,35.32098765432099
5,BFGS_cluster_results_f3_100_1,Err_in,4.5369179022478854e-05,0.9012345679012346,1.0,39.53086419753087
