,dataset,criteria,avg_test_error,precision_at_k,ground_truth_hit,avg_size
0,BFGS_orig_results_f5_100_3,MSE_train_opt,4.902922800700382e-05,0.896551724137931,0.0,47.05747126436781
1,BFGS_orig_results_f5_100_3,AIC,4.053265008970182e-05,0.9195402298850575,1.0,42.793103448275865
2,BFGS_orig_results_f5_100_3,BIC,4.053265008970182e-05,0.9195402298850575,1.0,42.793103448275865
3,BFGS_orig_results_f5_100_3,AICc,4.053265008970182e-05,0.9195402298850575,1.0,42.793103448275865
4,BFGS_orig_results_f5_100_3,MDL,3.987979493474594e-05,0.9195402298850575,1.0,42.367816091954026
5,BFGS_orig_results_f5_100_3,Err_in,4.902922800700382e-05,0.896551724137931,0.0,47.05747126436781
