,dataset,criteria,avg_test_error,precision_at_k,ground_truth_hit,avg_size
0,BFGS_orig_results_f6_100_2,MSE_train_opt,0.0006485371769470526,0.8837209302325582,0.0,48.46511627906977
1,BFGS_orig_results_f6_100_2,AIC,0.0006376544796329116,0.8837209302325582,1.0,41.05813953488372
2,BFGS_orig_results_f6_100_2,BIC,0.0006376544796329116,0.8837209302325582,1.0,41.05813953488372
3,BFGS_orig_results_f6_100_2,AICc,0.0006376544796329116,0.8837209302325582,1.0,41.05813953488372
4,BFGS_orig_results_f6_100_2,MDL,0.0006469357251171669,0.8837209302325582,1.0,40.906976744186046
5,BFGS_orig_results_f6_100_2,Err_in,0.0006485371769470526,0.8837209302325582,0.0,48.46511627906977
