,dataset,criteria,avg_test_error,precision_at_k,ground_truth_hit,avg_size
0,BFGS_orig_results_f6_100_2,MSE_train_opt,0.0005602322761480617,0.6938775510204082,0.0,51.795918367346935
1,BFGS_orig_results_f6_100_2,AIC,0.000623718161151501,0.4897959183673469,1.0,32.183673469387756
2,BFGS_orig_results_f6_100_2,BIC,0.000623718161151501,0.4897959183673469,1.0,32.183673469387756
3,BFGS_orig_results_f6_100_2,AICc,0.000623718161151501,0.4897959183673469,1.0,32.183673469387756
4,BFGS_orig_results_f6_100_2,MDL,0.0006043354655104635,0.5102040816326531,1.0,31.979591836734695
5,BFGS_orig_results_f6_100_2,Err_in,0.0005602322761480617,0.6938775510204082,0.0,51.795918367346935
