,dataset,criteria,avg_test_error,precision_at_k,ground_truth_hit,avg_size
0,BFGS_orig_results_f5_100_3,MSE_train_opt,8.767077942520573e-05,0.04878048780487805,0.0,51.46341463414634
1,BFGS_orig_results_f5_100_3,AIC,2.5545792624857947e-05,0.3902439024390244,1.0,32.5609756097561
2,BFGS_orig_results_f5_100_3,BIC,2.280724277882006e-05,0.4146341463414634,1.0,31.878048780487806
3,BFGS_orig_results_f5_100_3,AICc,2.5545792624857947e-05,0.3902439024390244,1.0,32.5609756097561
4,BFGS_orig_results_f5_100_3,MDL,1.5244909325674312e-05,0.5121951219512195,1.0,31.4390243902439
5,BFGS_orig_results_f5_100_3,Err_in,8.767077942520573e-05,0.04878048780487805,0.0,51.46341463414634
