,dataset,criteria,avg_test_error,precision_at_k,ground_truth_hit,avg_size
0,BFGS_pert_results_f5_100_3,MSE_train_opt,0.043697553203003406,0.38636363636363635,0.0,45.72727272727273
1,BFGS_pert_results_f5_100_3,AIC,0.04371017396668742,0.5227272727272727,1.0,37.15909090909091
2,BFGS_pert_results_f5_100_3,BIC,0.04371017396668742,0.5227272727272727,1.0,37.15909090909091
3,BFGS_pert_results_f5_100_3,AICc,0.04371017396668742,0.5227272727272727,1.0,37.15909090909091
4,BFGS_pert_results_f5_100_3,MDL,0.042926915062323,0.5681818181818182,1.0,34.56818181818182
5,BFGS_pert_results_f5_100_3,Err_in,3.2669759385303454,0.38636363636363635,1.0,49.93181818181818
