,dataset,criteria,avg_test_error,precision_at_k,ground_truth_hit,avg_size
0,BFGS_pert_results_f7_100_2,MSE_train_opt,0.008468345128884995,0.52,1.0,30.8
1,BFGS_pert_results_f7_100_2,AIC,0.008452032669221666,0.56,1.0,24.94
2,BFGS_pert_results_f7_100_2,BIC,0.008452032669221666,0.56,1.0,24.94
3,BFGS_pert_results_f7_100_2,AICc,0.008452032669221666,0.56,1.0,24.94
4,BFGS_pert_results_f7_100_2,MDL,0.008390868113862048,0.58,1.0,24.44
5,BFGS_pert_results_f7_100_2,Err_in,0.008379990505986933,0.54,0.0,28.12
