,dataset,criteria,avg_test_error,precision_at_k,ground_truth_hit,avg_size
0,BFGS_orig_results_f3_100_1,MSE_train_opt,1.987857889395483e-06,0.0,0.0,47.30769230769231
1,BFGS_orig_results_f3_100_1,AIC,7.169935378009964e-07,0.15384615384615385,1.0,25.53846153846154
2,BFGS_orig_results_f3_100_1,BIC,7.169935378009964e-07,0.15384615384615385,1.0,25.53846153846154
3,BFGS_orig_results_f3_100_1,AICc,7.169935378009964e-07,0.15384615384615385,1.0,25.53846153846154
4,BFGS_orig_results_f3_100_1,MDL,6.289890399350281e-07,0.2692307692307692,1.0,25.346153846153847
5,BFGS_orig_results_f3_100_1,Err_in,2.001481123266087e-06,0.0,0.0,45.88461538461539
