,dataset,criteria,avg_test_error,precision_at_k,ground_truth_hit,avg_size
0,BFGS_cluster_results_f2_100_2,MSE_train_opt,8.164418566610767e-05,0.06521739130434782,0.0,54.91304347826087
1,BFGS_cluster_results_f2_100_2,AIC,2.0666268033586535e-05,0.6956521739130435,1.0,26.108695652173914
2,BFGS_cluster_results_f2_100_2,BIC,1.860607012697891e-05,0.717391304347826,1.0,25.695652173913043
3,BFGS_cluster_results_f2_100_2,AICc,2.0666268033586535e-05,0.6956521739130435,1.0,26.108695652173914
4,BFGS_cluster_results_f2_100_2,MDL,1.8334769299271544e-05,0.782608695652174,1.0,25.5
5,BFGS_cluster_results_f2_100_2,Err_in,1.565539610547385e-05,0.8260869565217391,0.0,27.847826086956523
