,dataset,criteria,avg_test_error,precision_at_k,ground_truth_hit,avg_size
0,BFGS_orig_results_f4_100_2,MSE_train_opt,0.0025746675167916794,0.7532467532467533,0.0,47.87012987012987
1,BFGS_orig_results_f4_100_2,AIC,0.0025664603109805634,0.7792207792207793,1.0,40.077922077922075
2,BFGS_orig_results_f4_100_2,BIC,0.002566460310980564,0.7792207792207793,1.0,40.077922077922075
3,BFGS_orig_results_f4_100_2,AICc,0.0025664603109805634,0.7792207792207793,1.0,40.077922077922075
4,BFGS_orig_results_f4_100_2,MDL,0.0025401029466318318,0.8181818181818182,1.0,40.23376623376623
5,BFGS_orig_results_f4_100_2,Err_in,0.0025746675167916794,0.7532467532467533,0.0,47.87012987012987
