,dataset,criteria,avg_test_error,precision_at_k,ground_truth_hit,avg_size
0,BFGS_pert_results_f2_100_2,MSE_train_opt,0.01209078332669626,0.9117647058823529,0.0,44.6764705882353
1,BFGS_pert_results_f2_100_2,AIC,0.01209078332669626,0.9117647058823529,0.0,44.6764705882353
2,BFGS_pert_results_f2_100_2,BIC,0.01209078332669626,0.9117647058823529,0.0,44.6764705882353
3,BFGS_pert_results_f2_100_2,AICc,0.01209078332669626,0.9117647058823529,0.0,44.6764705882353
4,BFGS_pert_results_f2_100_2,MDL,0.012211062387647506,0.8529411764705882,1.0,39.88235294117647
5,BFGS_pert_results_f2_100_2,Err_in,0.014105274106265726,0.4411764705882353,0.0,40.470588235294116
