,dataset,criteria,avg_test_error,precision_at_k,ground_truth_hit,avg_size
0,BFGS_orig_results_f5_100_3,MSE_train_opt,0.00012564033211374793,0.0,0.0,59.0
1,BFGS_orig_results_f5_100_3,AIC,4.612954961324752e-05,0.08333333333333333,1.0,31.166666666666668
2,BFGS_orig_results_f5_100_3,BIC,3.459089240977143e-05,0.08333333333333333,1.0,30.666666666666668
3,BFGS_orig_results_f5_100_3,AICc,3.459089240977143e-05,0.08333333333333333,1.0,30.666666666666668
4,BFGS_orig_results_f5_100_3,MDL,9.64384237912979e-06,0.16666666666666666,1.0,28.166666666666668
5,BFGS_orig_results_f5_100_3,Err_in,0.00012564033211374793,0.0,0.0,59.0
