,dataset,criteria,avg_test_error,precision_at_k,ground_truth_hit,avg_size
0,BFGS_cluster_results_f6_100_2,MSE_train_opt,0.4328598232696969,0.5714285714285714,1.0,51.75
1,BFGS_cluster_results_f6_100_2,AIC,0.44228396079891574,0.5,1.0,47.035714285714285
2,BFGS_cluster_results_f6_100_2,BIC,0.4422839607989158,0.5,1.0,47.035714285714285
3,BFGS_cluster_results_f6_100_2,AICc,0.44228396079891585,0.5,1.0,47.035714285714285
4,BFGS_cluster_results_f6_100_2,MDL,0.45113669345883384,0.39285714285714285,1.0,33.107142857142854
5,BFGS_cluster_results_f6_100_2,Err_in,0.27060296171570447,0.42857142857142855,1.0,48.464285714285715
