,dataset,criteria,avg_test_error,precision_at_k,ground_truth_hit,avg_size
0,BFGS_orig_results_f6_100_2,MSE_train_opt,0.0005427305175269559,0.5172413793103449,0.0,55.37931034482759
1,BFGS_orig_results_f6_100_2,AIC,0.0006768861866647583,0.20689655172413793,1.0,30.413793103448278
2,BFGS_orig_results_f6_100_2,BIC,0.0006768861866647583,0.20689655172413793,1.0,30.413793103448278
3,BFGS_orig_results_f6_100_2,AICc,0.0006768861866647583,0.20689655172413793,1.0,30.413793103448278
4,BFGS_orig_results_f6_100_2,MDL,0.0005609880360293016,0.27586206896551724,1.0,29.93103448275862
5,BFGS_orig_results_f6_100_2,Err_in,0.0005427305175269559,0.5172413793103449,0.0,55.37931034482759
