,dataset,criteria,avg_test_error,precision_at_k,ground_truth_hit,avg_size
0,BFGS_pert_results_f7_100_2,MSE_train_opt,0.008511626819058895,0.24324324324324326,1.0,31.08108108108108
1,BFGS_pert_results_f7_100_2,AIC,0.008406926429794678,0.2972972972972973,1.0,24.324324324324323
2,BFGS_pert_results_f7_100_2,BIC,0.008406926429794678,0.2972972972972973,1.0,24.324324324324323
3,BFGS_pert_results_f7_100_2,AICc,0.008406926429794678,0.2972972972972973,1.0,24.324324324324323
4,BFGS_pert_results_f7_100_2,MDL,0.008406916374053549,0.2972972972972973,1.0,23.783783783783782
5,BFGS_pert_results_f7_100_2,Err_in,0.008392223157350248,0.32432432432432434,0.0,27.81081081081081
