,dataset,criteria,avg_test_error,precision_at_k,ground_truth_hit,avg_size
0,BFGS_cluster_results_f2_100_2,MSE_train_opt,0.00012244391168819975,0.0,0.0,69.46153846153847
1,BFGS_cluster_results_f2_100_2,AIC,1.928760829293282e-05,0.4230769230769231,1.0,25.346153846153847
2,BFGS_cluster_results_f2_100_2,BIC,1.5187139716025235e-05,0.4230769230769231,1.0,24.153846153846153
3,BFGS_cluster_results_f2_100_2,AICc,1.8829657871084173e-05,0.4230769230769231,1.0,25.192307692307693
4,BFGS_cluster_results_f2_100_2,MDL,1.5123318399048637e-05,0.46153846153846156,1.0,23.923076923076923
5,BFGS_cluster_results_f2_100_2,Err_in,1.516239030204588e-05,0.46153846153846156,0.0,27.26923076923077
