,dataset,criteria,avg_test_error,precision_at_k,ground_truth_hit,avg_size
0,BFGS_orig_results_f7_100_2,MSE_train_opt,0.008392921269319559,0.8533333333333334,1.0,30.8
1,BFGS_orig_results_f7_100_2,AIC,0.008418087828479626,0.8266666666666667,1.0,26.613333333333333
2,BFGS_orig_results_f7_100_2,BIC,0.008418087828479626,0.8266666666666667,1.0,26.613333333333333
3,BFGS_orig_results_f7_100_2,AICc,0.008418087828479626,0.8266666666666667,1.0,26.613333333333333
4,BFGS_orig_results_f7_100_2,MDL,0.008416244325882578,0.84,1.0,26.44
5,BFGS_orig_results_f7_100_2,Err_in,0.008222245018038327,0.8133333333333334,1.0,30.0
