,dataset,criteria,avg_test_error,precision_at_k,ground_truth_hit,avg_size
0,BFGS_cluster_results_f4_100_2,MSE_train_opt,0.001458053388097267,0.08888888888888889,0.0,62.044444444444444
1,BFGS_cluster_results_f4_100_2,AIC,0.0008123682267423867,0.6444444444444445,1.0,32.4
2,BFGS_cluster_results_f4_100_2,BIC,0.0007503976980593799,0.6666666666666666,1.0,31.77777777777778
3,BFGS_cluster_results_f4_100_2,AICc,0.0007757543373232712,0.6444444444444445,1.0,32.22222222222222
4,BFGS_cluster_results_f4_100_2,MDL,0.0005777014017019933,0.8222222222222222,1.0,30.822222222222223
5,BFGS_cluster_results_f4_100_2,Err_in,0.00068588725258476,0.7777777777777778,1.0,39.37777777777778
