,dataset,criteria,avg_test_error,precision_at_k,ground_truth_hit,avg_size
0,BFGS_orig_results_f4_100_2,MSE_train_opt,0.011155227689872748,0.0,0.0,45.94117647058823
1,BFGS_orig_results_f4_100_2,AIC,0.001098118887391305,0.17647058823529413,1.0,32.588235294117645
2,BFGS_orig_results_f4_100_2,BIC,0.00038103435997679385,0.17647058823529413,1.0,31.529411764705884
3,BFGS_orig_results_f4_100_2,AICc,0.0003876770481566325,0.17647058823529413,1.0,31.647058823529413
4,BFGS_orig_results_f4_100_2,MDL,0.00028824928081842084,0.35294117647058826,1.0,30.823529411764707
5,BFGS_orig_results_f4_100_2,Err_in,0.011155227689872748,0.0,0.0,45.94117647058823
