,dataset,criteria,avg_test_error,precision_at_k,ground_truth_hit,avg_size
0,BFGS_orig_results_f7_100_2,MSE_train_opt,0.008620719155350632,0.07692307692307693,0.0,39.0
1,BFGS_orig_results_f7_100_2,AIC,0.008445433372688648,0.0,1.0,23.153846153846153
2,BFGS_orig_results_f7_100_2,BIC,0.008445433372688648,0.0,1.0,23.153846153846153
3,BFGS_orig_results_f7_100_2,AICc,0.008445433372688648,0.0,1.0,23.153846153846153
4,BFGS_orig_results_f7_100_2,MDL,0.008345158793400639,0.0,1.0,22.923076923076923
5,BFGS_orig_results_f7_100_2,Err_in,0.008260616756473556,0.07692307692307693,0.0,35.07692307692308
