,dataset,criteria,avg_test_error,precision_at_k,ground_truth_hit,avg_size
0,BFGS_orig_results_f1_100_10,MSE_train_opt,0.027420390133690912,0.0,0.0,40.166666666666664
1,BFGS_orig_results_f1_100_10,AIC,0.02122524825114913,0.16666666666666666,1.0,33.0
2,BFGS_orig_results_f1_100_10,BIC,0.019306904812608633,0.16666666666666666,1.0,32.0
3,BFGS_orig_results_f1_100_10,AICc,0.019306904812608633,0.16666666666666666,1.0,32.0
4,BFGS_orig_results_f1_100_10,MDL,0.010430745311606449,0.16666666666666666,1.0,29.0
5,BFGS_orig_results_f1_100_10,Err_in,0.010310249207534266,0.5,0.0,34.833333333333336
