,dataset,criteria,avg_test_error,precision_at_k,ground_truth_hit,avg_size
0,BFGS_pert_results_f6_100_2,MSE_train_opt,0.02633468015635385,0.6666666666666666,0.0,66.0
1,BFGS_pert_results_f6_100_2,AIC,0.02606858254472652,1.0,0.0,56.666666666666664
2,BFGS_pert_results_f6_100_2,BIC,0.02606858254472652,1.0,0.0,56.666666666666664
3,BFGS_pert_results_f6_100_2,AICc,0.02606858254472652,1.0,0.0,56.666666666666664
4,BFGS_pert_results_f6_100_2,MDL,0.02606858254472652,1.0,0.0,56.666666666666664
5,BFGS_pert_results_f6_100_2,Err_in,1.21398000054534,0.0,0.0,64.0
