,dataset,criteria,avg_test_error,precision_at_k,ground_truth_hit,avg_size
0,BFGS_cluster_results_f4_100_2,MSE_train_opt,0.0010233592291120123,0.9204545454545454,1.0,48.52272727272727
1,BFGS_cluster_results_f4_100_2,AIC,0.0009856002779378772,0.9431818181818182,1.0,44.06818181818182
2,BFGS_cluster_results_f4_100_2,BIC,0.0009569074530526342,0.9545454545454546,1.0,43.72727272727273
3,BFGS_cluster_results_f4_100_2,AICc,0.0009569074530526342,0.9545454545454546,1.0,43.72727272727273
4,BFGS_cluster_results_f4_100_2,MDL,0.0009569152716754704,0.9431818181818182,1.0,43.75
5,BFGS_cluster_results_f4_100_2,Err_in,0.0010084963551113592,0.9204545454545454,1.0,46.96590909090909
