,dataset,criteria,avg_test_error,precision_at_k,ground_truth_hit,avg_size
0,BFGS_cluster_results_f1_100_10,MSE_train_opt,0.04123423407293868,0.0,0.0,53.404761904761905
1,BFGS_cluster_results_f1_100_10,AIC,0.02287359373016494,0.5476190476190477,1.0,35.19047619047619
2,BFGS_cluster_results_f1_100_10,BIC,0.018527964837872342,0.6666666666666666,1.0,32.833333333333336
3,BFGS_cluster_results_f1_100_10,AICc,0.021697150464569236,0.6428571428571429,1.0,34.404761904761905
4,BFGS_cluster_results_f1_100_10,MDL,0.013823992316694659,0.7857142857142857,1.0,31.38095238095238
5,BFGS_cluster_results_f1_100_10,Err_in,0.013852435206063144,0.8571428571428571,1.0,32.5
