,dataset,criteria,avg_test_error,precision_at_k,ground_truth_hit,avg_size
0,BFGS_pert_results_f4_100_2,MSE_train_opt,0.004344446566409266,0.8421052631578947,0.0,44.31578947368421
1,BFGS_pert_results_f4_100_2,AIC,0.004204948164874765,0.8947368421052632,0.0,42.94736842105263
2,BFGS_pert_results_f4_100_2,BIC,0.0058133411772495185,0.7894736842105263,0.0,37.78947368421053
3,BFGS_pert_results_f4_100_2,AICc,0.004204948164874765,0.8947368421052632,0.0,42.94736842105263
4,BFGS_pert_results_f4_100_2,MDL,0.007599244848847135,0.6842105263157895,1.0,35.1578947368421
5,BFGS_pert_results_f4_100_2,Err_in,0.025717101986028394,0.15789473684210525,0.0,51.36842105263158
