,dataset,criteria,avg_test_error,precision_at_k,ground_truth_hit,avg_size
0,BFGS_orig_results_f7_100_2,MSE_train_opt,0.008447510005383355,0.2,0.0,32.34285714285714
1,BFGS_orig_results_f7_100_2,AIC,0.008410456554710583,0.2857142857142857,1.0,24.257142857142856
2,BFGS_orig_results_f7_100_2,BIC,0.008410456554710583,0.2857142857142857,1.0,24.257142857142856
3,BFGS_orig_results_f7_100_2,AICc,0.008410456554710583,0.2857142857142857,1.0,24.257142857142856
4,BFGS_orig_results_f7_100_2,MDL,0.008410451171073797,0.2857142857142857,1.0,23.771428571428572
5,BFGS_orig_results_f7_100_2,Err_in,0.008081283740104559,0.4,0.0,31.257142857142856
