,dataset,criteria,avg_test_error,precision_at_k,ground_truth_hit,avg_size
0,BFGS_orig_results_f3_100_1,MSE_train_opt,7.674832771466577e-07,0.7368421052631579,0.0,47.28947368421053
1,BFGS_orig_results_f3_100_1,AIC,6.312762852759463e-07,0.7763157894736842,1.0,35.53947368421053
2,BFGS_orig_results_f3_100_1,BIC,6.312762852759463e-07,0.7763157894736842,1.0,35.53947368421053
3,BFGS_orig_results_f3_100_1,AICc,6.312762852759463e-07,0.7763157894736842,1.0,35.53947368421053
4,BFGS_orig_results_f3_100_1,MDL,6.326895178458907e-07,0.7763157894736842,1.0,35.56578947368421
5,BFGS_orig_results_f3_100_1,Err_in,7.65693485311104e-07,0.7368421052631579,0.0,47.171052631578945
