,dataset,criteria,avg_test_error,precision_at_k,ground_truth_hit,avg_size
0,BFGS_orig_results_f5_100_3,MSE_train_opt,0.00011227955602913532,0.0,0.0,59.285714285714285
1,BFGS_orig_results_f5_100_3,AIC,3.973874936880974e-05,0.07142857142857142,1.0,30.928571428571427
2,BFGS_orig_results_f5_100_3,BIC,2.9771300846845557e-05,0.07142857142857142,1.0,30.285714285714285
3,BFGS_orig_results_f5_100_3,AICc,3.973874936880974e-05,0.07142857142857142,1.0,30.928571428571427
4,BFGS_orig_results_f5_100_3,MDL,9.170049925084876e-06,0.21428571428571427,1.0,28.285714285714285
5,BFGS_orig_results_f5_100_3,Err_in,0.00011227955602913532,0.0,0.0,59.285714285714285
