,dataset,criteria,avg_test_error,precision_at_k,ground_truth_hit,avg_size
0,BFGS_orig_results_f5_100_3,MSE_train_opt,6.529285615378293e-05,0.43333333333333335,0.0,48.71666666666667
1,BFGS_orig_results_f5_100_3,AIC,3.184386002912407e-05,0.6666666666666666,1.0,35.333333333333336
2,BFGS_orig_results_f5_100_3,BIC,3.243714659071407e-05,0.6666666666666666,1.0,34.96666666666667
3,BFGS_orig_results_f5_100_3,AICc,3.243714659071407e-05,0.6666666666666666,1.0,34.96666666666667
4,BFGS_orig_results_f5_100_3,MDL,2.4464549369547756e-05,0.7166666666666667,1.0,34.18333333333333
5,BFGS_orig_results_f5_100_3,Err_in,6.529285615378293e-05,0.43333333333333335,0.0,48.71666666666667
