,dataset,criteria,avg_test_error,precision_at_k,ground_truth_hit,avg_size
0,BFGS_cluster_results_f4_100_2,MSE_train_opt,0.0018043860639546736,0.0,0.0,73.47368421052632
1,BFGS_cluster_results_f4_100_2,AIC,0.0010246001263283736,0.21052631578947367,1.0,33.473684210526315
2,BFGS_cluster_results_f4_100_2,BIC,0.0005884761572524526,0.3157894736842105,1.0,28.63157894736842
3,BFGS_cluster_results_f4_100_2,AICc,0.0009416208208937159,0.2631578947368421,1.0,32.0
4,BFGS_cluster_results_f4_100_2,MDL,0.0005426400956918422,0.3157894736842105,1.0,28.42105263157895
5,BFGS_cluster_results_f4_100_2,Err_in,0.0009343045051216893,0.21052631578947367,0.0,48.10526315789474
