,dataset,criteria,avg_test_error,precision_at_k,ground_truth_hit,avg_size
0,BFGS_orig_results_f1_100_10,MSE_train_opt,0.013667572654914134,0.5087719298245614,1.0,37.26315789473684
1,BFGS_orig_results_f1_100_10,AIC,0.012383829765108122,0.6140350877192983,1.0,31.719298245614034
2,BFGS_orig_results_f1_100_10,BIC,0.012383829765108122,0.6140350877192983,1.0,31.719298245614034
3,BFGS_orig_results_f1_100_10,AICc,0.012383829765108122,0.6140350877192983,1.0,31.719298245614034
4,BFGS_orig_results_f1_100_10,MDL,0.011581969223972538,0.7017543859649122,1.0,30.94736842105263
5,BFGS_orig_results_f1_100_10,Err_in,0.011027358652990168,0.8421052631578947,1.0,34.666666666666664
