,dataset,criteria,avg_test_error,precision_at_k,ground_truth_hit,avg_size
0,BFGS_cluster_results_f5_100_3,MSE_train_opt,0.011990799012332798,0.6896551724137931,1.0,50.172413793103445
1,BFGS_cluster_results_f5_100_3,AIC,0.006217644509920562,0.7586206896551724,1.0,37.37931034482759
2,BFGS_cluster_results_f5_100_3,BIC,0.006289719675908775,0.7586206896551724,1.0,35.06896551724138
3,BFGS_cluster_results_f5_100_3,AICc,0.006207205985769595,0.7586206896551724,1.0,36.37931034482759
4,BFGS_cluster_results_f5_100_3,MDL,0.006319459942714187,0.7586206896551724,1.0,33.48275862068966
5,BFGS_cluster_results_f5_100_3,Err_in,0.008171729503660184,0.6551724137931034,1.0,36.172413793103445
