,dataset,criteria,avg_test_error,precision_at_k,ground_truth_hit,avg_size
0,BFGS_orig_results_f7_100_2,MSE_train_opt,0.008385859864599136,0.9318181818181818,1.0,30.227272727272727
1,BFGS_orig_results_f7_100_2,AIC,0.008367972549950501,0.9318181818181818,1.0,28.602272727272727
2,BFGS_orig_results_f7_100_2,BIC,0.008277615729643435,0.9318181818181818,1.0,28.443181818181817
3,BFGS_orig_results_f7_100_2,AICc,0.008277615729643433,0.9318181818181818,1.0,28.443181818181817
4,BFGS_orig_results_f7_100_2,MDL,0.008406239349239128,0.9318181818181818,1.0,28.454545454545453
5,BFGS_orig_results_f7_100_2,Err_in,0.008269986762055582,0.9545454545454546,1.0,29.727272727272727
