,dataset,criteria,avg_test_error,precision_at_k,ground_truth_hit,avg_size
0,BFGS_orig_results_f3_100_1,MSE_train_opt,2.7669398348475158e-06,0.0,0.0,51.166666666666664
1,BFGS_orig_results_f3_100_1,AIC,4.790895266831784e-07,0.1111111111111111,1.0,25.5
2,BFGS_orig_results_f3_100_1,BIC,4.790895266831784e-07,0.1111111111111111,1.0,25.5
3,BFGS_orig_results_f3_100_1,AICc,4.790895266831784e-07,0.1111111111111111,1.0,25.5
4,BFGS_orig_results_f3_100_1,MDL,3.6203160975044507e-07,0.2222222222222222,1.0,24.333333333333332
5,BFGS_orig_results_f3_100_1,Err_in,2.7866249071833292e-06,0.0,0.0,50.611111111111114
