,dataset,criteria,avg_test_error,precision_at_k,ground_truth_hit,avg_size
0,BFGS_orig_results_f6_100_2,MSE_train_opt,0.000516629383617975,0.6410256410256411,0.0,54.30769230769231
1,BFGS_orig_results_f6_100_2,AIC,0.0006763972337838382,0.3333333333333333,1.0,31.333333333333332
2,BFGS_orig_results_f6_100_2,BIC,0.0006600643280990587,0.3333333333333333,1.0,31.17948717948718
3,BFGS_orig_results_f6_100_2,AICc,0.0006600643280990587,0.3333333333333333,1.0,31.17948717948718
4,BFGS_orig_results_f6_100_2,MDL,0.0006361180148589547,0.358974358974359,1.0,31.0
5,BFGS_orig_results_f6_100_2,Err_in,0.000516629383617975,0.6410256410256411,0.0,54.30769230769231
