,dataset,criteria,avg_test_error,precision_at_k,ground_truth_hit,avg_size
0,BFGS_pert_results_f4_100_2,MSE_train_opt,0.011578626063483647,0.8181818181818182,0.0,44.57575757575758
1,BFGS_pert_results_f4_100_2,AIC,0.011294687891956942,0.8484848484848485,0.0,44.15151515151515
2,BFGS_pert_results_f4_100_2,BIC,0.01129468789195694,0.8484848484848485,0.0,44.15151515151515
3,BFGS_pert_results_f4_100_2,AICc,0.011294687891956942,0.8484848484848485,0.0,44.15151515151515
4,BFGS_pert_results_f4_100_2,MDL,0.012961558018081708,0.6363636363636364,1.0,34.57575757575758
5,BFGS_pert_results_f4_100_2,Err_in,0.021766786524520552,0.48484848484848486,0.0,50.78787878787879
