,dataset,criteria,avg_test_error,precision_at_k,ground_truth_hit,avg_size
0,BFGS_orig_results_f7_100_2,MSE_train_opt,0.008416804457378491,0.52,1.0,31.1
1,BFGS_orig_results_f7_100_2,AIC,0.008452032547339325,0.56,1.0,24.94
2,BFGS_orig_results_f7_100_2,BIC,0.008452032547339325,0.56,1.0,24.94
3,BFGS_orig_results_f7_100_2,AICc,0.008452032547339325,0.56,1.0,24.94
4,BFGS_orig_results_f7_100_2,MDL,0.00839086975748931,0.58,1.0,24.44
5,BFGS_orig_results_f7_100_2,Err_in,0.008160451144199884,0.58,1.0,30.5
