,dataset,criteria,avg_test_error,precision_at_k,ground_truth_hit,avg_size
0,BFGS_orig_results_f1_100_10,MSE_train_opt,0.012857567949115141,0.7763157894736842,1.0,35.75
1,BFGS_orig_results_f1_100_10,AIC,0.012854628173279467,0.7763157894736842,1.0,32.76315789473684
2,BFGS_orig_results_f1_100_10,BIC,0.012600382282393746,0.7894736842105263,1.0,32.51315789473684
3,BFGS_orig_results_f1_100_10,AICc,0.012854628173279467,0.7763157894736842,1.0,32.76315789473684
4,BFGS_orig_results_f1_100_10,MDL,0.01162722669590894,0.868421052631579,1.0,31.86842105263158
5,BFGS_orig_results_f1_100_10,Err_in,0.011356172537719571,0.8947368421052632,1.0,34.86842105263158
