,dataset,criteria,avg_test_error,precision_at_k,ground_truth_hit,avg_size
0,BFGS_cluster_results_f3_100_1,MSE_train_opt,7.892906324134219e-05,0.4262295081967213,0.0,51.0
1,BFGS_cluster_results_f3_100_1,AIC,2.5034083543198463e-05,0.8524590163934426,1.0,30.098360655737704
2,BFGS_cluster_results_f3_100_1,BIC,1.912537398156728e-05,0.8852459016393442,1.0,29.60655737704918
3,BFGS_cluster_results_f3_100_1,AICc,2.446590033366719e-05,0.8688524590163934,1.0,30.0
4,BFGS_cluster_results_f3_100_1,MDL,1.5151937425066148e-05,0.9344262295081968,1.0,29.78688524590164
5,BFGS_cluster_results_f3_100_1,Err_in,1.966593906479676e-05,0.8524590163934426,1.0,32.459016393442624
