,dataset,criteria,avg_test_error,precision_at_k,ground_truth_hit,avg_size
0,BFGS_pert_results_f1_100_10,MSE_train_opt,0.020383694340231143,0.0,0.0,39.333333333333336
1,BFGS_pert_results_f1_100_10,AIC,0.015056228097789432,0.2,1.0,31.8
2,BFGS_pert_results_f1_100_10,BIC,0.014130134041111757,0.2,1.0,30.933333333333334
3,BFGS_pert_results_f1_100_10,AICc,0.01481142420248207,0.2,1.0,31.066666666666666
4,BFGS_pert_results_f1_100_10,MDL,0.010429378253476666,0.26666666666666666,1.0,29.6
5,BFGS_pert_results_f1_100_10,Err_in,0.010377013517833154,0.4666666666666667,0.0,36.733333333333334
