,dataset,criteria,avg_test_error,precision_at_k,ground_truth_hit,avg_size
0,BFGS_cluster_results_f4_100_2,MSE_train_opt,0.001986621697697043,0.0,0.0,62.42857142857143
1,BFGS_cluster_results_f4_100_2,AIC,0.0014810894336941716,0.0,1.0,35.57142857142857
2,BFGS_cluster_results_f4_100_2,BIC,0.0006748937901767287,0.14285714285714285,1.0,28.0
3,BFGS_cluster_results_f4_100_2,AICc,0.0013875417548738858,0.0,1.0,34.0
4,BFGS_cluster_results_f4_100_2,MDL,0.0005944169613473858,0.14285714285714285,1.0,27.428571428571427
5,BFGS_cluster_results_f4_100_2,Err_in,0.0010552387188694713,0.14285714285714285,0.0,56.714285714285715
