,dataset,criteria,avg_test_error,precision_at_k,ground_truth_hit,avg_size
0,BFGS_cluster_results_f7_100_2,MSE_train_opt,0.009279662542910544,0.4583333333333333,0.0,30.895833333333332
1,BFGS_cluster_results_f7_100_2,AIC,0.008768112007604701,0.5,1.0,23.958333333333332
2,BFGS_cluster_results_f7_100_2,BIC,0.008731175284683259,0.5208333333333334,1.0,23.916666666666668
3,BFGS_cluster_results_f7_100_2,AICc,0.008731175284683257,0.5208333333333334,1.0,23.916666666666668
4,BFGS_cluster_results_f7_100_2,MDL,0.008704813068504715,0.625,1.0,23.6875
5,BFGS_cluster_results_f7_100_2,Err_in,0.008583448474827613,0.5208333333333334,0.0,28.395833333333332
