,dataset,criteria,avg_test_error,precision_at_k,ground_truth_hit,avg_size
0,BFGS_cluster_results_f3_100_1,MSE_train_opt,7.363168028551087e-05,0.5454545454545454,0.0,49.54545454545455
1,BFGS_cluster_results_f3_100_1,AIC,2.6704691901518773e-05,0.8484848484848485,1.0,31.424242424242426
2,BFGS_cluster_results_f3_100_1,BIC,2.4410360574027862e-05,0.8636363636363636,1.0,31.060606060606062
3,BFGS_cluster_results_f3_100_1,AICc,2.4410360574027865e-05,0.8636363636363636,1.0,31.060606060606062
4,BFGS_cluster_results_f3_100_1,MDL,3.091910452212816e-05,0.8939393939393939,1.0,30.893939393939394
5,BFGS_cluster_results_f3_100_1,Err_in,2.151142458991358e-05,0.8636363636363636,1.0,34.28787878787879
