,dataset,criteria,avg_test_error,precision_at_k,ground_truth_hit,avg_size
0,BFGS_orig_results_f3_100_1,MSE_train_opt,6.5550624300478375e-06,0.0,0.0,42.0
1,BFGS_orig_results_f3_100_1,AIC,1.2691740063138602e-06,0.6666666666666666,1.0,23.0
2,BFGS_orig_results_f3_100_1,BIC,1.2691740063138602e-06,0.6666666666666666,1.0,23.0
3,BFGS_orig_results_f3_100_1,AICc,1.2691740063138602e-06,0.6666666666666666,1.0,23.0
4,BFGS_orig_results_f3_100_1,MDL,3.051152639302614e-08,0.3333333333333333,1.0,22.333333333333332
5,BFGS_orig_results_f3_100_1,Err_in,6.5550624300478375e-06,0.0,0.0,42.0
