,dataset,criteria,avg_test_error,precision_at_k,ground_truth_hit,avg_size
0,BFGS_orig_results_f3_100_1,MSE_train_opt,3.981729363484063e-06,0.0,0.0,51.72727272727273
1,BFGS_orig_results_f3_100_1,AIC,5.208408706676511e-07,0.18181818181818182,1.0,24.0
2,BFGS_orig_results_f3_100_1,BIC,5.208408706676511e-07,0.18181818181818182,1.0,24.0
3,BFGS_orig_results_f3_100_1,AICc,5.208408706676511e-07,0.18181818181818182,1.0,24.0
4,BFGS_orig_results_f3_100_1,MDL,4.4342773601885986e-07,0.09090909090909091,1.0,23.818181818181817
5,BFGS_orig_results_f3_100_1,Err_in,3.981729363484063e-06,0.0,0.0,51.72727272727273
