,dataset,criteria,avg_test_error,precision_at_k,ground_truth_hit,avg_size
0,BFGS_pert_results_f4_100_2,MSE_train_opt,0.005412742146831629,0.0,0.0,38.666666666666664
1,BFGS_pert_results_f4_100_2,AIC,0.0002270734657309335,0.3333333333333333,0.0,31.333333333333332
2,BFGS_pert_results_f4_100_2,BIC,0.00024131466144273353,0.3333333333333333,0.0,31.666666666666668
3,BFGS_pert_results_f4_100_2,AICc,0.0002270734657309335,0.3333333333333333,0.0,31.333333333333332
4,BFGS_pert_results_f4_100_2,MDL,2.4655319600683396e-07,0.6666666666666666,0.0,29.666666666666668
5,BFGS_pert_results_f4_100_2,Err_in,0.03737191101310156,0.0,0.0,58.333333333333336
