,dataset,criteria,avg_test_error,precision_at_k,ground_truth_hit,avg_size
0,BFGS_orig_results_f1_100_10,MSE_train_opt,0.014722460647114015,0.3023255813953488,1.0,38.23255813953488
1,BFGS_orig_results_f1_100_10,AIC,0.012948310837852464,0.4186046511627907,1.0,32.02325581395349
2,BFGS_orig_results_f1_100_10,BIC,0.0126058564190281,0.4186046511627907,1.0,31.930232558139537
3,BFGS_orig_results_f1_100_10,AICc,0.012948310837852464,0.4186046511627907,1.0,32.02325581395349
4,BFGS_orig_results_f1_100_10,MDL,0.01111903825720974,0.5348837209302325,1.0,30.488372093023255
5,BFGS_orig_results_f1_100_10,Err_in,0.011222642708992835,0.627906976744186,1.0,36.06976744186046
