,dataset,criteria,avg_test_error,precision_at_k,ground_truth_hit,avg_size
0,BFGS_pert_results_f3_100_1,MSE_train_opt,0.0004608262565205468,0.9642857142857143,0.0,46.464285714285715
1,BFGS_pert_results_f3_100_1,AIC,0.00046082625652054684,0.9642857142857143,0.0,46.464285714285715
2,BFGS_pert_results_f3_100_1,BIC,0.0004400899476055469,0.9642857142857143,0.0,44.464285714285715
3,BFGS_pert_results_f3_100_1,AICc,0.00046082625652054684,0.9642857142857143,0.0,46.464285714285715
4,BFGS_pert_results_f3_100_1,MDL,0.0012816853007365206,0.5714285714285714,1.0,28.071428571428573
5,BFGS_pert_results_f3_100_1,Err_in,0.001830524993702478,0.42857142857142855,1.0,45.357142857142854
