,dataset,criteria,avg_test_error,precision_at_k,ground_truth_hit,avg_size
0,BFGS_pert_results_f5_100_3,MSE_train_opt,0.025662800707455653,0.5882352941176471,0.0,50.0
1,BFGS_pert_results_f5_100_3,AIC,0.02566274042241656,0.5882352941176471,1.0,45.705882352941174
2,BFGS_pert_results_f5_100_3,BIC,0.02566274042241656,0.5882352941176471,1.0,45.705882352941174
3,BFGS_pert_results_f5_100_3,AICc,0.02566274042241656,0.5882352941176471,1.0,45.705882352941174
4,BFGS_pert_results_f5_100_3,MDL,0.023681306968133895,0.5882352941176471,1.0,40.294117647058826
5,BFGS_pert_results_f5_100_3,Err_in,8.3811916760475,0.058823529411764705,0.0,58.0
