,dataset,criteria,avg_test_error,precision_at_k,ground_truth_hit,avg_size
0,BFGS_orig_results_f3_100_1,MSE_train_opt,8.837669737097267e-07,0.5454545454545454,0.0,46.24242424242424
1,BFGS_orig_results_f3_100_1,AIC,5.080815822803849e-07,0.6666666666666666,1.0,32.621212121212125
2,BFGS_orig_results_f3_100_1,BIC,5.080815822803849e-07,0.6666666666666666,1.0,32.621212121212125
3,BFGS_orig_results_f3_100_1,AICc,5.080815822803849e-07,0.6666666666666666,1.0,32.621212121212125
4,BFGS_orig_results_f3_100_1,MDL,4.937301988854606e-07,0.6818181818181818,1.0,32.621212121212125
5,BFGS_orig_results_f3_100_1,Err_in,8.817060147136449e-07,0.5454545454545454,0.0,46.56060606060606
