,dataset,criteria,avg_test_error,precision_at_k,ground_truth_hit,avg_size
0,BFGS_cluster_results_f2_100_2,MSE_train_opt,0.00012980327109019682,0.0,0.0,71.54166666666667
1,BFGS_cluster_results_f2_100_2,AIC,1.9631316253938177e-05,0.4166666666666667,1.0,25.5
2,BFGS_cluster_results_f2_100_2,BIC,1.5189141953180003e-05,0.4166666666666667,1.0,24.166666666666668
3,BFGS_cluster_results_f2_100_2,AICc,1.913520300796458e-05,0.4166666666666667,1.0,25.25
4,BFGS_cluster_results_f2_100_2,MDL,1.512000242869313e-05,0.4166666666666667,1.0,23.958333333333332
5,BFGS_cluster_results_f2_100_2,Err_in,1.51622830714705e-05,0.4583333333333333,0.0,27.416666666666668
