,dataset,criteria,avg_test_error,precision_at_k,ground_truth_hit,avg_size
0,BFGS_pert_results_f1_100_10,MSE_train_opt,0.014779085092290721,0.2682926829268293,1.0,37.170731707317074
1,BFGS_pert_results_f1_100_10,AIC,0.01271211886418234,0.43902439024390244,1.0,32.0
2,BFGS_pert_results_f1_100_10,BIC,0.01271211886418234,0.43902439024390244,1.0,32.0
3,BFGS_pert_results_f1_100_10,AICc,0.01271211886418234,0.43902439024390244,1.0,32.0
4,BFGS_pert_results_f1_100_10,MDL,0.010959629745821828,0.5609756097560976,1.0,30.24390243902439
5,BFGS_pert_results_f1_100_10,Err_in,0.011207617821952752,0.4878048780487805,0.0,36.09756097560975
