,dataset,criteria,avg_test_error,precision_at_k,ground_truth_hit,avg_size
0,BFGS_cluster_results_f6_100_2,MSE_train_opt,0.28613459600605295,0.7142857142857143,1.0,54.36734693877551
1,BFGS_cluster_results_f6_100_2,AIC,0.2796975509693082,0.7346938775510204,1.0,46.95918367346939
2,BFGS_cluster_results_f6_100_2,BIC,0.27203817335431335,0.7551020408163265,1.0,46.0
3,BFGS_cluster_results_f6_100_2,AICc,0.2796975509693082,0.7346938775510204,1.0,46.95918367346939
4,BFGS_cluster_results_f6_100_2,MDL,0.28574301270821717,0.7346938775510204,1.0,40.57142857142857
5,BFGS_cluster_results_f6_100_2,Err_in,0.31520003653687634,0.6326530612244898,1.0,48.69387755102041
