,dataset,criteria,avg_test_error,precision_at_k,ground_truth_hit,avg_size
0,BFGS_orig_results_f7_100_2,MSE_train_opt,0.008414048832840429,0.5769230769230769,1.0,30.96153846153846
1,BFGS_orig_results_f7_100_2,AIC,0.008447921597286544,0.5961538461538461,1.0,24.96153846153846
2,BFGS_orig_results_f7_100_2,BIC,0.008447921597286544,0.5961538461538461,1.0,24.96153846153846
3,BFGS_orig_results_f7_100_2,AICc,0.008447921597286544,0.5961538461538461,1.0,24.96153846153846
4,BFGS_orig_results_f7_100_2,MDL,0.00838901023723837,0.6153846153846154,1.0,24.51923076923077
5,BFGS_orig_results_f7_100_2,Err_in,0.00816755656230975,0.5961538461538461,1.0,30.865384615384617
