,dataset,criteria,avg_test_error,precision_at_k,ground_truth_hit,avg_size
0,BFGS_orig_results_f7_100_2,MSE_train_opt,0.008468686054289217,0.10344827586206896,0.0,33.241379310344826
1,BFGS_orig_results_f7_100_2,AIC,0.008423966999759527,0.10344827586206896,1.0,24.137931034482758
2,BFGS_orig_results_f7_100_2,BIC,0.008423966999759527,0.10344827586206896,1.0,24.137931034482758
3,BFGS_orig_results_f7_100_2,AICc,0.008423966999759527,0.10344827586206896,1.0,24.137931034482758
4,BFGS_orig_results_f7_100_2,MDL,0.008423963052598111,0.13793103448275862,1.0,23.448275862068964
5,BFGS_orig_results_f7_100_2,Err_in,0.008307297253496318,0.3103448275862069,0.0,31.137931034482758
