,dataset,criteria,avg_test_error,precision_at_k,ground_truth_hit,avg_size
0,BFGS_cluster_results_f3_100_1,MSE_train_opt,0.00014215974727752525,0.0,0.0,66.53571428571429
1,BFGS_cluster_results_f3_100_1,AIC,1.6826679352356787e-05,0.39285714285714285,1.0,26.142857142857142
2,BFGS_cluster_results_f3_100_1,BIC,1.3980740289376202e-05,0.42857142857142855,1.0,25.5
3,BFGS_cluster_results_f3_100_1,AICc,1.3980740289376202e-05,0.42857142857142855,1.0,25.5
4,BFGS_cluster_results_f3_100_1,MDL,1.3374714875060198e-05,0.39285714285714285,1.0,24.785714285714285
5,BFGS_cluster_results_f3_100_1,Err_in,1.335105613089876e-05,0.5,0.0,30.0
