,dataset,criteria,avg_test_error,precision_at_k,ground_truth_hit,avg_size
0,BFGS_pert_results_f4_100_2,MSE_train_opt,0.009001712057372695,0.8571428571428571,0.0,44.67857142857143
1,BFGS_pert_results_f4_100_2,AIC,0.009001712057372695,0.8571428571428571,0.0,44.67857142857143
2,BFGS_pert_results_f4_100_2,BIC,0.00910394526391762,0.8571428571428571,0.0,43.464285714285715
3,BFGS_pert_results_f4_100_2,AICc,0.009103945263917617,0.8571428571428571,0.0,43.464285714285715
4,BFGS_pert_results_f4_100_2,MDL,0.011831834337479525,0.6428571428571429,1.0,34.214285714285715
5,BFGS_pert_results_f4_100_2,Err_in,0.022637437359720274,0.39285714285714285,0.0,51.42857142857143
