,dataset,criteria,avg_test_error,precision_at_k,ground_truth_hit,avg_size
0,BFGS_orig_results_f6_100_2,MSE_train_opt,0.0006383956224364873,0.2222222222222222,0.0,56.94444444444444
1,BFGS_orig_results_f6_100_2,AIC,0.0006900017175175727,0.2222222222222222,1.0,29.5
2,BFGS_orig_results_f6_100_2,BIC,0.0006900017175175727,0.2222222222222222,1.0,29.5
3,BFGS_orig_results_f6_100_2,AICc,0.0006900017175175727,0.2222222222222222,1.0,29.5
4,BFGS_orig_results_f6_100_2,MDL,0.0006187100252202159,0.16666666666666666,1.0,28.944444444444443
5,BFGS_orig_results_f6_100_2,Err_in,0.0006383956224364873,0.2222222222222222,0.0,56.94444444444444
