,dataset,criteria,avg_test_error,precision_at_k,ground_truth_hit,avg_size
0,BFGS_cluster_results_f5_100_3,MSE_train_opt,0.0781415062379645,0.9111111111111111,1.0,47.17777777777778
1,BFGS_cluster_results_f5_100_3,AIC,0.008623358671381507,0.9333333333333333,1.0,44.422222222222224
2,BFGS_cluster_results_f5_100_3,BIC,0.008623358671381507,0.9333333333333333,1.0,44.422222222222224
3,BFGS_cluster_results_f5_100_3,AICc,0.008623358671381507,0.9333333333333333,1.0,44.422222222222224
4,BFGS_cluster_results_f5_100_3,MDL,0.005866715679027202,0.9333333333333333,1.0,40.46666666666667
5,BFGS_cluster_results_f5_100_3,Err_in,0.011459673626745883,0.8222222222222222,1.0,39.044444444444444
