,dataset,criteria,avg_test_error,precision_at_k,ground_truth_hit,avg_size
0,BFGS_orig_results_f4_100_2,MSE_train_opt,0.004943861716538411,0.02564102564102564,0.0,46.07692307692308
1,BFGS_orig_results_f4_100_2,AIC,0.0005130148345631658,0.3333333333333333,1.0,34.02564102564103
2,BFGS_orig_results_f4_100_2,BIC,0.00021474153922286838,0.3333333333333333,1.0,33.69230769230769
3,BFGS_orig_results_f4_100_2,AICc,0.0005130148345631658,0.3333333333333333,1.0,34.02564102564103
4,BFGS_orig_results_f4_100_2,MDL,0.004637877438298833,0.38461538461538464,1.0,33.23076923076923
5,BFGS_orig_results_f4_100_2,Err_in,0.004943861716538411,0.02564102564102564,0.0,46.07692307692308
