,dataset,criteria,avg_test_error,precision_at_k,ground_truth_hit,avg_size
0,BFGS_orig_results_f1_100_10,MSE_train_opt,0.014048750934684566,0.43137254901960786,1.0,38.0
1,BFGS_orig_results_f1_100_10,AIC,0.012552898766915234,0.5490196078431373,1.0,31.58823529411765
2,BFGS_orig_results_f1_100_10,BIC,0.012264158333967662,0.5686274509803921,1.0,31.568627450980394
3,BFGS_orig_results_f1_100_10,AICc,0.012552898766915234,0.5490196078431373,1.0,31.58823529411765
4,BFGS_orig_results_f1_100_10,MDL,0.011717789351932456,0.5882352941176471,1.0,30.80392156862745
5,BFGS_orig_results_f1_100_10,Err_in,0.011097923652361676,0.7647058823529411,1.0,35.1764705882353
