,dataset,criteria,avg_test_error,precision_at_k,ground_truth_hit,avg_size
0,BFGS_orig_results_f3_100_1,MSE_train_opt,5.3584248677051786e-06,0.0,0.0,50.666666666666664
1,BFGS_orig_results_f3_100_1,AIC,6.907390456444819e-07,0.3333333333333333,1.0,23.333333333333332
2,BFGS_orig_results_f3_100_1,BIC,6.907390456444819e-07,0.3333333333333333,1.0,23.333333333333332
3,BFGS_orig_results_f3_100_1,AICc,6.907390456444819e-07,0.3333333333333333,1.0,23.333333333333332
4,BFGS_orig_results_f3_100_1,MDL,1.677194828518246e-08,0.16666666666666666,1.0,23.666666666666668
5,BFGS_orig_results_f3_100_1,Err_in,5.3584248677051786e-06,0.0,0.0,50.666666666666664
