,dataset,criteria,avg_test_error,precision_at_k,ground_truth_hit,avg_size
0,BFGS_cluster_results_f3_100_1,MSE_train_opt,0.00011657741687929674,0.0,0.0,61.78378378378378
1,BFGS_cluster_results_f3_100_1,AIC,1.7532061009628377e-05,0.5135135135135135,1.0,26.7027027027027
2,BFGS_cluster_results_f3_100_1,BIC,1.3282862502256715e-05,0.5945945945945946,1.0,26.243243243243242
3,BFGS_cluster_results_f3_100_1,AICc,1.7532061009628377e-05,0.5135135135135135,1.0,26.7027027027027
4,BFGS_cluster_results_f3_100_1,MDL,1.3286799072260422e-05,0.5945945945945946,1.0,26.08108108108108
5,BFGS_cluster_results_f3_100_1,Err_in,1.2293566310186991e-05,0.8108108108108109,1.0,29.35135135135135
