,dataset,criteria,avg_test_error,precision_at_k,ground_truth_hit,avg_size
0,BFGS_orig_results_f3_100_1,MSE_train_opt,8.101212360463026e-07,0.6666666666666666,0.0,47.208333333333336
1,BFGS_orig_results_f3_100_1,AIC,6.189317893654686e-07,0.7222222222222222,1.0,34.22222222222222
2,BFGS_orig_results_f3_100_1,BIC,5.232038337025407e-07,0.7222222222222222,1.0,34.31944444444444
3,BFGS_orig_results_f3_100_1,AICc,5.232038337025407e-07,0.7222222222222222,1.0,34.31944444444444
4,BFGS_orig_results_f3_100_1,MDL,6.216320290886925e-07,0.7222222222222222,1.0,34.19444444444444
5,BFGS_orig_results_f3_100_1,Err_in,8.082320118631404e-07,0.6666666666666666,0.0,45.97222222222222
