,dataset,criteria,avg_test_error,precision_at_k,ground_truth_hit,avg_size
0,BFGS_pert_results_f4_100_2,MSE_train_opt,0.0015600960074995602,0.6363636363636364,0.0,37.36363636363637
1,BFGS_pert_results_f4_100_2,AIC,0.0015600944911709146,0.6363636363636364,0.0,34.0
2,BFGS_pert_results_f4_100_2,BIC,0.0015600944911709146,0.6363636363636364,0.0,34.0
3,BFGS_pert_results_f4_100_2,AICc,0.0015600944911709146,0.6363636363636364,0.0,34.0
4,BFGS_pert_results_f4_100_2,MDL,0.003941214923891034,0.5454545454545454,0.0,33.0
5,BFGS_pert_results_f4_100_2,Err_in,0.02657647696365495,0.09090909090909091,0.0,56.09090909090909
