,dataset,criteria,avg_test_error,precision_at_k,ground_truth_hit,avg_size
0,BFGS_cluster_results_f6_100_2,MSE_train_opt,0.5752479832899136,0.9894736842105263,1.0,51.305263157894736
1,BFGS_cluster_results_f6_100_2,AIC,0.5752479832899137,0.9894736842105263,1.0,51.305263157894736
2,BFGS_cluster_results_f6_100_2,BIC,0.5752479832899137,0.9894736842105263,1.0,51.305263157894736
3,BFGS_cluster_results_f6_100_2,AICc,0.5752479832899137,0.9894736842105263,1.0,51.305263157894736
4,BFGS_cluster_results_f6_100_2,MDL,0.602092649984283,0.9894736842105263,1.0,51.06315789473684
5,BFGS_cluster_results_f6_100_2,Err_in,0.59468128954136,0.9894736842105263,1.0,51.305263157894736
