,dataset,criteria,avg_test_error,precision_at_k,ground_truth_hit,avg_size
0,BFGS_pert_results_f5_100_3,MSE_train_opt,0.03332974857329979,0.43478260869565216,0.0,49.78260869565217
1,BFGS_pert_results_f5_100_3,AIC,0.03332970415335155,0.43478260869565216,1.0,41.30434782608695
2,BFGS_pert_results_f5_100_3,BIC,0.03332970415335155,0.43478260869565216,1.0,41.30434782608695
3,BFGS_pert_results_f5_100_3,AICc,0.03332970415335155,0.43478260869565216,1.0,41.30434782608695
4,BFGS_pert_results_f5_100_3,MDL,0.031865166390455994,0.43478260869565216,1.0,37.08695652173913
5,BFGS_pert_results_f5_100_3,Err_in,6.204379842431819,0.17391304347826086,0.0,58.52173913043478
