,dataset,criteria,avg_test_error,precision_at_k,ground_truth_hit,avg_size
0,BFGS_orig_results_f6_100_2,MSE_train_opt,0.0006149674805689386,0.2,0.0,57.5
1,BFGS_orig_results_f6_100_2,AIC,0.0006620864885774705,0.25,1.0,29.55
2,BFGS_orig_results_f6_100_2,BIC,0.0006620864885774705,0.25,1.0,29.55
3,BFGS_orig_results_f6_100_2,AICc,0.0006620864885774705,0.25,1.0,29.55
4,BFGS_orig_results_f6_100_2,MDL,0.0006101899754640793,0.2,1.0,29.1
5,BFGS_orig_results_f6_100_2,Err_in,0.0006149674805689386,0.2,0.0,57.5
