,dataset,criteria,avg_test_error,precision_at_k,ground_truth_hit,avg_size
0,BFGS_cluster_results_f3_100_1,MSE_train_opt,8.254589682445681e-05,0.3448275862068966,0.0,52.10344827586207
1,BFGS_cluster_results_f3_100_1,AIC,2.5263942389495784e-05,0.8103448275862069,1.0,29.775862068965516
2,BFGS_cluster_results_f3_100_1,BIC,1.953291350772811e-05,0.8275862068965517,1.0,28.982758620689655
3,BFGS_cluster_results_f3_100_1,AICc,2.5263942389495784e-05,0.8103448275862069,1.0,29.775862068965516
4,BFGS_cluster_results_f3_100_1,MDL,1.486842535528687e-05,0.896551724137931,1.0,29.137931034482758
5,BFGS_cluster_results_f3_100_1,Err_in,1.9312499256856953e-05,0.8275862068965517,1.0,31.810344827586206
