,dataset,criteria,avg_test_error,precision_at_k,ground_truth_hit,avg_size
0,BFGS_cluster_results_f5_100_3,MSE_train_opt,0.009351591607190046,0.42857142857142855,0.0,52.76190476190476
1,BFGS_cluster_results_f5_100_3,AIC,0.008096817204036648,0.5238095238095238,1.0,37.095238095238095
2,BFGS_cluster_results_f5_100_3,BIC,0.007539599428049086,0.6190476190476191,1.0,33.333333333333336
3,BFGS_cluster_results_f5_100_3,AICc,0.007667107049597095,0.5238095238095238,1.0,33.95238095238095
4,BFGS_cluster_results_f5_100_3,MDL,0.007829266174151975,0.47619047619047616,1.0,31.19047619047619
5,BFGS_cluster_results_f5_100_3,Err_in,0.00985361223512887,0.47619047619047616,1.0,35.38095238095238
