,dataset,criteria,avg_test_error,precision_at_k,ground_truth_hit,avg_size
0,BFGS_cluster_results_f7_100_2,MSE_train_opt,0.00889893834679629,0.8271604938271605,1.0,29.234567901234566
1,BFGS_cluster_results_f7_100_2,AIC,0.00871705802770087,0.8765432098765432,1.0,26.049382716049383
2,BFGS_cluster_results_f7_100_2,BIC,0.008629244858950143,0.8888888888888888,1.0,25.925925925925927
3,BFGS_cluster_results_f7_100_2,AICc,0.00871705802770087,0.8765432098765432,1.0,26.049382716049383
4,BFGS_cluster_results_f7_100_2,MDL,0.008638725519286622,0.8765432098765432,1.0,25.876543209876544
5,BFGS_cluster_results_f7_100_2,Err_in,0.00852970772309248,0.9259259259259259,1.0,27.59259259259259
