,dataset,criteria,avg_test_error,precision_at_k,ground_truth_hit,avg_size
0,BFGS_cluster_results_f6_100_2,MSE_train_opt,0.013864802828039301,0.0,0.0,74.0
1,BFGS_cluster_results_f6_100_2,AIC,0.0025179675452935667,0.6666666666666666,0.0,39.333333333333336
2,BFGS_cluster_results_f6_100_2,BIC,0.3235666830610838,0.6666666666666666,0.0,35.0
3,BFGS_cluster_results_f6_100_2,AICc,0.0025179675452935667,0.6666666666666666,0.0,39.333333333333336
4,BFGS_cluster_results_f6_100_2,MDL,0.3263076225943365,0.3333333333333333,0.0,31.333333333333332
5,BFGS_cluster_results_f6_100_2,Err_in,0.19888167511320395,0.0,0.0,79.66666666666667
