,dataset,criteria,avg_test_error,precision_at_k,ground_truth_hit,avg_size
0,BFGS_pert_results_f1_100_10,MSE_train_opt,0.01583400037523884,0.12121212121212122,1.0,38.42424242424242
1,BFGS_pert_results_f1_100_10,AIC,0.01326595222054426,0.30303030303030304,1.0,32.45454545454545
2,BFGS_pert_results_f1_100_10,BIC,0.013265952220544261,0.30303030303030304,1.0,32.45454545454545
3,BFGS_pert_results_f1_100_10,AICc,0.013265952220544257,0.30303030303030304,1.0,32.45454545454545
4,BFGS_pert_results_f1_100_10,MDL,0.011011057378289673,0.48484848484848486,1.0,30.060606060606062
5,BFGS_pert_results_f1_100_10,Err_in,0.01107713042853063,0.42424242424242425,0.0,37.303030303030305
