,dataset,criteria,avg_test_error,precision_at_k,ground_truth_hit,avg_size
0,BFGS_cluster_results_f7_100_2,MSE_train_opt,0.0162926461642038,0.0,0.0,38.333333333333336
1,BFGS_cluster_results_f7_100_2,AIC,0.012253215199460932,0.0,0.0,24.666666666666668
2,BFGS_cluster_results_f7_100_2,BIC,0.012253215199460932,0.0,0.0,24.666666666666668
3,BFGS_cluster_results_f7_100_2,AICc,0.012253215199460932,0.0,0.0,24.666666666666668
4,BFGS_cluster_results_f7_100_2,MDL,0.0083451579744331,0.0,0.0,22.333333333333332
5,BFGS_cluster_results_f7_100_2,Err_in,0.008672182424735733,0.0,0.0,26.666666666666668
