,dataset,criteria,avg_test_error,precision_at_k,ground_truth_hit,avg_size
0,BFGS_orig_results_f5_100_3,MSE_train_opt,5.7202415350888996e-05,0.6231884057971014,0.0,47.11594202898551
1,BFGS_orig_results_f5_100_3,AIC,4.050722885505279e-05,0.7391304347826086,1.0,36.84057971014493
2,BFGS_orig_results_f5_100_3,BIC,3.333776324449627e-05,0.7536231884057971,1.0,36.15942028985507
3,BFGS_orig_results_f5_100_3,AICc,3.6048887719502065e-05,0.7391304347826086,1.0,36.57971014492754
4,BFGS_orig_results_f5_100_3,MDL,3.281766803812744e-05,0.7681159420289855,1.0,35.84057971014493
5,BFGS_orig_results_f5_100_3,Err_in,5.7202415350888996e-05,0.6231884057971014,0.0,47.11594202898551
