,dataset,criteria,avg_test_error,precision_at_k,ground_truth_hit,avg_size
0,BFGS_cluster_results_f1_100_10,MSE_train_opt,0.05129678129091201,0.0,0.0,57.785714285714285
1,BFGS_cluster_results_f1_100_10,AIC,0.028599625551041365,0.14285714285714285,1.0,37.035714285714285
2,BFGS_cluster_results_f1_100_10,BIC,0.019542177686804784,0.2857142857142857,1.0,33.07142857142857
3,BFGS_cluster_results_f1_100_10,AICc,0.02730518283234243,0.14285714285714285,1.0,36.17857142857143
4,BFGS_cluster_results_f1_100_10,MDL,0.013451010634955435,0.6428571428571429,1.0,30.214285714285715
5,BFGS_cluster_results_f1_100_10,Err_in,0.013170314190552838,0.8571428571428571,1.0,31.464285714285715
