,dataset,criteria,avg_test_error,precision_at_k,ground_truth_hit,avg_size
0,BFGS_orig_results_f7_100_2,MSE_train_opt,0.009503462012689933,0.0,0.0,41.666666666666664
1,BFGS_orig_results_f7_100_2,AIC,0.0083451591744095,0.0,0.0,23.0
2,BFGS_orig_results_f7_100_2,BIC,0.0083451591744095,0.0,0.0,23.0
3,BFGS_orig_results_f7_100_2,AICc,0.0083451591744095,0.0,0.0,23.0
4,BFGS_orig_results_f7_100_2,MDL,0.00834515838296125,0.0,1.0,21.666666666666668
5,BFGS_orig_results_f7_100_2,Err_in,0.008161983684539267,0.16666666666666666,0.0,39.333333333333336
