,dataset,criteria,avg_test_error,precision_at_k,ground_truth_hit,avg_size
0,BFGS_pert_results_f6_100_2,MSE_train_opt,0.3586020946102339,0.967741935483871,0.0,49.70967741935484
1,BFGS_pert_results_f6_100_2,AIC,0.3586020946102339,0.967741935483871,0.0,49.70967741935484
2,BFGS_pert_results_f6_100_2,BIC,0.3589432405677492,0.9354838709677419,0.0,46.516129032258064
3,BFGS_pert_results_f6_100_2,AICc,0.35869971116107324,0.967741935483871,0.0,48.61290322580645
4,BFGS_pert_results_f6_100_2,MDL,0.36139117417734373,0.8387096774193549,0.0,43.87096774193548
5,BFGS_pert_results_f6_100_2,Err_in,0.8801930412275343,0.41935483870967744,1.0,49.064516129032256
