,dataset,criteria,avg_test_error,precision_at_k,ground_truth_hit,avg_size
0,BFGS_cluster_results_f5_100_3,MSE_train_opt,1.4048175595020003,0.927710843373494,1.0,47.397590361445786
1,BFGS_cluster_results_f5_100_3,AIC,1.4048175595020005,0.927710843373494,1.0,47.397590361445786
2,BFGS_cluster_results_f5_100_3,BIC,1.4048175595020005,0.927710843373494,1.0,47.397590361445786
3,BFGS_cluster_results_f5_100_3,AICc,1.4048175595020003,0.927710843373494,1.0,47.397590361445786
4,BFGS_cluster_results_f5_100_3,MDL,1.450302904908609,0.9156626506024096,1.0,46.55421686746988
5,BFGS_cluster_results_f5_100_3,Err_in,0.675314427658823,0.927710843373494,1.0,46.80722891566265
