,dataset,criteria,avg_test_error,precision_at_k,ground_truth_hit,avg_size
0,BFGS_cluster_results_f6_100_2,MSE_train_opt,0.008145166452315269,0.6666666666666666,0.0,58.5
1,BFGS_cluster_results_f6_100_2,AIC,0.007251621165113833,0.8333333333333334,0.0,50.666666666666664
2,BFGS_cluster_results_f6_100_2,BIC,0.1644384154978451,0.6666666666666666,0.0,39.166666666666664
3,BFGS_cluster_results_f6_100_2,AICc,0.16324275817584352,0.8333333333333334,0.0,43.5
4,BFGS_cluster_results_f6_100_2,MDL,0.6719719636397761,0.16666666666666666,1.0,29.5
5,BFGS_cluster_results_f6_100_2,Err_in,0.1806479524688345,0.16666666666666666,0.0,78.66666666666667
