,dataset,criteria,avg_test_error,precision_at_k,ground_truth_hit,avg_size
0,BFGS_orig_results_f2_100_2,MSE_train_opt,1.4592538621691299e-05,0.0,0.0,37.0
1,BFGS_orig_results_f2_100_2,AIC,3.837554746031829e-06,0.20833333333333334,1.0,24.416666666666668
2,BFGS_orig_results_f2_100_2,BIC,3.837554746031829e-06,0.20833333333333334,1.0,24.416666666666668
3,BFGS_orig_results_f2_100_2,AICc,3.837554746031829e-06,0.20833333333333334,1.0,24.416666666666668
4,BFGS_orig_results_f2_100_2,MDL,7.010314668488375e-06,0.25,1.0,24.291666666666668
5,BFGS_orig_results_f2_100_2,Err_in,1.4592538621691299e-05,0.0,0.0,37.0
