,dataset,criteria,avg_test_error,precision_at_k,ground_truth_hit,avg_size
0,BFGS_orig_results_f7_100_2,MSE_train_opt,0.00844466692166399,0.19444444444444445,0.0,32.111111111111114
1,BFGS_orig_results_f7_100_2,AIC,0.00840864211547823,0.3333333333333333,1.0,24.22222222222222
2,BFGS_orig_results_f7_100_2,BIC,0.00840864211547823,0.3333333333333333,1.0,24.22222222222222
3,BFGS_orig_results_f7_100_2,AICc,0.00840864211547823,0.3333333333333333,1.0,24.22222222222222
4,BFGS_orig_results_f7_100_2,MDL,0.008408632244306668,0.3333333333333333,1.0,23.77777777777778
5,BFGS_orig_results_f7_100_2,Err_in,0.008088613704662745,0.3888888888888889,0.0,31.083333333333332
