,dataset,criteria,avg_test_error,precision_at_k,ground_truth_hit,avg_size
0,BFGS_pert_results_f6_100_2,MSE_train_opt,0.49808629928640186,0.9767441860465116,1.0,48.97674418604651
1,BFGS_pert_results_f6_100_2,AIC,0.49808629928640186,0.9767441860465116,1.0,48.97674418604651
2,BFGS_pert_results_f6_100_2,BIC,0.49808629928640186,0.9767441860465116,1.0,48.97674418604651
3,BFGS_pert_results_f6_100_2,AICc,0.49808629928640186,0.9767441860465116,1.0,48.97674418604651
4,BFGS_pert_results_f6_100_2,MDL,0.49808629928640186,0.9767441860465116,1.0,48.97674418604651
5,BFGS_pert_results_f6_100_2,Err_in,0.9999997096657425,0.5348837209302325,1.0,47.30232558139535
