,dataset,criteria,avg_test_error,precision_at_k,ground_truth_hit,avg_size
0,BFGS_orig_results_f1_100_10,MSE_train_opt,0.021337843501420373,0.0,0.0,39.266666666666666
1,BFGS_orig_results_f1_100_10,AIC,0.015056218577763729,0.2,1.0,31.8
2,BFGS_orig_results_f1_100_10,BIC,0.014130128060687733,0.2,1.0,30.933333333333334
3,BFGS_orig_results_f1_100_10,AICc,0.014811416830731802,0.2,1.0,31.066666666666666
4,BFGS_orig_results_f1_100_10,MDL,0.010429379116704832,0.2,1.0,29.6
5,BFGS_orig_results_f1_100_10,Err_in,0.012682707962393935,0.3333333333333333,0.0,44.6
