,dataset,criteria,avg_test_error,precision_at_k,ground_truth_hit,avg_size
0,BFGS_orig_results_f7_100_2,MSE_train_opt,0.008415399642275993,0.5490196078431373,1.0,30.980392156862745
1,BFGS_orig_results_f7_100_2,AIC,0.00844993701878664,0.5686274509803921,1.0,24.941176470588236
2,BFGS_orig_results_f7_100_2,BIC,0.00844993701878664,0.5686274509803921,1.0,24.941176470588236
3,BFGS_orig_results_f7_100_2,AICc,0.00844993701878664,0.5686274509803921,1.0,24.941176470588236
4,BFGS_orig_results_f7_100_2,MDL,0.00838997429411178,0.5882352941176471,1.0,24.49019607843137
5,BFGS_orig_results_f7_100_2,Err_in,0.00816407426924998,0.5882352941176471,1.0,30.92156862745098
