,dataset,criteria,avg_test_error,precision_at_k,ground_truth_hit,avg_size
0,BFGS_cluster_results_f5_100_3,MSE_train_opt,0.010548498576675528,0.7647058823529411,1.0,47.11764705882353
1,BFGS_cluster_results_f5_100_3,AIC,0.006301282751656171,0.7941176470588235,1.0,38.470588235294116
2,BFGS_cluster_results_f5_100_3,BIC,0.005724453717626384,0.8235294117647058,1.0,37.529411764705884
3,BFGS_cluster_results_f5_100_3,AICc,0.006199518292989199,0.8235294117647058,1.0,38.38235294117647
4,BFGS_cluster_results_f5_100_3,MDL,0.00599836485484492,0.8235294117647058,1.0,35.0
5,BFGS_cluster_results_f5_100_3,Err_in,0.00830552311079552,0.7352941176470589,1.0,36.529411764705884
