,dataset,criteria,avg_test_error,precision_at_k,ground_truth_hit,avg_size
0,BFGS_pert_results_f1_100_10,MSE_train_opt,0.014144487351684379,0.4166666666666667,1.0,37.3125
1,BFGS_pert_results_f1_100_10,AIC,0.012378956191360896,0.5208333333333334,1.0,31.645833333333332
2,BFGS_pert_results_f1_100_10,BIC,0.012378956191360896,0.5208333333333334,1.0,31.645833333333332
3,BFGS_pert_results_f1_100_10,AICc,0.012378956191360896,0.5208333333333334,1.0,31.645833333333332
4,BFGS_pert_results_f1_100_10,MDL,0.011014105842639862,0.5625,1.0,30.666666666666668
5,BFGS_pert_results_f1_100_10,Err_in,0.011093859638140855,0.625,0.0,35.458333333333336
