,dataset,criteria,avg_test_error,precision_at_k,ground_truth_hit,avg_size
0,BFGS_cluster_results_f2_100_2,MSE_train_opt,0.00010703640765776487,0.0,0.0,61.484848484848484
1,BFGS_cluster_results_f2_100_2,AIC,2.2670829790058136e-05,0.48484848484848486,1.0,25.303030303030305
2,BFGS_cluster_results_f2_100_2,BIC,1.993236494666617e-05,0.48484848484848486,1.0,24.696969696969695
3,BFGS_cluster_results_f2_100_2,AICc,2.2670829790058136e-05,0.48484848484848486,1.0,25.303030303030305
4,BFGS_cluster_results_f2_100_2,MDL,1.5131758516307374e-05,0.5757575757575758,1.0,24.333333333333332
5,BFGS_cluster_results_f2_100_2,Err_in,1.5162542662244178e-05,0.6363636363636364,0.0,27.303030303030305
