,dataset,criteria,avg_test_error,precision_at_k,ground_truth_hit,avg_size
0,BFGS_orig_results_f5_100_3,MSE_train_opt,9.953095019062931e-05,0.0,0.0,54.516129032258064
1,BFGS_orig_results_f5_100_3,AIC,2.7811491907622923e-05,0.22580645161290322,1.0,31.451612903225808
2,BFGS_orig_results_f5_100_3,BIC,2.538123776174071e-05,0.25806451612903225,1.0,31.35483870967742
3,BFGS_orig_results_f5_100_3,AICc,2.781149190762292e-05,0.22580645161290322,1.0,31.451612903225808
4,BFGS_orig_results_f5_100_3,MDL,1.3559682243870458e-05,0.3870967741935484,1.0,30.096774193548388
5,BFGS_orig_results_f5_100_3,Err_in,9.953095019062931e-05,0.0,0.0,54.516129032258064
