,dataset,criteria,avg_test_error,precision_at_k,ground_truth_hit,avg_size
0,BFGS_cluster_results_f2_100_2,MSE_train_opt,6.013560227276847e-05,0.5882352941176471,0.0,45.794117647058826
1,BFGS_cluster_results_f2_100_2,AIC,2.9268219172279936e-05,0.8529411764705882,1.0,29.25
2,BFGS_cluster_results_f2_100_2,BIC,2.1618547148351514e-05,0.8970588235294118,1.0,28.323529411764707
3,BFGS_cluster_results_f2_100_2,AICc,2.2230028220030027e-05,0.8823529411764706,1.0,28.558823529411764
4,BFGS_cluster_results_f2_100_2,MDL,1.9789074723633e-05,0.9264705882352942,1.0,28.073529411764707
5,BFGS_cluster_results_f2_100_2,Err_in,2.0402616445469545e-05,0.8676470588235294,1.0,29.397058823529413
