,dataset,criteria,avg_test_error,precision_at_k,ground_truth_hit,avg_size
0,BFGS_orig_results_f6_100_2,MSE_train_opt,0.000509855199338808,0.65,0.0,54.2
1,BFGS_orig_results_f6_100_2,AIC,0.0006712128095269475,0.325,1.0,31.45
2,BFGS_orig_results_f6_100_2,BIC,0.0006678319598829573,0.325,1.0,31.25
3,BFGS_orig_results_f6_100_2,AICc,0.0006678319598829573,0.325,1.0,31.25
4,BFGS_orig_results_f6_100_2,MDL,0.0006276620549308035,0.375,1.0,31.1
5,BFGS_orig_results_f6_100_2,Err_in,0.000509855199338808,0.65,0.0,54.2
