,dataset,criteria,avg_test_error,precision_at_k,ground_truth_hit,avg_size
0,BFGS_cluster_results_f6_100_2,MSE_train_opt,0.3202928173736918,0.6511627906976745,1.0,53.674418604651166
1,BFGS_cluster_results_f6_100_2,AIC,0.31291254865431417,0.6744186046511628,1.0,48.372093023255815
2,BFGS_cluster_results_f6_100_2,BIC,0.30405390537246224,0.6976744186046512,1.0,45.76744186046512
3,BFGS_cluster_results_f6_100_2,AICc,0.30398082927805903,0.6976744186046512,1.0,46.72093023255814
4,BFGS_cluster_results_f6_100_2,MDL,0.3185460607185766,0.6744186046511628,1.0,38.48837209302326
5,BFGS_cluster_results_f6_100_2,Err_in,0.34263922799576696,0.5581395348837209,1.0,47.83720930232558
