,dataset,criteria,avg_test_error,precision_at_k,ground_truth_hit,avg_size
0,BFGS_orig_results_f6_100_2,MSE_train_opt,0.0005370317640479842,0.5333333333333333,0.0,55.3
1,BFGS_orig_results_f6_100_2,AIC,0.0006726120118101463,0.23333333333333334,1.0,30.433333333333334
2,BFGS_orig_results_f6_100_2,BIC,0.0006726120118101463,0.23333333333333334,1.0,30.433333333333334
3,BFGS_orig_results_f6_100_2,AICc,0.0006726120118101463,0.23333333333333334,1.0,30.433333333333334
4,BFGS_orig_results_f6_100_2,MDL,0.0006095186227655582,0.3,1.0,29.966666666666665
5,BFGS_orig_results_f6_100_2,Err_in,0.0005370317640479842,0.5333333333333333,0.0,55.3
