,dataset,criteria,avg_test_error,precision_at_k,ground_truth_hit,avg_size
0,BFGS_cluster_results_f4_100_2,MSE_train_opt,0.0013674477886480981,0.2641509433962264,0.0,58.528301886792455
1,BFGS_cluster_results_f4_100_2,AIC,0.0007952247880357151,0.6981132075471698,1.0,33.24528301886792
2,BFGS_cluster_results_f4_100_2,BIC,0.0007159935922911737,0.7735849056603774,1.0,32.54716981132076
3,BFGS_cluster_results_f4_100_2,AICc,0.0007905410167521584,0.7169811320754716,1.0,33.132075471698116
4,BFGS_cluster_results_f4_100_2,MDL,0.0006674128691363153,0.7924528301886793,1.0,32.132075471698116
5,BFGS_cluster_results_f4_100_2,Err_in,0.0007295586071538717,0.7735849056603774,1.0,40.943396226415096
