,dataset,criteria,avg_test_error,precision_at_k,ground_truth_hit,avg_size
0,BFGS_cluster_results_f5_100_3,MSE_train_opt,0.0163963692220139,0.09090909090909091,0.0,62.63636363636363
1,BFGS_cluster_results_f5_100_3,AIC,0.014131533383898394,0.18181818181818182,1.0,35.0
2,BFGS_cluster_results_f5_100_3,BIC,0.0017192948979190368,0.2727272727272727,1.0,32.0
3,BFGS_cluster_results_f5_100_3,AICc,0.013487373562430665,0.2727272727272727,1.0,32.45454545454545
4,BFGS_cluster_results_f5_100_3,MDL,0.0012542255971625818,0.18181818181818182,1.0,29.727272727272727
5,BFGS_cluster_results_f5_100_3,Err_in,0.016532774176661772,0.09090909090909091,1.0,38.18181818181818
