,dataset,criteria,avg_test_error,precision_at_k,ground_truth_hit,avg_size
0,BFGS_cluster_results_f2_100_2,MSE_train_opt,4.840227667128292e-05,0.9565217391304348,1.0,41.03260869565217
1,BFGS_cluster_results_f2_100_2,AIC,4.316710853289803e-05,0.967391304347826,1.0,37.68478260869565
2,BFGS_cluster_results_f2_100_2,BIC,4.316710853289802e-05,0.967391304347826,1.0,37.68478260869565
3,BFGS_cluster_results_f2_100_2,AICc,4.316710853289802e-05,0.967391304347826,1.0,37.68478260869565
4,BFGS_cluster_results_f2_100_2,MDL,3.890910384235566e-05,0.9782608695652174,1.0,37.83695652173913
5,BFGS_cluster_results_f2_100_2,Err_in,4.193767547674806e-05,0.967391304347826,1.0,38.33695652173913
