,dataset,criteria,avg_test_error,precision_at_k,ground_truth_hit,avg_size
0,BFGS_cluster_results_f7_100_2,MSE_train_opt,0.00970443767708163,0.30303030303030304,0.0,33.121212121212125
1,BFGS_cluster_results_f7_100_2,AIC,0.008871441442982558,0.36363636363636365,1.0,23.757575757575758
2,BFGS_cluster_results_f7_100_2,BIC,0.008871441442982558,0.36363636363636365,1.0,23.757575757575758
3,BFGS_cluster_results_f7_100_2,AICc,0.008871441442982558,0.36363636363636365,1.0,23.757575757575758
4,BFGS_cluster_results_f7_100_2,MDL,0.008513014906588071,0.3939393939393939,1.0,23.151515151515152
5,BFGS_cluster_results_f7_100_2,Err_in,0.008691761959488755,0.3333333333333333,0.0,29.545454545454547
