,dataset,criteria,avg_test_error,precision_at_k,ground_truth_hit,avg_size
0,BFGS_cluster_results_f2_100_2,MSE_train_opt,6.613193434108819e-05,0.4166666666666667,0.0,48.45
1,BFGS_cluster_results_f2_100_2,AIC,2.1744805893547076e-05,0.8333333333333334,1.0,27.583333333333332
2,BFGS_cluster_results_f2_100_2,BIC,2.1420234917490417e-05,0.8333333333333334,1.0,27.366666666666667
3,BFGS_cluster_results_f2_100_2,AICc,2.174480589354708e-05,0.8333333333333334,1.0,27.583333333333332
4,BFGS_cluster_results_f2_100_2,MDL,1.9118600423880695e-05,0.8666666666666667,1.0,26.866666666666667
5,BFGS_cluster_results_f2_100_2,Err_in,1.596492968882741e-05,0.95,1.0,28.066666666666666
