,dataset,criteria,avg_test_error,precision_at_k,ground_truth_hit,avg_size
0,BFGS_orig_results_f7_100_2,MSE_train_opt,0.008391680621704327,0.8831168831168831,1.0,30.83116883116883
1,BFGS_orig_results_f7_100_2,AIC,0.008416192646403878,0.8311688311688312,1.0,26.818181818181817
2,BFGS_orig_results_f7_100_2,BIC,0.008416192646403878,0.8311688311688312,1.0,26.818181818181817
3,BFGS_orig_results_f7_100_2,AICc,0.008416192646403878,0.8311688311688312,1.0,26.818181818181817
4,BFGS_orig_results_f7_100_2,MDL,0.008414629903988948,0.8311688311688312,1.0,26.636363636363637
5,BFGS_orig_results_f7_100_2,Err_in,0.008225368553199061,0.8441558441558441,1.0,29.844155844155843
