,dataset,criteria,avg_test_error,precision_at_k,ground_truth_hit,avg_size
0,BFGS_cluster_results_f6_100_2,MSE_train_opt,0.4066947309130227,0.5666666666666667,1.0,51.6
1,BFGS_cluster_results_f6_100_2,AIC,0.4145992129571959,0.5333333333333333,1.0,50.666666666666664
2,BFGS_cluster_results_f6_100_2,BIC,0.41953997783168107,0.4666666666666667,1.0,45.733333333333334
3,BFGS_cluster_results_f6_100_2,AICc,0.4146954785613289,0.5333333333333333,1.0,49.03333333333333
4,BFGS_cluster_results_f6_100_2,MDL,0.4229729425515056,0.4666666666666667,1.0,35.2
5,BFGS_cluster_results_f6_100_2,Err_in,0.25576126487756906,0.5,1.0,47.333333333333336
