,dataset,criteria,avg_test_error,precision_at_k,ground_truth_hit,avg_size
0,BFGS_pert_results_f2_100_2,MSE_train_opt,0.011852649584822543,0.9032258064516129,0.0,46.67741935483871
1,BFGS_pert_results_f2_100_2,AIC,0.011797826801259972,0.9032258064516129,0.0,45.45161290322581
2,BFGS_pert_results_f2_100_2,BIC,0.011797826801259972,0.9032258064516129,0.0,45.45161290322581
3,BFGS_pert_results_f2_100_2,AICc,0.011797826801259972,0.9032258064516129,0.0,45.45161290322581
4,BFGS_pert_results_f2_100_2,MDL,0.011911800414229562,0.8387096774193549,1.0,40.67741935483871
5,BFGS_pert_results_f2_100_2,Err_in,0.013899063403863631,0.4838709677419355,0.0,40.61290322580645
