,dataset,criteria,avg_test_error,precision_at_k,ground_truth_hit,avg_size
0,BFGS_cluster_results_f2_100_2,MSE_train_opt,6.529637990270937e-05,0.4426229508196721,0.0,48.16393442622951
1,BFGS_cluster_results_f2_100_2,AIC,2.7102036481447944e-05,0.819672131147541,1.0,28.065573770491802
2,BFGS_cluster_results_f2_100_2,BIC,2.1317658642663063e-05,0.8360655737704918,1.0,27.459016393442624
3,BFGS_cluster_results_f2_100_2,AICc,2.2219286591102428e-05,0.819672131147541,1.0,27.639344262295083
4,BFGS_cluster_results_f2_100_2,MDL,1.9053755862063338e-05,0.8688524590163934,1.0,26.9672131147541
5,BFGS_cluster_results_f2_100_2,Err_in,1.8263835892643353e-05,0.9344262295081968,1.0,28.065573770491802
