,dataset,criteria,avg_test_error,precision_at_k,ground_truth_hit,avg_size
0,BFGS_cluster_results_f5_100_3,MSE_train_opt,0.0735875532204407,0.9666666666666667,1.0,46.516666666666666
1,BFGS_cluster_results_f5_100_3,AIC,0.0735875532204407,0.9666666666666667,1.0,46.516666666666666
2,BFGS_cluster_results_f5_100_3,BIC,0.0735875532204407,0.9666666666666667,1.0,46.516666666666666
3,BFGS_cluster_results_f5_100_3,AICc,0.0735875532204407,0.9666666666666667,1.0,46.516666666666666
4,BFGS_cluster_results_f5_100_3,MDL,0.0735875532204407,0.9666666666666667,1.0,46.516666666666666
5,BFGS_cluster_results_f5_100_3,Err_in,0.07538073588227773,0.9666666666666667,1.0,46.03333333333333
