,dataset,criteria,avg_test_error,precision_at_k,ground_truth_hit,avg_size
0,BFGS_pert_results_f6_100_2,MSE_train_opt,0.28846715043143034,0.9523809523809523,0.0,48.04761904761905
1,BFGS_pert_results_f6_100_2,AIC,0.2884671504314304,0.9523809523809523,0.0,48.04761904761905
2,BFGS_pert_results_f6_100_2,BIC,0.2884671504314304,0.9523809523809523,0.0,48.04761904761905
3,BFGS_pert_results_f6_100_2,AICc,0.2884671504314304,0.9523809523809523,0.0,48.04761904761905
4,BFGS_pert_results_f6_100_2,MDL,0.2909907344650008,0.8095238095238095,0.0,44.666666666666664
5,BFGS_pert_results_f6_100_2,Err_in,0.9218408722782663,0.42857142857142855,1.0,46.76190476190476
