,dataset,criteria,avg_test_error,precision_at_k,ground_truth_hit,avg_size
0,BFGS_pert_results_f2_100_2,MSE_train_opt,0.011230491401093192,0.9565217391304348,0.0,46.869565217391305
1,BFGS_pert_results_f2_100_2,AIC,0.011230491401093192,0.9565217391304348,0.0,46.869565217391305
2,BFGS_pert_results_f2_100_2,BIC,0.011248688810586969,0.9130434782608695,0.0,43.130434782608695
3,BFGS_pert_results_f2_100_2,AICc,0.01124868881058697,0.9130434782608695,0.0,43.130434782608695
4,BFGS_pert_results_f2_100_2,MDL,0.011373207438515432,0.8695652173913043,0.0,37.78260869565217
5,BFGS_pert_results_f2_100_2,Err_in,0.013651340320701177,0.34782608695652173,0.0,42.56521739130435
