,dataset,criteria,avg_test_error,precision_at_k,ground_truth_hit,avg_size
0,BFGS_cluster_results_f5_100_3,MSE_train_opt,1.4114551860856963,0.9382716049382716,1.0,46.382716049382715
1,BFGS_cluster_results_f5_100_3,AIC,1.4114551860856965,0.9382716049382716,1.0,46.382716049382715
2,BFGS_cluster_results_f5_100_3,BIC,1.4114551860856965,0.9382716049382716,1.0,46.382716049382715
3,BFGS_cluster_results_f5_100_3,AICc,1.4114551860856963,0.9382716049382716,1.0,46.382716049382715
4,BFGS_cluster_results_f5_100_3,MDL,1.4584277019521672,0.9259259259259259,1.0,45.58024691358025
5,BFGS_cluster_results_f5_100_3,Err_in,0.6356384561883743,0.9382716049382716,1.0,46.30864197530864
