,dataset,criteria,avg_test_error,precision_at_k,ground_truth_hit,avg_size
0,BFGS_orig_results_f3_100_1,MSE_train_opt,4.8161809020646135e-06,0.0,0.0,49.44444444444444
1,BFGS_orig_results_f3_100_1,AIC,6.204277033566538e-07,0.2222222222222222,1.0,23.555555555555557
2,BFGS_orig_results_f3_100_1,BIC,6.204277033566538e-07,0.2222222222222222,1.0,23.555555555555557
3,BFGS_orig_results_f3_100_1,AICc,6.204277033566538e-07,0.2222222222222222,1.0,23.555555555555557
4,BFGS_orig_results_f3_100_1,MDL,5.306254562197382e-07,0.1111111111111111,1.0,23.77777777777778
5,BFGS_orig_results_f3_100_1,Err_in,4.8161809020646135e-06,0.0,0.0,49.44444444444444
