,dataset,criteria,avg_test_error,precision_at_k,ground_truth_hit,avg_size
0,BFGS_cluster_results_f5_100_3,MSE_train_opt,0.011283970421934976,0.23529411764705882,0.0,55.11764705882353
1,BFGS_cluster_results_f5_100_3,AIC,0.009620954590353207,0.35294117647058826,1.0,35.588235294117645
2,BFGS_cluster_results_f5_100_3,BIC,0.0013826513899967883,0.5294117647058824,1.0,32.05882352941177
3,BFGS_cluster_results_f5_100_3,AICc,0.009134749942041389,0.47058823529411764,1.0,33.8235294117647
4,BFGS_cluster_results_f5_100_3,MDL,0.0015642903825743412,0.5294117647058824,1.0,30.529411764705884
5,BFGS_cluster_results_f5_100_3,Err_in,0.011522545746243812,0.4117647058823529,1.0,35.8235294117647
