,dataset,criteria,avg_test_error,precision_at_k,ground_truth_hit,avg_size
0,BFGS_cluster_results_f1_100_10,MSE_train_opt,0.027703536636771935,0.8433734939759037,1.0,43.71084337349398
1,BFGS_cluster_results_f1_100_10,AIC,0.023717476917885772,0.8795180722891566,1.0,39.06024096385542
2,BFGS_cluster_results_f1_100_10,BIC,0.02073651449001385,0.9156626506024096,1.0,38.0
3,BFGS_cluster_results_f1_100_10,AICc,0.021571083566790716,0.9036144578313253,1.0,38.46987951807229
4,BFGS_cluster_results_f1_100_10,MDL,0.02135362359366848,0.9036144578313253,1.0,37.566265060240966
5,BFGS_cluster_results_f1_100_10,Err_in,0.018479379215050128,0.9518072289156626,1.0,39.903614457831324
