,dataset,criteria,avg_test_error,precision_at_k,ground_truth_hit,avg_size
0,BFGS_cluster_results_f7_100_2,MSE_train_opt,0.009175828697643603,0.5555555555555556,1.0,30.64814814814815
1,BFGS_cluster_results_f7_100_2,AIC,0.008721116932482278,0.6481481481481481,1.0,24.185185185185187
2,BFGS_cluster_results_f7_100_2,BIC,0.008688284280599486,0.6666666666666666,1.0,24.14814814814815
3,BFGS_cluster_results_f7_100_2,AICc,0.008688284280599486,0.6666666666666666,1.0,24.14814814814815
4,BFGS_cluster_results_f7_100_2,MDL,0.00871075655676186,0.6666666666666666,1.0,24.01851851851852
5,BFGS_cluster_results_f7_100_2,Err_in,0.008556971637767743,0.5925925925925926,0.0,27.962962962962962
