,dataset,criteria,avg_test_error,precision_at_k,ground_truth_hit,avg_size
0,BFGS_orig_results_f3_100_1,MSE_train_opt,3.06633574697391e-06,0.0,0.0,50.333333333333336
1,BFGS_orig_results_f3_100_1,AIC,5.576543603274066e-07,0.13333333333333333,1.0,25.133333333333333
2,BFGS_orig_results_f3_100_1,BIC,5.576543603274066e-07,0.13333333333333333,1.0,25.133333333333333
3,BFGS_orig_results_f3_100_1,AICc,5.576543603274066e-07,0.13333333333333333,1.0,25.133333333333333
4,BFGS_orig_results_f3_100_1,MDL,3.8320236881278836e-07,0.13333333333333333,1.0,24.066666666666666
5,BFGS_orig_results_f3_100_1,Err_in,3.066265739207623e-06,0.0,0.0,50.53333333333333
