,dataset,criteria,avg_test_error,precision_at_k,ground_truth_hit,avg_size
0,BFGS_cluster_results_f1_100_10,MSE_train_opt,0.027497870259799165,0.8571428571428571,1.0,43.54761904761905
1,BFGS_cluster_results_f1_100_10,AIC,0.023834550799202936,0.8928571428571429,1.0,39.17857142857143
2,BFGS_cluster_results_f1_100_10,BIC,0.02217495511477275,0.9166666666666666,1.0,38.333333333333336
3,BFGS_cluster_results_f1_100_10,AICc,0.022999588845397514,0.9047619047619048,1.0,38.79761904761905
4,BFGS_cluster_results_f1_100_10,MDL,0.021309843721856805,0.9166666666666666,1.0,37.88095238095238
5,BFGS_cluster_results_f1_100_10,Err_in,0.01865881140235343,0.9642857142857143,1.0,40.01190476190476
