,dataset,criteria,avg_test_error,precision_at_k,ground_truth_hit,avg_size
0,BFGS_orig_results_f5_100_3,MSE_train_opt,9.364480707062278e-05,0.0,0.0,54.09090909090909
1,BFGS_orig_results_f5_100_3,AIC,2.612594694794256e-05,0.2727272727272727,1.0,31.242424242424242
2,BFGS_orig_results_f5_100_3,BIC,2.3842980931071596e-05,0.30303030303030304,1.0,31.272727272727273
3,BFGS_orig_results_f5_100_3,AICc,2.612594694794256e-05,0.2727272727272727,1.0,31.242424242424242
4,BFGS_orig_results_f5_100_3,MDL,1.6693228793617438e-05,0.3939393939393939,1.0,30.272727272727273
5,BFGS_orig_results_f5_100_3,Err_in,9.364480707062278e-05,0.0,0.0,54.09090909090909
