,dataset,criteria,avg_test_error,precision_at_k,ground_truth_hit,avg_size
0,BFGS_cluster_results_f4_100_2,MSE_train_opt,0.0017818941859708709,0.0,0.0,68.20833333333333
1,BFGS_cluster_results_f4_100_2,AIC,0.0009159351239094249,0.375,1.0,32.541666666666664
2,BFGS_cluster_results_f4_100_2,BIC,0.0007512659259738167,0.4166666666666667,1.0,29.916666666666668
3,BFGS_cluster_results_f4_100_2,AICc,0.0008502435719286043,0.375,1.0,31.291666666666668
4,BFGS_cluster_results_f4_100_2,MDL,0.0005315750961426583,0.5416666666666666,1.0,28.791666666666668
5,BFGS_cluster_results_f4_100_2,Err_in,0.0008444503784301125,0.375,1.0,44.666666666666664
