,dataset,criteria,avg_test_error,precision_at_k,ground_truth_hit,avg_size
0,BFGS_cluster_results_f3_100_1,MSE_train_opt,9.101978124515646e-05,0.17307692307692307,0.0,53.76923076923077
1,BFGS_cluster_results_f3_100_1,AIC,2.630166725595757e-05,0.7307692307692307,1.0,29.03846153846154
2,BFGS_cluster_results_f3_100_1,BIC,2.003681594920834e-05,0.75,1.0,28.326923076923077
3,BFGS_cluster_results_f3_100_1,AICc,2.0036815949208345e-05,0.75,1.0,28.326923076923077
4,BFGS_cluster_results_f3_100_1,MDL,1.4110680586281195e-05,0.8461538461538461,1.0,27.98076923076923
5,BFGS_cluster_results_f3_100_1,Err_in,1.544415992612485e-05,0.8653846153846154,1.0,30.384615384615383
