,dataset,criteria,avg_test_error,precision_at_k,ground_truth_hit,avg_size
0,BFGS_pert_results_f1_100_10,MSE_train_opt,0.015249520410077972,0.1891891891891892,1.0,37.729729729729726
1,BFGS_pert_results_f1_100_10,AIC,0.012959098357938716,0.40540540540540543,1.0,32.24324324324324
2,BFGS_pert_results_f1_100_10,BIC,0.012959098357938717,0.40540540540540543,1.0,32.24324324324324
3,BFGS_pert_results_f1_100_10,AICc,0.012959098357938714,0.40540540540540543,1.0,32.24324324324324
4,BFGS_pert_results_f1_100_10,MDL,0.010967601614096321,0.6216216216216216,1.0,30.16216216216216
5,BFGS_pert_results_f1_100_10,Err_in,0.01129194769141008,0.4594594594594595,0.0,36.729729729729726
