,dataset,criteria,avg_test_error,precision_at_k,ground_truth_hit,avg_size
0,BFGS_pert_results_f6_100_2,MSE_train_opt,0.07452738335471061,1.0,0.0,56.57142857142857
1,BFGS_pert_results_f6_100_2,AIC,0.07514788840542912,0.8571428571428571,0.0,52.285714285714285
2,BFGS_pert_results_f6_100_2,BIC,0.07514788840542912,0.8571428571428571,0.0,52.285714285714285
3,BFGS_pert_results_f6_100_2,AICc,0.07514788840542912,0.8571428571428571,0.0,52.285714285714285
4,BFGS_pert_results_f6_100_2,MDL,0.07514788840542912,0.8571428571428571,0.0,52.285714285714285
5,BFGS_pert_results_f6_100_2,Err_in,0.935332040392486,0.0,1.0,48.285714285714285
