,dataset,criteria,avg_test_error,precision_at_k,ground_truth_hit,avg_size
0,BFGS_cluster_results_f2_100_2,MSE_train_opt,7.512643267990879e-05,0.19607843137254902,0.0,52.05882352941177
1,BFGS_cluster_results_f2_100_2,AIC,2.1493137065745177e-05,0.7450980392156863,1.0,26.745098039215687
2,BFGS_cluster_results_f2_100_2,BIC,2.1493137065745173e-05,0.7450980392156863,1.0,26.745098039215687
3,BFGS_cluster_results_f2_100_2,AICc,2.1493137065745183e-05,0.7450980392156863,1.0,26.745098039215687
4,BFGS_cluster_results_f2_100_2,MDL,1.881768614636765e-05,0.7843137254901961,1.0,25.92156862745098
5,BFGS_cluster_results_f2_100_2,Err_in,1.5607133613861557e-05,0.8823529411764706,1.0,27.372549019607842
