,dataset,criteria,avg_test_error,precision_at_k,ground_truth_hit,avg_size
0,BFGS_orig_results_f5_100_3,MSE_train_opt,5.408772088646614e-05,0.6986301369863014,0.0,46.136986301369866
1,BFGS_orig_results_f5_100_3,AIC,4.004431397093275e-05,0.7808219178082192,1.0,37.52054794520548
2,BFGS_orig_results_f5_100_3,BIC,4.004431397093275e-05,0.7808219178082192,1.0,37.52054794520548
3,BFGS_orig_results_f5_100_3,AICc,4.0044313970932754e-05,0.7808219178082192,1.0,37.52054794520548
4,BFGS_orig_results_f5_100_3,MDL,3.3375874004722096e-05,0.7945205479452054,1.0,37.04109589041096
5,BFGS_orig_results_f5_100_3,Err_in,5.408772088646614e-05,0.6986301369863014,0.0,46.136986301369866
