,dataset,criteria,avg_test_error,precision_at_k,ground_truth_hit,avg_size
0,BFGS_pert_results_f6_100_2,MSE_train_opt,0.34819577423621423,0.9655172413793104,0.0,50.37931034482759
1,BFGS_pert_results_f6_100_2,AIC,0.3483197239429331,0.9310344827586207,0.0,48.48275862068966
2,BFGS_pert_results_f6_100_2,BIC,0.3486199620261691,0.896551724137931,0.0,46.41379310344828
3,BFGS_pert_results_f6_100_2,AICc,0.3486199620261691,0.896551724137931,0.0,46.41379310344828
4,BFGS_pert_results_f6_100_2,MDL,0.35048124558868354,0.8275862068965517,0.0,44.241379310344826
5,BFGS_pert_results_f6_100_2,Err_in,0.8808386588134248,0.41379310344827586,1.0,47.172413793103445
