,dataset,criteria,avg_test_error,precision_at_k,ground_truth_hit,avg_size
0,BFGS_orig_results_f6_100_2,MSE_train_opt,0.0005624366647247547,0.6875,0.0,52.270833333333336
1,BFGS_orig_results_f6_100_2,AIC,0.000632157220840778,0.4583333333333333,1.0,32.083333333333336
2,BFGS_orig_results_f6_100_2,BIC,0.0006321572208407781,0.4583333333333333,1.0,32.083333333333336
3,BFGS_orig_results_f6_100_2,AICc,0.0006321572208407781,0.4583333333333333,1.0,32.083333333333336
4,BFGS_orig_results_f6_100_2,MDL,0.0006099618664323627,0.4791666666666667,1.0,31.875
5,BFGS_orig_results_f6_100_2,Err_in,0.0005624366647247547,0.6875,0.0,52.270833333333336
