,dataset,criteria,avg_test_error,precision_at_k,ground_truth_hit,avg_size
0,BFGS_pert_results_f3_100_1,MSE_train_opt,0.00126045553408199,0.8571428571428571,0.0,47.61224489795919
1,BFGS_pert_results_f3_100_1,AIC,0.0012669090043637104,0.7346938775510204,1.0,38.6530612244898
2,BFGS_pert_results_f3_100_1,BIC,0.0012726762019736025,0.7142857142857143,1.0,38.06122448979592
3,BFGS_pert_results_f3_100_1,AICc,0.0012669090043637104,0.7346938775510204,1.0,38.6530612244898
4,BFGS_pert_results_f3_100_1,MDL,0.0016244700359222017,0.5918367346938775,1.0,30.06122448979592
5,BFGS_pert_results_f3_100_1,Err_in,0.002053590145696282,0.5918367346938775,1.0,42.673469387755105
