,dataset,criteria,avg_test_error,precision_at_k,ground_truth_hit,avg_size
0,BFGS_orig_results_f3_100_1,MSE_train_opt,7.113259641857602e-07,0.8292682926829268,0.0,47.90243902439025
1,BFGS_orig_results_f3_100_1,AIC,5.934375410442174e-07,0.8536585365853658,1.0,37.9390243902439
2,BFGS_orig_results_f3_100_1,BIC,5.934375410442174e-07,0.8536585365853658,1.0,37.9390243902439
3,BFGS_orig_results_f3_100_1,AICc,5.934375410442174e-07,0.8536585365853658,1.0,37.9390243902439
4,BFGS_orig_results_f3_100_1,MDL,5.880258135619113e-07,0.8536585365853658,1.0,38.23170731707317
5,BFGS_orig_results_f3_100_1,Err_in,7.096671327274419e-07,0.8292682926829268,0.0,48.19512195121951
