,dataset,criteria,avg_test_error,precision_at_k,ground_truth_hit,avg_size
0,BFGS_pert_results_f3_100_1,MSE_train_opt,0.00031624005376006294,0.9583333333333334,0.0,48.541666666666664
1,BFGS_pert_results_f3_100_1,AIC,0.0002688440991487505,0.9583333333333334,0.0,46.5
2,BFGS_pert_results_f3_100_1,BIC,0.0002755106469456796,0.9166666666666666,0.0,46.416666666666664
3,BFGS_pert_results_f3_100_1,AICc,0.0002732781834340713,0.9166666666666666,0.0,46.458333333333336
4,BFGS_pert_results_f3_100_1,MDL,0.0011262037493611407,0.5416666666666666,1.0,28.25
5,BFGS_pert_results_f3_100_1,Err_in,0.001833099449484138,0.2916666666666667,1.0,43.625
