,dataset,criteria,avg_test_error,precision_at_k,ground_truth_hit,avg_size
0,BFGS_orig_results_f6_100_2,MSE_train_opt,0.00063159339982854,0.8554216867469879,0.0,48.93975903614458
1,BFGS_orig_results_f6_100_2,AIC,0.00065127012312775,0.8433734939759037,1.0,39.45783132530121
2,BFGS_orig_results_f6_100_2,BIC,0.00065127012312775,0.8433734939759037,1.0,39.45783132530121
3,BFGS_orig_results_f6_100_2,AICc,0.00065127012312775,0.8433734939759037,1.0,39.45783132530121
4,BFGS_orig_results_f6_100_2,MDL,0.0006502291050284922,0.8433734939759037,1.0,39.44578313253012
5,BFGS_orig_results_f6_100_2,Err_in,0.00063159339982854,0.8554216867469879,0.0,48.93975903614458
