,dataset,criteria,avg_test_error,precision_at_k,ground_truth_hit,avg_size
0,BFGS_cluster_results_f6_100_2,MSE_train_opt,0.08898997574723048,0.7692307692307693,0.0,57.23076923076923
1,BFGS_cluster_results_f6_100_2,AIC,0.08371247901804316,0.7692307692307693,0.0,57.0
2,BFGS_cluster_results_f6_100_2,BIC,0.31433668162193595,0.6153846153846154,1.0,43.61538461538461
3,BFGS_cluster_results_f6_100_2,AICc,0.1819680469519186,0.6923076923076923,1.0,52.0
4,BFGS_cluster_results_f6_100_2,MDL,0.7100306647419348,0.3076923076923077,1.0,30.0
5,BFGS_cluster_results_f6_100_2,Err_in,0.13567131667988036,0.15384615384615385,0.0,52.38461538461539
