,dataset,criteria,avg_test_error,precision_at_k,ground_truth_hit,avg_size
0,BFGS_orig_results_f6_100_2,MSE_train_opt,0.0006366293767036905,0.8414634146341463,0.0,49.08536585365854
1,BFGS_orig_results_f6_100_2,AIC,0.0006533925995940884,0.8414634146341463,1.0,39.02439024390244
2,BFGS_orig_results_f6_100_2,BIC,0.0006533925995940883,0.8414634146341463,1.0,39.02439024390244
3,BFGS_orig_results_f6_100_2,AICc,0.0006533925995940883,0.8414634146341463,1.0,39.02439024390244
4,BFGS_orig_results_f6_100_2,MDL,0.0006433923975107909,0.8536585365853658,1.0,39.073170731707314
5,BFGS_orig_results_f6_100_2,Err_in,0.0006366293767036905,0.8414634146341463,0.0,49.08536585365854
