,dataset,criteria,avg_test_error,precision_at_k,ground_truth_hit,avg_size
0,BFGS_orig_results_f5_100_3,MSE_train_opt,4.739492040677092e-05,0.9333333333333333,0.0,47.144444444444446
1,BFGS_orig_results_f5_100_3,AIC,3.9791052208602695e-05,0.9555555555555556,1.0,43.855555555555554
2,BFGS_orig_results_f5_100_3,BIC,3.9791052208602695e-05,0.9555555555555556,1.0,43.855555555555554
3,BFGS_orig_results_f5_100_3,AICc,3.9791052208602695e-05,0.9555555555555556,1.0,43.855555555555554
4,BFGS_orig_results_f5_100_3,MDL,3.8739061528711545e-05,0.9555555555555556,1.0,43.74444444444445
5,BFGS_orig_results_f5_100_3,Err_in,4.739492040677092e-05,0.9333333333333333,0.0,47.144444444444446
