,dataset,criteria,avg_test_error,precision_at_k,ground_truth_hit,avg_size
0,BFGS_cluster_results_f6_100_2,MSE_train_opt,0.5476544359756533,0.978494623655914,1.0,51.72043010752688
1,BFGS_cluster_results_f6_100_2,AIC,0.5476544359756536,0.978494623655914,1.0,51.72043010752688
2,BFGS_cluster_results_f6_100_2,BIC,0.5552276347375745,0.978494623655914,1.0,51.483870967741936
3,BFGS_cluster_results_f6_100_2,AICc,0.5476544359756536,0.978494623655914,1.0,51.72043010752688
4,BFGS_cluster_results_f6_100_2,MDL,0.5537471730897544,0.978494623655914,1.0,50.61290322580645
5,BFGS_cluster_results_f6_100_2,Err_in,0.573598399905748,0.967741935483871,1.0,50.61290322580645
