,dataset,criteria,avg_test_error,precision_at_k,ground_truth_hit,avg_size
0,BFGS_pert_results_f2_100_2,MSE_train_opt,0.012173452463414959,0.9142857142857143,0.0,44.34285714285714
1,BFGS_pert_results_f2_100_2,AIC,0.012171876893552118,0.9142857142857143,1.0,44.0
2,BFGS_pert_results_f2_100_2,BIC,0.012171876893552118,0.9142857142857143,1.0,44.0
3,BFGS_pert_results_f2_100_2,AICc,0.012171876893552118,0.9142857142857143,1.0,44.0
4,BFGS_pert_results_f2_100_2,MDL,0.012288719410320531,0.8571428571428571,1.0,39.457142857142856
5,BFGS_pert_results_f2_100_2,Err_in,0.014128811232344848,0.42857142857142855,0.0,41.02857142857143
