,dataset,criteria,avg_test_error,precision_at_k,ground_truth_hit,avg_size
0,BFGS_pert_results_f3_100_1,MSE_train_opt,0.0006940159189975791,0.9393939393939394,0.0,44.21212121212121
1,BFGS_pert_results_f3_100_1,AIC,0.0006940159189975792,0.9393939393939394,0.0,44.21212121212121
2,BFGS_pert_results_f3_100_1,BIC,0.0006940159189975792,0.9393939393939394,0.0,44.21212121212121
3,BFGS_pert_results_f3_100_1,AICc,0.0006940159189975792,0.9393939393939394,0.0,44.21212121212121
4,BFGS_pert_results_f3_100_1,MDL,0.00142695858659426,0.5757575757575758,1.0,28.09090909090909
5,BFGS_pert_results_f3_100_1,Err_in,0.0018390442143809734,0.5454545454545454,1.0,45.42424242424242
