,dataset,criteria,avg_test_error,precision_at_k,ground_truth_hit,avg_size
0,BFGS_cluster_results_f3_100_1,MSE_train_opt,0.00010568210710131624,0.0,0.0,58.11904761904762
1,BFGS_cluster_results_f3_100_1,AIC,2.096476357353071e-05,0.5714285714285714,1.0,27.595238095238095
2,BFGS_cluster_results_f3_100_1,BIC,1.81325709529183e-05,0.5714285714285714,1.0,27.38095238095238
3,BFGS_cluster_results_f3_100_1,AICc,2.0135558882142045e-05,0.5714285714285714,1.0,27.404761904761905
4,BFGS_cluster_results_f3_100_1,MDL,1.2773430372538098e-05,0.6904761904761905,1.0,26.5
5,BFGS_cluster_results_f3_100_1,Err_in,1.1899958489782939e-05,0.8809523809523809,1.0,30.047619047619047
