,dataset,criteria,avg_test_error,precision_at_k,ground_truth_hit,avg_size
0,BFGS_cluster_results_f1_100_10,MSE_train_opt,0.043134307848085855,0.0,0.0,54.56410256410256
1,BFGS_cluster_results_f1_100_10,AIC,0.023830981235115622,0.46153846153846156,1.0,35.56410256410256
2,BFGS_cluster_results_f1_100_10,BIC,0.01781598111565288,0.6666666666666666,1.0,32.666666666666664
3,BFGS_cluster_results_f1_100_10,AICc,0.022564042046709136,0.5641025641025641,1.0,34.64102564102564
4,BFGS_cluster_results_f1_100_10,MDL,0.012823971791847546,0.7692307692307693,1.0,31.17948717948718
5,BFGS_cluster_results_f1_100_10,Err_in,0.014052481648063546,0.8205128205128205,1.0,32.51282051282051
