,dataset,criteria,avg_test_error,precision_at_k,ground_truth_hit,avg_size
0,BFGS_orig_results_f2_100_2,MSE_train_opt,1.1498677973112061e-05,0.37037037037037035,0.0,38.51851851851852
1,BFGS_orig_results_f2_100_2,AIC,6.400433611411553e-06,0.6481481481481481,1.0,27.166666666666668
2,BFGS_orig_results_f2_100_2,BIC,6.400433611411553e-06,0.6481481481481481,1.0,27.166666666666668
3,BFGS_orig_results_f2_100_2,AICc,6.400433611411553e-06,0.6481481481481481,1.0,27.166666666666668
4,BFGS_orig_results_f2_100_2,MDL,6.715653508759231e-06,0.6481481481481481,1.0,26.88888888888889
5,BFGS_orig_results_f2_100_2,Err_in,1.1498677973112061e-05,0.37037037037037035,0.0,38.51851851851852
