,dataset,criteria,avg_test_error,precision_at_k,ground_truth_hit,avg_size
0,BFGS_pert_results_f6_100_2,MSE_train_opt,0.12453855211023951,1.0,0.0,54.90909090909091
1,BFGS_pert_results_f6_100_2,AIC,0.12462063886559895,0.9090909090909091,0.0,50.09090909090909
2,BFGS_pert_results_f6_100_2,BIC,0.12462063886559895,0.9090909090909091,0.0,50.09090909090909
3,BFGS_pert_results_f6_100_2,AICc,0.12462063886559895,0.9090909090909091,0.0,50.09090909090909
4,BFGS_pert_results_f6_100_2,MDL,0.12462063886559895,0.9090909090909091,0.0,50.09090909090909
5,BFGS_pert_results_f6_100_2,Err_in,0.8093904480411284,0.18181818181818182,1.0,45.63636363636363
