,dataset,criteria,avg_test_error,precision_at_k,ground_truth_hit,avg_size
0,BFGS_cluster_results_f7_100_2,MSE_train_opt,0.008885594265197095,0.8554216867469879,1.0,29.180722891566266
1,BFGS_cluster_results_f7_100_2,AIC,0.008717348784956344,0.891566265060241,1.0,26.19277108433735
2,BFGS_cluster_results_f7_100_2,BIC,0.008717348784956344,0.891566265060241,1.0,26.19277108433735
3,BFGS_cluster_results_f7_100_2,AICc,0.008717348784956344,0.891566265060241,1.0,26.19277108433735
4,BFGS_cluster_results_f7_100_2,MDL,0.008717348870101388,0.891566265060241,1.0,26.132530120481928
5,BFGS_cluster_results_f7_100_2,Err_in,0.008545575323680117,0.927710843373494,1.0,27.843373493975903
