,dataset,criteria,avg_test_error,precision_at_k,ground_truth_hit,avg_size
0,BFGS_orig_results_f7_100_2,MSE_train_opt,0.008423034855334072,0.391304347826087,1.0,31.456521739130434
1,BFGS_orig_results_f7_100_2,AIC,0.008423354277070645,0.5652173913043478,1.0,24.47826086956522
2,BFGS_orig_results_f7_100_2,BIC,0.008423354277070645,0.5652173913043478,1.0,24.47826086956522
3,BFGS_orig_results_f7_100_2,AICc,0.008423354277070645,0.5652173913043478,1.0,24.47826086956522
4,BFGS_orig_results_f7_100_2,MDL,0.00839483340580804,0.5869565217391305,1.0,24.304347826086957
5,BFGS_orig_results_f7_100_2,Err_in,0.008144390354857452,0.5,1.0,30.26086956521739
