,dataset,criteria,avg_test_error,precision_at_k,ground_truth_hit,avg_size
0,BFGS_pert_results_f2_100_2,MSE_train_opt,0.01111034588871441,0.8888888888888888,0.0,40.111111111111114
1,BFGS_pert_results_f2_100_2,AIC,0.011109628589168056,0.8888888888888888,0.0,39.44444444444444
2,BFGS_pert_results_f2_100_2,BIC,0.011110142907682667,0.8888888888888888,0.0,39.05555555555556
3,BFGS_pert_results_f2_100_2,AICc,0.011109628589168056,0.8888888888888888,0.0,39.44444444444444
4,BFGS_pert_results_f2_100_2,MDL,0.01114043044324383,0.8333333333333334,0.0,33.72222222222222
5,BFGS_pert_results_f2_100_2,Err_in,0.013306643029116372,0.2777777777777778,0.0,46.0
