,dataset,criteria,avg_test_error,precision_at_k,ground_truth_hit,avg_size
0,BFGS_cluster_results_f1_100_10,MSE_train_opt,0.04167163296731131,0.0,0.0,53.73170731707317
1,BFGS_cluster_results_f1_100_10,AIC,0.02317715557323597,0.5121951219512195,1.0,35.292682926829265
2,BFGS_cluster_results_f1_100_10,BIC,0.018595627618270695,0.6585365853658537,1.0,32.829268292682926
3,BFGS_cluster_results_f1_100_10,AICc,0.021972018297647847,0.6097560975609756,1.0,34.390243902439025
4,BFGS_cluster_results_f1_100_10,MDL,0.01388851040963201,0.7560975609756098,1.0,31.317073170731707
5,BFGS_cluster_results_f1_100_10,Err_in,0.013924773500536027,0.8536585365853658,1.0,32.51219512195122
