,dataset,criteria,avg_test_error,precision_at_k,ground_truth_hit,avg_size
0,BFGS_cluster_results_f3_100_1,MSE_train_opt,5.747467837206911e-05,0.9090909090909091,0.0,44.35227272727273
1,BFGS_cluster_results_f3_100_1,AIC,5.049259619550881e-05,0.9204545454545454,1.0,38.875
2,BFGS_cluster_results_f3_100_1,BIC,5.049259619550881e-05,0.9204545454545454,1.0,38.875
3,BFGS_cluster_results_f3_100_1,AICc,5.049259619550881e-05,0.9204545454545454,1.0,38.875
4,BFGS_cluster_results_f3_100_1,MDL,4.62388774713609e-05,0.9318181818181818,1.0,38.90909090909091
5,BFGS_cluster_results_f3_100_1,Err_in,4.5845887466196206e-05,0.9431818181818182,1.0,40.73863636363637
