,dataset,criteria,avg_test_error,precision_at_k,ground_truth_hit,avg_size
0,BFGS_orig_results_f6_100_2,MSE_train_opt,0.0005492932295868004,0.7358490566037735,0.0,52.79245283018868
1,BFGS_orig_results_f6_100_2,AIC,0.0006065458584079811,0.5471698113207547,1.0,32.735849056603776
2,BFGS_orig_results_f6_100_2,BIC,0.0006065458584079812,0.5471698113207547,1.0,32.735849056603776
3,BFGS_orig_results_f6_100_2,AICc,0.0006065458584079812,0.5471698113207547,1.0,32.735849056603776
4,BFGS_orig_results_f6_100_2,MDL,0.0005805414128259718,0.5660377358490566,1.0,32.528301886792455
5,BFGS_orig_results_f6_100_2,Err_in,0.0005492932295868004,0.7358490566037735,0.0,52.79245283018868
