,dataset,criteria,avg_test_error,precision_at_k,ground_truth_hit,avg_size
0,BFGS_orig_results_f2_100_2,MSE_train_opt,1.0712294444728807e-05,0.4827586206896552,0.0,38.310344827586206
1,BFGS_orig_results_f2_100_2,AIC,7.295609109937389e-06,0.6551724137931034,1.0,27.53448275862069
2,BFGS_orig_results_f2_100_2,BIC,7.295609109937389e-06,0.6551724137931034,1.0,27.53448275862069
3,BFGS_orig_results_f2_100_2,AICc,7.295609109937389e-06,0.6551724137931034,1.0,27.53448275862069
4,BFGS_orig_results_f2_100_2,MDL,6.363322259218003e-06,0.7068965517241379,1.0,27.53448275862069
5,BFGS_orig_results_f2_100_2,Err_in,1.0712294444728807e-05,0.4827586206896552,0.0,38.310344827586206
