,dataset,criteria,avg_test_error,precision_at_k,ground_truth_hit,avg_size
0,BFGS_cluster_results_f6_100_2,MSE_train_opt,0.3814711004106721,0.9770114942528736,1.0,51.52873563218391
1,BFGS_cluster_results_f6_100_2,AIC,0.39815594382432473,0.9655172413793104,1.0,51.13793103448276
2,BFGS_cluster_results_f6_100_2,BIC,0.3981559438243246,0.9655172413793104,1.0,51.13793103448276
3,BFGS_cluster_results_f6_100_2,AICc,0.39815594382432473,0.9655172413793104,1.0,51.13793103448276
4,BFGS_cluster_results_f6_100_2,MDL,0.39815594382432473,0.9655172413793104,1.0,51.13793103448276
5,BFGS_cluster_results_f6_100_2,Err_in,0.3820494827281471,0.9655172413793104,1.0,51.48275862068966
