,dataset,criteria,avg_test_error,precision_at_k,ground_truth_hit,avg_size
0,BFGS_orig_results_f7_100_2,MSE_train_opt,0.008386818861008,0.9302325581395349,1.0,30.36046511627907
1,BFGS_orig_results_f7_100_2,AIC,0.008370668965499376,0.9069767441860465,1.0,28.197674418604652
2,BFGS_orig_results_f7_100_2,BIC,0.008276044956371366,0.9069767441860465,1.0,28.1046511627907
3,BFGS_orig_results_f7_100_2,AICc,0.008276044956371366,0.9069767441860465,1.0,28.1046511627907
4,BFGS_orig_results_f7_100_2,MDL,0.008407659422394114,0.9069767441860465,1.0,28.11627906976744
5,BFGS_orig_results_f7_100_2,Err_in,0.008237842027600318,0.9534883720930233,1.0,29.802325581395348
