,dataset,criteria,avg_test_error,precision_at_k,ground_truth_hit,avg_size
0,BFGS_cluster_results_f5_100_3,MSE_train_opt,0.0719391787822975,0.9215686274509803,1.0,46.568627450980394
1,BFGS_cluster_results_f5_100_3,AIC,0.0719391787822975,0.9215686274509803,1.0,46.568627450980394
2,BFGS_cluster_results_f5_100_3,BIC,0.07193917878229748,0.9215686274509803,1.0,46.568627450980394
3,BFGS_cluster_results_f5_100_3,AICc,0.0719391787822975,0.9215686274509803,1.0,46.568627450980394
4,BFGS_cluster_results_f5_100_3,MDL,0.01126786382838883,0.9411764705882353,1.0,44.470588235294116
5,BFGS_cluster_results_f5_100_3,Err_in,0.07231630625833298,0.9215686274509803,1.0,43.09803921568628
