,dataset,criteria,avg_test_error,precision_at_k,ground_truth_hit,avg_size
0,BFGS_orig_results_f6_100_2,MSE_train_opt,0.0005494378699878315,0.6888888888888889,0.0,53.13333333333333
1,BFGS_orig_results_f6_100_2,AIC,0.0006614106565437948,0.35555555555555557,1.0,31.77777777777778
2,BFGS_orig_results_f6_100_2,BIC,0.0006614106565437947,0.35555555555555557,1.0,31.77777777777778
3,BFGS_orig_results_f6_100_2,AICc,0.0006614106565437947,0.35555555555555557,1.0,31.77777777777778
4,BFGS_orig_results_f6_100_2,MDL,0.0006053700967433231,0.4222222222222222,1.0,31.644444444444446
5,BFGS_orig_results_f6_100_2,Err_in,0.0005494378699878315,0.6888888888888889,0.0,53.13333333333333
