,dataset,criteria,avg_test_error,precision_at_k,ground_truth_hit,avg_size
0,BFGS_orig_results_f2_100_2,MSE_train_opt,9.352462417655234e-06,0.8433734939759037,0.0,40.024096385542165
1,BFGS_orig_results_f2_100_2,AIC,8.165997212271296e-06,0.8674698795180723,1.0,33.69879518072289
2,BFGS_orig_results_f2_100_2,BIC,8.165997212271296e-06,0.8674698795180723,1.0,33.69879518072289
3,BFGS_orig_results_f2_100_2,AICc,8.165997212271296e-06,0.8674698795180723,1.0,33.69879518072289
4,BFGS_orig_results_f2_100_2,MDL,7.408942508241234e-06,0.8795180722891566,1.0,34.10843373493976
5,BFGS_orig_results_f2_100_2,Err_in,9.352462417655234e-06,0.8433734939759037,0.0,40.024096385542165
