,dataset,criteria,avg_test_error,precision_at_k,ground_truth_hit,avg_size
0,BFGS_pert_results_f3_100_1,MSE_train_opt,0.000500342414536921,0.9655172413793104,0.0,45.793103448275865
1,BFGS_pert_results_f3_100_1,AIC,0.000500342414536921,0.9655172413793104,0.0,45.793103448275865
2,BFGS_pert_results_f3_100_1,BIC,0.00046771378896075905,1.0,0.0,44.6551724137931
3,BFGS_pert_results_f3_100_1,AICc,0.000500342414536921,0.9655172413793104,0.0,45.793103448275865
4,BFGS_pert_results_f3_100_1,MDL,0.0013204595643570923,0.5862068965517241,1.0,28.03448275862069
5,BFGS_pert_results_f3_100_1,Err_in,0.0018530964286498787,0.4482758620689655,1.0,45.689655172413794
