,dataset,criteria,avg_test_error,precision_at_k,ground_truth_hit,avg_size
0,BFGS_cluster_results_f6_100_2,MSE_train_opt,0.2547026270390811,0.7368421052631579,0.0,58.05263157894737
1,BFGS_cluster_results_f6_100_2,AIC,0.47646579101950803,0.631578947368421,1.0,50.63157894736842
2,BFGS_cluster_results_f6_100_2,BIC,0.5614461402019759,0.5263157894736842,1.0,40.36842105263158
3,BFGS_cluster_results_f6_100_2,AICc,0.4741240371575395,0.631578947368421,1.0,48.10526315789474
4,BFGS_cluster_results_f6_100_2,MDL,0.5789374360347399,0.2631578947368421,1.0,31.68421052631579
5,BFGS_cluster_results_f6_100_2,Err_in,0.17316285496195258,0.2631578947368421,0.0,51.526315789473685
