,dataset,criteria,avg_test_error,precision_at_k,ground_truth_hit,avg_size
0,BFGS_cluster_results_f4_100_2,MSE_train_opt,0.0013355709508396454,0.32727272727272727,0.0,57.50909090909091
1,BFGS_cluster_results_f4_100_2,AIC,0.0007845985789381636,0.7272727272727273,1.0,33.32727272727273
2,BFGS_cluster_results_f4_100_2,BIC,0.0007261968356074583,0.7636363636363637,1.0,32.90909090909091
3,BFGS_cluster_results_f4_100_2,AICc,0.0007800850391243855,0.7272727272727273,1.0,33.236363636363635
4,BFGS_cluster_results_f4_100_2,MDL,0.0006701473697260637,0.8,1.0,32.41818181818182
5,BFGS_cluster_results_f4_100_2,Err_in,0.0007223273798908801,0.7818181818181819,1.0,40.654545454545456
