,dataset,criteria,avg_test_error,precision_at_k,ground_truth_hit,avg_size
0,BFGS_cluster_results_f1_100_10,MSE_train_opt,0.032487653813764186,0.5230769230769231,0.0,47.03076923076923
1,BFGS_cluster_results_f1_100_10,AIC,0.019791238072384885,0.7538461538461538,1.0,35.49230769230769
2,BFGS_cluster_results_f1_100_10,BIC,0.018558354330919426,0.8153846153846154,1.0,34.49230769230769
3,BFGS_cluster_results_f1_100_10,AICc,0.01979123807238489,0.7538461538461538,1.0,35.49230769230769
4,BFGS_cluster_results_f1_100_10,MDL,0.016233483335166422,0.8769230769230769,1.0,33.815384615384616
5,BFGS_cluster_results_f1_100_10,Err_in,0.015260254039191089,0.8461538461538461,1.0,36.84615384615385
