,dataset,criteria,avg_test_error,precision_at_k,ground_truth_hit,avg_size
0,BFGS_orig_results_f4_100_2,MSE_train_opt,0.007989852293450428,0.0,0.0,45.791666666666664
1,BFGS_orig_results_f4_100_2,AIC,0.0007809251805048029,0.2916666666666667,1.0,32.916666666666664
2,BFGS_orig_results_f4_100_2,BIC,0.00028323006359225693,0.2916666666666667,1.0,32.333333333333336
3,BFGS_orig_results_f4_100_2,AICc,0.0002832300635922569,0.2916666666666667,1.0,32.333333333333336
4,BFGS_orig_results_f4_100_2,MDL,0.00021982218434812774,0.4166666666666667,1.0,31.875
5,BFGS_orig_results_f4_100_2,Err_in,0.007989852293450428,0.0,0.0,45.791666666666664
