,dataset,criteria,avg_test_error,precision_at_k,ground_truth_hit,avg_size
0,BFGS_orig_results_f5_100_3,MSE_train_opt,7.328681747267605e-05,0.2641509433962264,0.0,50.45283018867924
1,BFGS_orig_results_f5_100_3,AIC,3.0398005899132958e-05,0.5660377358490566,1.0,33.9622641509434
2,BFGS_orig_results_f5_100_3,BIC,3.0398005899132958e-05,0.5660377358490566,1.0,33.9622641509434
3,BFGS_orig_results_f5_100_3,AICc,3.0398005899132958e-05,0.5660377358490566,1.0,33.9622641509434
4,BFGS_orig_results_f5_100_3,MDL,1.7945480858451424e-05,0.660377358490566,1.0,32.9622641509434
5,BFGS_orig_results_f5_100_3,Err_in,7.328681747267605e-05,0.2641509433962264,0.0,50.45283018867924
