,dataset,criteria,avg_test_error,precision_at_k,ground_truth_hit,avg_size
0,BFGS_orig_results_f1_100_10,MSE_train_opt,0.01720432225028711,0.07407407407407407,0.0,37.7037037037037
1,BFGS_orig_results_f1_100_10,AIC,0.014314656058350077,0.14814814814814814,1.0,32.51851851851852
2,BFGS_orig_results_f1_100_10,BIC,0.013873223447546788,0.14814814814814814,1.0,32.55555555555556
3,BFGS_orig_results_f1_100_10,AICc,0.014314656058350077,0.14814814814814814,1.0,32.51851851851852
4,BFGS_orig_results_f1_100_10,MDL,0.011299453556325287,0.2222222222222222,1.0,30.074074074074073
5,BFGS_orig_results_f1_100_10,Err_in,0.011693806718915368,0.48148148148148145,0.0,38.888888888888886
