,dataset,criteria,avg_test_error,precision_at_k,ground_truth_hit,avg_size
0,BFGS_orig_results_f1_100_10,MSE_train_opt,0.014931968143979709,0.21951219512195122,1.0,38.63414634146341
1,BFGS_orig_results_f1_100_10,AIC,0.013071274206399539,0.36585365853658536,1.0,32.1219512195122
2,BFGS_orig_results_f1_100_10,BIC,0.012712114137846661,0.3902439024390244,1.0,32.048780487804876
3,BFGS_orig_results_f1_100_10,AICc,0.013071274206399539,0.36585365853658536,1.0,32.1219512195122
4,BFGS_orig_results_f1_100_10,MDL,0.011105828901915405,0.5121951219512195,1.0,30.341463414634145
5,BFGS_orig_results_f1_100_10,Err_in,0.011261427008404998,0.5853658536585366,1.0,36.19512195121951
