,dataset,criteria,avg_test_error,precision_at_k,ground_truth_hit,avg_size
0,BFGS_orig_results_f1_100_10,MSE_train_opt,0.0194797341838914,0.0,0.0,38.31578947368421
1,BFGS_orig_results_f1_100_10,AIC,0.014860705055502025,0.15789473684210525,1.0,31.894736842105264
2,BFGS_orig_results_f1_100_10,BIC,0.014177246257381353,0.15789473684210525,1.0,32.05263157894737
3,BFGS_orig_results_f1_100_10,AICc,0.014278136685689929,0.15789473684210525,1.0,31.63157894736842
4,BFGS_orig_results_f1_100_10,MDL,0.010429000377024236,0.21052631578947367,1.0,29.63157894736842
5,BFGS_orig_results_f1_100_10,Err_in,0.012226980269169132,0.3157894736842105,0.0,41.94736842105263
