,dataset,criteria,avg_test_error,precision_at_k,ground_truth_hit,avg_size
0,BFGS_orig_results_f5_100_3,MSE_train_opt,5.64004727889606e-05,0.6428571428571429,0.0,46.857142857142854
1,BFGS_orig_results_f5_100_3,AIC,4.171252186122347e-05,0.7428571428571429,1.0,36.97142857142857
2,BFGS_orig_results_f5_100_3,BIC,3.286150948386061e-05,0.7714285714285715,1.0,36.285714285714285
3,BFGS_orig_results_f5_100_3,AICc,3.5533903609223464e-05,0.7571428571428571,1.0,36.7
4,BFGS_orig_results_f5_100_3,MDL,3.320207403191204e-05,0.7714285714285715,1.0,36.114285714285714
5,BFGS_orig_results_f5_100_3,Err_in,5.64004727889606e-05,0.6428571428571429,0.0,46.857142857142854
