,dataset,criteria,avg_test_error,precision_at_k,ground_truth_hit,avg_size
0,BFGS_pert_results_f5_100_3,MSE_train_opt,0.04464382108019227,0.4166666666666667,0.0,45.916666666666664
1,BFGS_pert_results_f5_100_3,AIC,0.044655389942074464,0.5833333333333334,1.0,37.0625
2,BFGS_pert_results_f5_100_3,BIC,0.04464220930071731,0.5833333333333334,1.0,36.854166666666664
3,BFGS_pert_results_f5_100_3,AICc,0.044655389942074464,0.5833333333333334,1.0,37.0625
4,BFGS_pert_results_f5_100_3,MDL,0.043937631455767144,0.625,1.0,35.291666666666664
5,BFGS_pert_results_f5_100_3,Err_in,2.999315674523325,0.4791666666666667,1.0,48.75
