,dataset,criteria,avg_test_error,precision_at_k,ground_truth_hit,avg_size
0,BFGS_cluster_results_f5_100_3,MSE_train_opt,0.6285784867506881,0.9487179487179487,1.0,45.82051282051282
1,BFGS_cluster_results_f5_100_3,AIC,0.6285784867506881,0.9487179487179487,1.0,45.82051282051282
2,BFGS_cluster_results_f5_100_3,BIC,0.6285784867506881,0.9487179487179487,1.0,45.82051282051282
3,BFGS_cluster_results_f5_100_3,AICc,0.6285784867506881,0.9487179487179487,1.0,45.82051282051282
4,BFGS_cluster_results_f5_100_3,MDL,0.6285784867506881,0.9487179487179487,1.0,45.82051282051282
5,BFGS_cluster_results_f5_100_3,Err_in,0.6285784867506881,0.9487179487179487,1.0,45.82051282051282
