,dataset,criteria,avg_test_error,precision_at_k,ground_truth_hit,avg_size
0,BFGS_cluster_results_f2_100_2,MSE_train_opt,0.00017556573658497523,0.0,0.0,83.46153846153847
1,BFGS_cluster_results_f2_100_2,AIC,2.3412110437592318e-05,0.07692307692307693,1.0,26.153846153846153
2,BFGS_cluster_results_f2_100_2,BIC,1.52111713292724e-05,0.15384615384615385,1.0,23.846153846153847
3,BFGS_cluster_results_f2_100_2,AICc,2.2496208135913594e-05,0.15384615384615385,1.0,25.923076923076923
4,BFGS_cluster_results_f2_100_2,MDL,1.512331774623432e-05,0.15384615384615385,1.0,23.307692307692307
5,BFGS_cluster_results_f2_100_2,Err_in,1.51615855275549e-05,0.38461538461538464,0.0,29.384615384615383
