,dataset,criteria,avg_test_error,precision_at_k,ground_truth_hit,avg_size
0,BFGS_pert_results_f4_100_2,MSE_train_opt,0.5154680509873206,0.7608695652173914,0.0,48.369565217391305
1,BFGS_pert_results_f4_100_2,AIC,0.5157843820385856,0.6956521739130435,1.0,44.54347826086956
2,BFGS_pert_results_f4_100_2,BIC,0.014885998802754584,0.6956521739130435,1.0,42.23913043478261
3,BFGS_pert_results_f4_100_2,AICc,0.5157334043634693,0.6739130434782609,1.0,42.891304347826086
4,BFGS_pert_results_f4_100_2,MDL,0.5168901643135093,0.5434782608695652,1.0,34.95652173913044
5,BFGS_pert_results_f4_100_2,Err_in,0.020698271826869487,0.5652173913043478,0.0,49.84782608695652
