,dataset,criteria,avg_test_error,precision_at_k,ground_truth_hit,avg_size
0,BFGS_cluster_results_f6_100_2,MSE_train_opt,0.3284883881750641,0.926829268292683,1.0,52.1219512195122
1,BFGS_cluster_results_f6_100_2,AIC,0.3284883881750641,0.926829268292683,1.0,52.1219512195122
2,BFGS_cluster_results_f6_100_2,BIC,0.32848838817506404,0.926829268292683,1.0,52.1219512195122
3,BFGS_cluster_results_f6_100_2,AICc,0.32848838817506415,0.926829268292683,1.0,52.1219512195122
4,BFGS_cluster_results_f6_100_2,MDL,0.3284883881750641,0.926829268292683,1.0,52.1219512195122
5,BFGS_cluster_results_f6_100_2,Err_in,0.32103146488058004,0.9390243902439024,1.0,52.426829268292686
