,dataset,criteria,avg_test_error,precision_at_k,ground_truth_hit,avg_size
0,BFGS_cluster_results_f1_100_10,MSE_train_opt,0.06777081390438074,0.0,0.0,66.33333333333333
1,BFGS_cluster_results_f1_100_10,AIC,0.05614814957165327,0.0,0.0,45.833333333333336
2,BFGS_cluster_results_f1_100_10,BIC,0.0293605872332507,0.0,0.0,31.5
3,BFGS_cluster_results_f1_100_10,AICc,0.04788997712815297,0.0,0.0,39.5
4,BFGS_cluster_results_f1_100_10,MDL,0.010429959490966931,0.0,0.0,29.166666666666668
5,BFGS_cluster_results_f1_100_10,Err_in,0.023227087092017415,0.16666666666666666,0.0,31.833333333333332
