,dataset,criteria,avg_test_error,precision_at_k,ground_truth_hit,avg_size
0,BFGS_cluster_results_f3_100_1,MSE_train_opt,7.266708490370398e-05,0.5671641791044776,0.0,49.19402985074627
1,BFGS_cluster_results_f3_100_1,AIC,3.889773474722297e-05,0.835820895522388,1.0,31.70149253731343
2,BFGS_cluster_results_f3_100_1,BIC,2.4589510719420162e-05,0.8656716417910447,1.0,31.253731343283583
3,BFGS_cluster_results_f3_100_1,AICc,2.6443919082440885e-05,0.8507462686567164,1.0,31.53731343283582
4,BFGS_cluster_results_f3_100_1,MDL,3.10166655445191e-05,0.8955223880597015,1.0,31.104477611940297
5,BFGS_cluster_results_f3_100_1,Err_in,2.4890952316535767e-05,0.8656716417910447,1.0,35.35820895522388
