,dataset,criteria,avg_test_error,precision_at_k,ground_truth_hit,avg_size
0,BFGS_pert_results_f1_100_10,MSE_train_opt,0.02101052842350796,0.0,0.0,39.714285714285715
1,BFGS_pert_results_f1_100_10,AIC,0.015064431336480392,0.21428571428571427,1.0,31.5
2,BFGS_pert_results_f1_100_10,BIC,0.014302408773806202,0.21428571428571427,1.0,30.714285714285715
3,BFGS_pert_results_f1_100_10,AICc,0.015088195856472423,0.21428571428571427,1.0,31.142857142857142
4,BFGS_pert_results_f1_100_10,MDL,0.010429507521755999,0.2857142857142857,1.0,29.5
5,BFGS_pert_results_f1_100_10,Err_in,0.010353977096557014,0.42857142857142855,0.0,32.57142857142857
