,dataset,criteria,avg_test_error,precision_at_k,ground_truth_hit,avg_size
0,BFGS_orig_results_f3_100_1,MSE_train_opt,6.628264666276402e-07,0.9090909090909091,0.0,48.31818181818182
1,BFGS_orig_results_f3_100_1,AIC,5.534906191861714e-07,0.9204545454545454,1.0,41.15909090909091
2,BFGS_orig_results_f3_100_1,BIC,5.534906191861715e-07,0.9204545454545454,1.0,41.15909090909091
3,BFGS_orig_results_f3_100_1,AICc,5.534906191861716e-07,0.9204545454545454,1.0,41.15909090909091
4,BFGS_orig_results_f3_100_1,MDL,5.541337460246373e-07,0.9204545454545454,1.0,41.57954545454545
5,BFGS_orig_results_f3_100_1,Err_in,6.612807373142072e-07,0.9090909090909091,0.0,47.18181818181818
