,dataset,criteria,avg_test_error,precision_at_k,ground_truth_hit,avg_size
0,BFGS_cluster_results_f7_100_2,MSE_train_opt,0.008920237599160856,0.782051282051282,1.0,29.46153846153846
1,BFGS_cluster_results_f7_100_2,AIC,0.008731361875998208,0.8589743589743589,1.0,25.884615384615383
2,BFGS_cluster_results_f7_100_2,BIC,0.008640171237232663,0.8717948717948718,1.0,25.807692307692307
3,BFGS_cluster_results_f7_100_2,AICc,0.008731361875998208,0.8589743589743589,1.0,25.884615384615383
4,BFGS_cluster_results_f7_100_2,MDL,0.00864017137671815,0.8717948717948718,1.0,25.58974358974359
5,BFGS_cluster_results_f7_100_2,Err_in,0.008535209313560617,0.9102564102564102,1.0,27.628205128205128
