,dataset,criteria,avg_test_error,precision_at_k,ground_truth_hit,avg_size
0,BFGS_orig_results_f2_100_2,MSE_train_opt,1.0899955182693878e-05,0.45614035087719296,0.0,38.56140350877193
1,BFGS_orig_results_f2_100_2,AIC,6.892580505685157e-06,0.6491228070175439,1.0,27.403508771929825
2,BFGS_orig_results_f2_100_2,BIC,6.892580505685157e-06,0.6491228070175439,1.0,27.403508771929825
3,BFGS_orig_results_f2_100_2,AICc,6.892580505685157e-06,0.6491228070175439,1.0,27.403508771929825
4,BFGS_orig_results_f2_100_2,MDL,6.474955446836883e-06,0.6842105263157895,1.0,27.333333333333332
5,BFGS_orig_results_f2_100_2,Err_in,1.0899955182693878e-05,0.45614035087719296,0.0,38.56140350877193
