,dataset,criteria,avg_test_error,precision_at_k,ground_truth_hit,avg_size
0,BFGS_cluster_results_f5_100_3,MSE_train_opt,1.9680677251855108,0.9318181818181818,1.0,47.17045454545455
1,BFGS_cluster_results_f5_100_3,AIC,1.968067725185511,0.9318181818181818,1.0,47.17045454545455
2,BFGS_cluster_results_f5_100_3,BIC,1.968067725185511,0.9318181818181818,1.0,47.17045454545455
3,BFGS_cluster_results_f5_100_3,AICc,1.9680677251855108,0.9318181818181818,1.0,47.17045454545455
4,BFGS_cluster_results_f5_100_3,MDL,1.3900166596235857,0.9431818181818182,1.0,46.71590909090909
5,BFGS_cluster_results_f5_100_3,Err_in,1.2577107131816876,0.9318181818181818,1.0,46.88636363636363
