,dataset,criteria,avg_test_error,precision_at_k,ground_truth_hit,avg_size
0,BFGS_cluster_results_f6_100_2,MSE_train_opt,0.37172555456181294,0.5428571428571428,1.0,52.114285714285714
1,BFGS_cluster_results_f6_100_2,AIC,0.3642265533991433,0.5714285714285714,1.0,49.8
2,BFGS_cluster_results_f6_100_2,BIC,0.36489178818137236,0.5714285714285714,1.0,44.114285714285714
3,BFGS_cluster_results_f6_100_2,AICc,0.36410414435208965,0.5714285714285714,1.0,48.51428571428571
4,BFGS_cluster_results_f6_100_2,MDL,0.3825531580596286,0.5428571428571428,1.0,36.34285714285714
5,BFGS_cluster_results_f6_100_2,Err_in,0.25975224989148066,0.5714285714285714,1.0,47.142857142857146
