,dataset,criteria,avg_test_error,precision_at_k,ground_truth_hit,avg_size
0,BFGS_orig_results_f5_100_3,MSE_train_opt,0.00016092109298821046,0.0,0.0,57.714285714285715
1,BFGS_orig_results_f5_100_3,AIC,5.081759207808623e-05,0.14285714285714285,1.0,31.0
2,BFGS_orig_results_f5_100_3,BIC,5.081759207808623e-05,0.14285714285714285,1.0,31.0
3,BFGS_orig_results_f5_100_3,AICc,5.081759207808623e-05,0.14285714285714285,1.0,31.0
4,BFGS_orig_results_f5_100_3,MDL,2.5735153746283117e-07,0.14285714285714285,1.0,27.428571428571427
5,BFGS_orig_results_f5_100_3,Err_in,0.00016092109298821046,0.0,0.0,57.714285714285715
