,dataset,criteria,avg_test_error,precision_at_k,ground_truth_hit,avg_size
0,BFGS_pert_results_f6_100_2,MSE_train_opt,0.3840384719164812,1.0,0.0,50.027027027027025
1,BFGS_pert_results_f6_100_2,AIC,0.3840384719164812,1.0,0.0,50.027027027027025
2,BFGS_pert_results_f6_100_2,BIC,0.38403847191648116,1.0,0.0,50.027027027027025
3,BFGS_pert_results_f6_100_2,AICc,0.3840384719164812,1.0,0.0,50.027027027027025
4,BFGS_pert_results_f6_100_2,MDL,0.38515190728666376,0.972972972972973,0.0,48.972972972972975
5,BFGS_pert_results_f6_100_2,Err_in,0.9117604353535045,0.5135135135135135,1.0,47.648648648648646
