,dataset,criteria,avg_test_error,precision_at_k,ground_truth_hit,avg_size
0,BFGS_cluster_results_f3_100_1,MSE_train_opt,0.00019343933957149595,0.0,0.0,75.75
1,BFGS_cluster_results_f3_100_1,AIC,1.6370184830240737e-05,0.25,1.0,24.083333333333332
2,BFGS_cluster_results_f3_100_1,BIC,1.6370184830240737e-05,0.25,1.0,24.083333333333332
3,BFGS_cluster_results_f3_100_1,AICc,1.6370184830240737e-05,0.25,1.0,24.083333333333332
4,BFGS_cluster_results_f3_100_1,MDL,1.4656545719092777e-05,0.16666666666666666,1.0,23.166666666666668
5,BFGS_cluster_results_f3_100_1,Err_in,1.7332316014704137e-05,0.16666666666666666,0.0,32.0
