,dataset,criteria,avg_test_error,precision_at_k,ground_truth_hit,avg_size
0,BFGS_cluster_results_f6_100_2,MSE_train_opt,0.24655234664320613,0.8484848484848485,1.0,53.09090909090909
1,BFGS_cluster_results_f6_100_2,AIC,0.24655234664320613,0.8484848484848485,1.0,53.09090909090909
2,BFGS_cluster_results_f6_100_2,BIC,0.24655234664320608,0.8484848484848485,1.0,53.09090909090909
3,BFGS_cluster_results_f6_100_2,AICc,0.24655234664320608,0.8484848484848485,1.0,53.09090909090909
4,BFGS_cluster_results_f6_100_2,MDL,0.26293676356928625,0.8333333333333334,1.0,50.015151515151516
5,BFGS_cluster_results_f6_100_2,Err_in,0.2669312429861437,0.8484848484848485,1.0,52.34848484848485
