,dataset,criteria,avg_test_error,precision_at_k,ground_truth_hit,avg_size
0,BFGS_cluster_results_f7_100_2,MSE_train_opt,0.009525584994094716,0.3684210526315789,0.0,32.26315789473684
1,BFGS_cluster_results_f7_100_2,AIC,0.008802193548986958,0.4473684210526316,1.0,23.736842105263158
2,BFGS_cluster_results_f7_100_2,BIC,0.008802193548986958,0.4473684210526316,1.0,23.736842105263158
3,BFGS_cluster_results_f7_100_2,AICc,0.008802193548986958,0.4473684210526316,1.0,23.736842105263158
4,BFGS_cluster_results_f7_100_2,MDL,0.008490928253449489,0.5263157894736842,1.0,23.36842105263158
5,BFGS_cluster_results_f7_100_2,Err_in,0.008646156089942314,0.4473684210526316,0.0,28.842105263157894
