,dataset,criteria,avg_test_error,precision_at_k,ground_truth_hit,avg_size
0,BFGS_orig_results_f1_100_10,MSE_train_opt,0.022832450207806124,0.0,0.0,40.166666666666664
1,BFGS_orig_results_f1_100_10,AIC,0.015826398188034677,0.08333333333333333,1.0,31.416666666666668
2,BFGS_orig_results_f1_100_10,BIC,0.014842452939112925,0.16666666666666666,1.0,30.916666666666668
3,BFGS_orig_results_f1_100_10,AICc,0.015826398188034677,0.08333333333333333,1.0,31.416666666666668
4,BFGS_orig_results_f1_100_10,MDL,0.010404374928439916,0.16666666666666666,1.0,29.333333333333332
5,BFGS_orig_results_f1_100_10,Err_in,0.01313193873447266,0.25,0.0,45.833333333333336
