,dataset,criteria,avg_test_error,precision_at_k,ground_truth_hit,avg_size
0,BFGS_orig_results_f5_100_3,MSE_train_opt,0.0001060210548419011,0.0,0.0,54.68181818181818
1,BFGS_orig_results_f5_100_3,AIC,3.67513137981054e-05,0.09090909090909091,1.0,31.363636363636363
2,BFGS_orig_results_f5_100_3,BIC,3.34468742131536e-05,0.09090909090909091,1.0,31.318181818181817
3,BFGS_orig_results_f5_100_3,AICc,3.675131379810541e-05,0.09090909090909091,1.0,31.363636363636363
4,BFGS_orig_results_f5_100_3,MDL,1.3291753390264473e-05,0.3181818181818182,1.0,29.363636363636363
5,BFGS_orig_results_f5_100_3,Err_in,0.0001060210548419011,0.0,0.0,54.68181818181818
