,dataset,criteria,avg_test_error,precision_at_k,ground_truth_hit,avg_size
0,BFGS_orig_results_f7_100_2,MSE_train_opt,0.008421377900811744,0.425531914893617,1.0,31.319148936170212
1,BFGS_orig_results_f7_100_2,AIC,0.008458854236996409,0.574468085106383,1.0,24.74468085106383
2,BFGS_orig_results_f7_100_2,BIC,0.008458854236996409,0.574468085106383,1.0,24.74468085106383
3,BFGS_orig_results_f7_100_2,AICc,0.008458854236996409,0.574468085106383,1.0,24.74468085106383
4,BFGS_orig_results_f7_100_2,MDL,0.008393781955244825,0.5957446808510638,1.0,24.29787234042553
5,BFGS_orig_results_f7_100_2,Err_in,0.008148662026029893,0.5106382978723404,1.0,30.127659574468087
