,dataset,criteria,avg_test_error,precision_at_k,ground_truth_hit,avg_size
0,BFGS_orig_results_f5_100_3,MSE_train_opt,5.127811576091784e-05,0.7662337662337663,0.0,46.857142857142854
1,BFGS_orig_results_f5_100_3,AIC,4.2274926963606584e-05,0.7922077922077922,1.0,38.5974025974026
2,BFGS_orig_results_f5_100_3,BIC,4.2274926963606584e-05,0.7922077922077922,1.0,38.5974025974026
3,BFGS_orig_results_f5_100_3,AICc,4.227492696360659e-05,0.7922077922077922,1.0,38.5974025974026
4,BFGS_orig_results_f5_100_3,MDL,3.3397177301266536e-05,0.8311688311688312,1.0,38.311688311688314
5,BFGS_orig_results_f5_100_3,Err_in,5.127811576091784e-05,0.7662337662337663,0.0,46.857142857142854
