,dataset,criteria,avg_test_error,precision_at_k,ground_truth_hit,avg_size
0,BFGS_pert_results_f5_100_3,MSE_train_opt,0.04315682870204273,0.35714285714285715,0.0,45.476190476190474
1,BFGS_pert_results_f5_100_3,AIC,0.04317005455564173,0.47619047619047616,1.0,37.333333333333336
2,BFGS_pert_results_f5_100_3,BIC,0.04317005455564173,0.47619047619047616,1.0,37.333333333333336
3,BFGS_pert_results_f5_100_3,AICc,0.04317005455564173,0.47619047619047616,1.0,37.333333333333336
4,BFGS_pert_results_f5_100_3,MDL,0.04234949351084833,0.5714285714285714,1.0,34.476190476190474
5,BFGS_pert_results_f5_100_3,Err_in,3.4199246609604224,0.38095238095238093,0.0,50.976190476190474
