,dataset,criteria,avg_test_error,precision_at_k,ground_truth_hit,avg_size
0,BFGS_pert_results_f7_100_2,MSE_train_opt,0.008582055490563926,0.038461538461538464,0.0,32.96153846153846
1,BFGS_pert_results_f7_100_2,AIC,0.008433060489616631,0.038461538461538464,1.0,23.807692307692307
2,BFGS_pert_results_f7_100_2,BIC,0.008433060489616631,0.038461538461538464,1.0,23.807692307692307
3,BFGS_pert_results_f7_100_2,AICc,0.008433060489616631,0.038461538461538464,1.0,23.807692307692307
4,BFGS_pert_results_f7_100_2,MDL,0.008395321987168686,0.15384615384615385,1.0,23.307692307692307
5,BFGS_pert_results_f7_100_2,Err_in,0.00841213545554575,0.3076923076923077,0.0,27.53846153846154
