,dataset,criteria,avg_test_error,precision_at_k,ground_truth_hit,avg_size
0,BFGS_cluster_results_f2_100_2,MSE_train_opt,5.387360916291806e-05,0.7848101265822784,0.0,43.41772151898734
1,BFGS_cluster_results_f2_100_2,AIC,2.9215030988719658e-05,0.9113924050632911,1.0,30.78481012658228
2,BFGS_cluster_results_f2_100_2,BIC,2.9215030988719665e-05,0.9113924050632911,1.0,30.78481012658228
3,BFGS_cluster_results_f2_100_2,AICc,2.9215030988719658e-05,0.9113924050632911,1.0,30.78481012658228
4,BFGS_cluster_results_f2_100_2,MDL,2.7464836441137358e-05,0.9240506329113924,1.0,30.70886075949367
5,BFGS_cluster_results_f2_100_2,Err_in,2.2936577190330093e-05,0.9746835443037974,1.0,32.9746835443038
