,dataset,criteria,avg_test_error,precision_at_k,ground_truth_hit,avg_size
0,BFGS_orig_results_f6_100_2,MSE_train_opt,0.0006085448069574819,0.7894736842105263,0.0,48.46052631578947
1,BFGS_orig_results_f6_100_2,AIC,0.0006453350510137131,0.8026315789473685,1.0,37.25
2,BFGS_orig_results_f6_100_2,BIC,0.0006453350510137131,0.8026315789473685,1.0,37.25
3,BFGS_orig_results_f6_100_2,AICc,0.0006453350510137131,0.8026315789473685,1.0,37.25
4,BFGS_orig_results_f6_100_2,MDL,0.0006074760014923455,0.8157894736842105,1.0,37.13157894736842
5,BFGS_orig_results_f6_100_2,Err_in,0.0006085448069574819,0.7894736842105263,0.0,48.46052631578947
