,dataset,criteria,avg_test_error,precision_at_k,ground_truth_hit,avg_size
0,BFGS_cluster_results_f1_100_10,MSE_train_opt,0.05534030894104259,0.0,0.0,60.04761904761905
1,BFGS_cluster_results_f1_100_10,AIC,0.03156434168446794,0.14285714285714285,1.0,37.714285714285715
2,BFGS_cluster_results_f1_100_10,BIC,0.02251403399240657,0.14285714285714285,1.0,33.523809523809526
3,BFGS_cluster_results_f1_100_10,AICc,0.03017728752100232,0.14285714285714285,1.0,36.476190476190474
4,BFGS_cluster_results_f1_100_10,MDL,0.014041315476374727,0.5714285714285714,1.0,29.904761904761905
5,BFGS_cluster_results_f1_100_10,Err_in,0.01408456655038801,0.6666666666666666,1.0,31.047619047619047
