,dataset,criteria,avg_test_error,precision_at_k,ground_truth_hit,avg_size
0,BFGS_cluster_results_f1_100_10,MSE_train_opt,0.028578269706740555,0.7848101265822784,1.0,44.265822784810126
1,BFGS_cluster_results_f1_100_10,AIC,0.022513009592646422,0.8481012658227848,1.0,38.36708860759494
2,BFGS_cluster_results_f1_100_10,BIC,0.01944061680984019,0.8860759493670886,1.0,37.40506329113924
3,BFGS_cluster_results_f1_100_10,AICc,0.02097272839655707,0.8734177215189873,1.0,37.41772151898734
4,BFGS_cluster_results_f1_100_10,MDL,0.020293256912379713,0.8860759493670886,1.0,36.41772151898734
5,BFGS_cluster_results_f1_100_10,Err_in,0.0177597598362056,0.9113924050632911,1.0,39.50632911392405
