,dataset,criteria,avg_test_error,precision_at_k,ground_truth_hit,avg_size
0,BFGS_orig_results_f4_100_2,MSE_train_opt,0.002447793708533598,0.8148148148148148,0.0,47.69135802469136
1,BFGS_orig_results_f4_100_2,AIC,0.0024416728033283207,0.8271604938271605,1.0,41.30864197530864
2,BFGS_orig_results_f4_100_2,BIC,0.0024412215770389712,0.8271604938271605,1.0,41.19753086419753
3,BFGS_orig_results_f4_100_2,AICc,0.0024412215770389712,0.8271604938271605,1.0,41.19753086419753
4,BFGS_orig_results_f4_100_2,MDL,0.002428486280401382,0.8271604938271605,1.0,41.382716049382715
5,BFGS_orig_results_f4_100_2,Err_in,0.002447793708533598,0.8148148148148148,0.0,47.69135802469136
