,dataset,criteria,avg_test_error,precision_at_k,ground_truth_hit,avg_size
0,BFGS_orig_results_f3_100_1,MSE_train_opt,1.0314040478285341e-06,0.3090909090909091,0.0,44.981818181818184
1,BFGS_orig_results_f3_100_1,AIC,4.374168189525766e-07,0.5454545454545454,1.0,30.527272727272727
2,BFGS_orig_results_f3_100_1,BIC,4.374168189525766e-07,0.5454545454545454,1.0,30.527272727272727
3,BFGS_orig_results_f3_100_1,AICc,4.374168189525766e-07,0.5454545454545454,1.0,30.527272727272727
4,BFGS_orig_results_f3_100_1,MDL,4.276335353698634e-07,0.5636363636363636,1.0,30.363636363636363
5,BFGS_orig_results_f3_100_1,Err_in,1.0400868746802295e-06,0.3090909090909091,0.0,45.03636363636364
