,dataset,criteria,avg_test_error,precision_at_k,ground_truth_hit,avg_size
0,BFGS_orig_results_f2_100_2,MSE_train_opt,9.583387414580715e-06,0.8148148148148148,0.0,39.67901234567901
1,BFGS_orig_results_f2_100_2,AIC,8.166468643572218e-06,0.8395061728395061,1.0,32.901234567901234
2,BFGS_orig_results_f2_100_2,BIC,8.166468643572218e-06,0.8395061728395061,1.0,32.901234567901234
3,BFGS_orig_results_f2_100_2,AICc,8.166468643572218e-06,0.8395061728395061,1.0,32.901234567901234
4,BFGS_orig_results_f2_100_2,MDL,7.5918777762920815e-06,0.8518518518518519,1.0,33.25925925925926
5,BFGS_orig_results_f2_100_2,Err_in,9.583387414580715e-06,0.8148148148148148,0.0,39.67901234567901
