,dataset,criteria,avg_test_error,precision_at_k,ground_truth_hit,avg_size
0,BFGS_orig_results_f2_100_2,MSE_train_opt,1.5119048674814888e-05,0.0,0.0,36.06666666666667
1,BFGS_orig_results_f2_100_2,AIC,2.4307015683593483e-06,0.06666666666666667,1.0,24.333333333333332
2,BFGS_orig_results_f2_100_2,BIC,2.4307015683593483e-06,0.06666666666666667,1.0,24.333333333333332
3,BFGS_orig_results_f2_100_2,AICc,2.4307015683593483e-06,0.06666666666666667,1.0,24.333333333333332
4,BFGS_orig_results_f2_100_2,MDL,1.0533356042703265e-05,0.2,1.0,23.933333333333334
5,BFGS_orig_results_f2_100_2,Err_in,1.5119048674814888e-05,0.0,0.0,36.06666666666667
