,dataset,criteria,avg_test_error,precision_at_k,ground_truth_hit,avg_size
0,BFGS_orig_results_f3_100_1,MSE_train_opt,2.9296636286389867e-06,0.0,0.0,51.294117647058826
1,BFGS_orig_results_f3_100_1,AIC,5.033894319929097e-07,0.11764705882352941,1.0,25.41176470588235
2,BFGS_orig_results_f3_100_1,BIC,5.033894319929097e-07,0.11764705882352941,1.0,25.41176470588235
3,BFGS_orig_results_f3_100_1,AICc,5.033894319929097e-07,0.11764705882352941,1.0,25.41176470588235
4,BFGS_orig_results_f3_100_1,MDL,3.833275867945889e-07,0.17647058823529413,1.0,24.11764705882353
5,BFGS_orig_results_f3_100_1,Err_in,2.9295378498499082e-06,0.0,0.0,48.88235294117647
