,dataset,criteria,avg_test_error,precision_at_k,ground_truth_hit,avg_size
0,BFGS_cluster_results_f4_100_2,MSE_train_opt,0.001138992435522178,0.7222222222222222,0.0,51.30555555555556
1,BFGS_cluster_results_f4_100_2,AIC,0.0008591604383511791,0.8333333333333334,1.0,37.0
2,BFGS_cluster_results_f4_100_2,BIC,0.0008392104797736486,0.8333333333333334,1.0,36.736111111111114
3,BFGS_cluster_results_f4_100_2,AICc,0.0008392104797736486,0.8333333333333334,1.0,36.736111111111114
4,BFGS_cluster_results_f4_100_2,MDL,0.0008068120870972403,0.8472222222222222,1.0,36.666666666666664
5,BFGS_cluster_results_f4_100_2,Err_in,0.0009219452787590124,0.8194444444444444,1.0,45.05555555555556
