,dataset,criteria,avg_test_error,precision_at_k,ground_truth_hit,avg_size
0,BFGS_orig_results_f1_100_10,MSE_train_opt,0.03319932190137877,0.0,0.0,41.0
1,BFGS_orig_results_f1_100_10,AIC,0.028186250232698936,0.0,0.0,34.666666666666664
2,BFGS_orig_results_f1_100_10,BIC,0.028186250232698936,0.0,0.0,34.666666666666664
3,BFGS_orig_results_f1_100_10,AICc,0.028186250232698936,0.0,0.0,34.666666666666664
4,BFGS_orig_results_f1_100_10,MDL,0.010680897787323132,0.0,1.0,28.333333333333332
5,BFGS_orig_results_f1_100_10,Err_in,0.005870308972885867,0.6666666666666666,0.0,30.0
