,dataset,criteria,avg_test_error,precision_at_k,ground_truth_hit,avg_size
0,BFGS_cluster_results_f1_100_10,MSE_train_opt,0.03215340992183577,0.5454545454545454,0.0,46.77272727272727
1,BFGS_cluster_results_f1_100_10,AIC,0.019694499319726316,0.7727272727272727,1.0,35.878787878787875
2,BFGS_cluster_results_f1_100_10,BIC,0.018805461541157874,0.8181818181818182,1.0,34.696969696969695
3,BFGS_cluster_results_f1_100_10,AICc,0.01964936685904121,0.7727272727272727,1.0,35.63636363636363
4,BFGS_cluster_results_f1_100_10,MDL,0.01705577825382603,0.8787878787878788,1.0,33.96969696969697
5,BFGS_cluster_results_f1_100_10,Err_in,0.015283295547609536,0.8636363636363636,1.0,36.89393939393939
