,dataset,criteria,avg_test_error,precision_at_k,ground_truth_hit,avg_size
0,BFGS_cluster_results_f5_100_3,MSE_train_opt,0.003352194126083083,0.0,0.0,69.83333333333333
1,BFGS_cluster_results_f5_100_3,AIC,0.023804893544688,0.0,0.0,35.166666666666664
2,BFGS_cluster_results_f5_100_3,BIC,0.0021216110838172164,0.16666666666666666,1.0,32.0
3,BFGS_cluster_results_f5_100_3,AICc,0.0019455190235032,0.16666666666666666,1.0,33.166666666666664
4,BFGS_cluster_results_f5_100_3,MDL,0.0012648959983666166,0.16666666666666666,1.0,27.333333333333332
5,BFGS_cluster_results_f5_100_3,Err_in,0.029367868855135763,0.0,0.0,42.0
