,dataset,criteria,avg_test_error,precision_at_k,ground_truth_hit,avg_size
0,BFGS_orig_results_f4_100_2,MSE_train_opt,0.005836766138777226,0.0,0.0,46.57575757575758
1,BFGS_orig_results_f4_100_2,AIC,0.000603861090151731,0.2727272727272727,1.0,34.0
2,BFGS_orig_results_f4_100_2,BIC,0.0002202535845772758,0.30303030303030304,1.0,33.0
3,BFGS_orig_results_f4_100_2,AICc,0.0002226830293701148,0.30303030303030304,1.0,33.09090909090909
4,BFGS_orig_results_f4_100_2,MDL,0.004973394079939096,0.3939393939393939,1.0,32.93939393939394
5,BFGS_orig_results_f4_100_2,Err_in,0.005836766138777226,0.0,0.0,46.57575757575758
