,dataset,criteria,avg_test_error,precision_at_k,ground_truth_hit,avg_size
0,BFGS_orig_results_f3_100_1,MSE_train_opt,1.7537940271955205e-06,0.0,0.0,45.833333333333336
1,BFGS_orig_results_f3_100_1,AIC,6.33964156842878e-07,0.23333333333333334,1.0,25.833333333333332
2,BFGS_orig_results_f3_100_1,BIC,6.33964156842878e-07,0.23333333333333334,1.0,25.833333333333332
3,BFGS_orig_results_f3_100_1,AICc,6.33964156842878e-07,0.23333333333333334,1.0,25.833333333333332
4,BFGS_orig_results_f3_100_1,MDL,5.451238355422269e-07,0.36666666666666664,1.0,25.966666666666665
5,BFGS_orig_results_f3_100_1,Err_in,1.7662713319506401e-06,0.0,0.0,43.766666666666666
