,dataset,criteria,avg_test_error,precision_at_k,ground_truth_hit,avg_size
0,BFGS_pert_results_f2_100_2,MSE_train_opt,0.012874884353929297,0.7872340425531915,0.0,44.808510638297875
1,BFGS_pert_results_f2_100_2,AIC,0.012878895342650729,0.7659574468085106,1.0,39.51063829787234
2,BFGS_pert_results_f2_100_2,BIC,0.01287772204924077,0.7659574468085106,1.0,39.42553191489362
3,BFGS_pert_results_f2_100_2,AICc,0.01287889534265073,0.7659574468085106,1.0,39.51063829787234
4,BFGS_pert_results_f2_100_2,MDL,0.012920416048354373,0.7446808510638298,1.0,37.95744680851064
5,BFGS_pert_results_f2_100_2,Err_in,0.01393058235837691,0.5957446808510638,0.0,44.191489361702125
