,dataset,criteria,avg_test_error,precision_at_k,ground_truth_hit,avg_size
0,BFGS_cluster_results_f5_100_3,MSE_train_opt,0.08153443032234406,0.8837209302325582,1.0,46.2093023255814
1,BFGS_cluster_results_f5_100_3,AIC,0.008790670768468508,0.9069767441860465,1.0,45.02325581395349
2,BFGS_cluster_results_f5_100_3,BIC,0.008923638677218713,0.9069767441860465,1.0,42.13953488372093
3,BFGS_cluster_results_f5_100_3,AICc,0.008923638677218713,0.9069767441860465,1.0,42.13953488372093
4,BFGS_cluster_results_f5_100_3,MDL,0.0056615442577179,0.9069767441860465,1.0,39.81395348837209
5,BFGS_cluster_results_f5_100_3,Err_in,0.010530422614708263,0.7906976744186046,1.0,37.97674418604651
