,dataset,criteria,avg_test_error,precision_at_k,ground_truth_hit,avg_size
0,BFGS_cluster_results_f3_100_1,MSE_train_opt,0.0001384001814693976,0.0,0.0,66.06896551724138
1,BFGS_cluster_results_f3_100_1,AIC,1.6556921880780086e-05,0.4482758620689655,1.0,26.03448275862069
2,BFGS_cluster_results_f3_100_1,BIC,1.3809121511228169e-05,0.4482758620689655,1.0,25.517241379310345
3,BFGS_cluster_results_f3_100_1,AICc,1.3809121511228169e-05,0.4482758620689655,1.0,25.517241379310345
4,BFGS_cluster_results_f3_100_1,MDL,1.3223990733461072e-05,0.41379310344827586,1.0,24.93103448275862
5,BFGS_cluster_results_f3_100_1,Err_in,1.3201144383671282e-05,0.5517241379310345,0.0,29.93103448275862
