,dataset,criteria,avg_test_error,precision_at_k,ground_truth_hit,avg_size
0,BFGS_cluster_results_f1_100_10,MSE_train_opt,0.030911932814183973,0.6285714285714286,0.0,46.01428571428571
1,BFGS_cluster_results_f1_100_10,AIC,0.021139066931830704,0.8,1.0,37.3
2,BFGS_cluster_results_f1_100_10,BIC,0.019719912212385185,0.8285714285714286,1.0,35.42857142857143
3,BFGS_cluster_results_f1_100_10,AICc,0.019250883568970974,0.8285714285714286,1.0,36.24285714285714
4,BFGS_cluster_results_f1_100_10,MDL,0.017612271321487454,0.8857142857142857,1.0,34.6
5,BFGS_cluster_results_f1_100_10,Err_in,0.015880292407749977,0.9142857142857143,1.0,37.457142857142856
