,dataset,criteria,avg_test_error,precision_at_k,ground_truth_hit,avg_size
0,BFGS_cluster_results_f5_100_3,MSE_train_opt,0.6283548111114877,0.96,1.0,46.093333333333334
1,BFGS_cluster_results_f5_100_3,AIC,0.6283548111114877,0.96,1.0,46.093333333333334
2,BFGS_cluster_results_f5_100_3,BIC,0.6283548111114877,0.96,1.0,46.093333333333334
3,BFGS_cluster_results_f5_100_3,AICc,0.6283548111114877,0.96,1.0,46.093333333333334
4,BFGS_cluster_results_f5_100_3,MDL,0.6283548111114877,0.96,1.0,46.093333333333334
5,BFGS_cluster_results_f5_100_3,Err_in,0.6296963266469147,0.9466666666666667,1.0,45.96
