,dataset,criteria,avg_test_error,precision_at_k,ground_truth_hit,avg_size
0,BFGS_orig_results_f7_100_2,MSE_train_opt,0.008428468040124917,0.32558139534883723,1.0,31.976744186046513
1,BFGS_orig_results_f7_100_2,AIC,0.008398303540370444,0.5581395348837209,1.0,24.325581395348838
2,BFGS_orig_results_f7_100_2,BIC,0.008398303540370444,0.5581395348837209,1.0,24.325581395348838
3,BFGS_orig_results_f7_100_2,AICc,0.008398303540370444,0.5581395348837209,1.0,24.325581395348838
4,BFGS_orig_results_f7_100_2,MDL,0.008398299223128696,0.5116279069767442,1.0,24.0
5,BFGS_orig_results_f7_100_2,Err_in,0.008130383757019771,0.46511627906976744,0.0,30.74418604651163
