,dataset,criteria,avg_test_error,precision_at_k,ground_truth_hit,avg_size
0,BFGS_orig_results_f4_100_2,MSE_train_opt,0.0046447038877191,0.0,0.0,44.666666666666664
1,BFGS_orig_results_f4_100_2,AIC,0.000254162724851515,0.3333333333333333,1.0,32.666666666666664
2,BFGS_orig_results_f4_100_2,BIC,2.174014944691604e-05,0.3333333333333333,1.0,28.0
3,BFGS_orig_results_f4_100_2,AICc,0.0002668112752786848,0.3333333333333333,1.0,30.0
4,BFGS_orig_results_f4_100_2,MDL,1.7466061462041067e-19,0.3333333333333333,1.0,27.333333333333332
5,BFGS_orig_results_f4_100_2,Err_in,0.0046447038877191,0.0,0.0,44.666666666666664
