,dataset,criteria,avg_test_error,precision_at_k,ground_truth_hit,avg_size
0,BFGS_orig_results_f6_100_2,MSE_train_opt,0.0005114789179168978,0.6666666666666666,0.0,52.638888888888886
1,BFGS_orig_results_f6_100_2,AIC,0.0006515850267226858,0.3333333333333333,1.0,30.77777777777778
2,BFGS_orig_results_f6_100_2,BIC,0.0006515850267226858,0.3333333333333333,1.0,30.77777777777778
3,BFGS_orig_results_f6_100_2,AICc,0.0006515850267226858,0.3333333333333333,1.0,30.77777777777778
4,BFGS_orig_results_f6_100_2,MDL,0.0006482880121058093,0.3611111111111111,1.0,30.63888888888889
5,BFGS_orig_results_f6_100_2,Err_in,0.0005114789179168978,0.6666666666666666,0.0,52.638888888888886
