,dataset,criteria,avg_test_error,precision_at_k,ground_truth_hit,avg_size
0,BFGS_pert_results_f5_100_3,MSE_train_opt,0.012022402595217052,0.8333333333333334,0.0,51.833333333333336
1,BFGS_pert_results_f5_100_3,AIC,0.012022402595217052,0.8333333333333334,0.0,51.833333333333336
2,BFGS_pert_results_f5_100_3,BIC,0.012022402595217052,0.8333333333333334,0.0,51.833333333333336
3,BFGS_pert_results_f5_100_3,AICc,0.012022402595217052,0.8333333333333334,0.0,51.833333333333336
4,BFGS_pert_results_f5_100_3,MDL,0.010609865111159444,0.8333333333333334,0.0,45.166666666666664
5,BFGS_pert_results_f5_100_3,Err_in,6.083939668497023,0.0,0.0,53.583333333333336
