,dataset,criteria,avg_test_error,precision_at_k,ground_truth_hit,avg_size
0,BFGS_cluster_results_f7_100_2,MSE_train_opt,0.00892770621763719,0.7662337662337663,1.0,29.532467532467532
1,BFGS_cluster_results_f7_100_2,AIC,0.00873637750449289,0.8441558441558441,1.0,25.83116883116883
2,BFGS_cluster_results_f7_100_2,BIC,0.008644002557632048,0.8571428571428571,1.0,25.74025974025974
3,BFGS_cluster_results_f7_100_2,AICc,0.00873637750449289,0.8441558441558441,1.0,25.83116883116883
4,BFGS_cluster_results_f7_100_2,MDL,0.008644002698929036,0.8571428571428571,1.0,25.51948051948052
5,BFGS_cluster_results_f7_100_2,Err_in,0.008537677550301407,0.9090909090909091,1.0,27.51948051948052
