,dataset,criteria,avg_test_error,precision_at_k,ground_truth_hit,avg_size
0,BFGS_cluster_results_f4_100_2,MSE_train_opt,0.0011218036644218094,0.7567567567567568,0.0,51.36486486486486
1,BFGS_cluster_results_f4_100_2,AIC,0.0008734258540415704,0.8378378378378378,1.0,37.729729729729726
2,BFGS_cluster_results_f4_100_2,BIC,0.0008592577324570648,0.8378378378378378,1.0,37.391891891891895
3,BFGS_cluster_results_f4_100_2,AICc,0.0008815587606865609,0.8243243243243243,1.0,37.567567567567565
4,BFGS_cluster_results_f4_100_2,MDL,0.0008231634582017689,0.8648648648648649,1.0,37.270270270270274
5,BFGS_cluster_results_f4_100_2,Err_in,0.0009143544033082041,0.8243243243243243,1.0,45.270270270270274
