,dataset,criteria,avg_test_error,precision_at_k,ground_truth_hit,avg_size
0,BFGS_pert_results_f3_100_1,MSE_train_opt,0.00035565227992892843,0.96,0.0,48.08
1,BFGS_pert_results_f3_100_1,AIC,0.0003101521635020685,0.96,0.0,46.12
2,BFGS_pert_results_f3_100_1,BIC,0.0003165520493871204,0.92,0.0,46.04
3,BFGS_pert_results_f3_100_1,AICc,0.00031015216350206845,0.96,0.0,46.12
4,BFGS_pert_results_f3_100_1,MDL,0.001181197916913099,0.52,1.0,28.08
5,BFGS_pert_results_f3_100_1,Err_in,0.0018560210293340964,0.32,1.0,42.96
