,dataset,criteria,avg_test_error,precision_at_k,ground_truth_hit,avg_size
0,BFGS_pert_results_f2_100_2,MSE_train_opt,0.011669571266965615,0.0,0.0,47.333333333333336
1,BFGS_pert_results_f2_100_2,AIC,0.011669571266965615,0.0,0.0,47.333333333333336
2,BFGS_pert_results_f2_100_2,BIC,0.011615192794441566,0.16666666666666666,0.0,46.666666666666664
3,BFGS_pert_results_f2_100_2,AICc,0.011615192794441566,0.16666666666666666,0.0,46.666666666666664
4,BFGS_pert_results_f2_100_2,MDL,0.0114743449845511,0.16666666666666666,0.0,26.833333333333332
5,BFGS_pert_results_f2_100_2,Err_in,0.01330249106799495,0.16666666666666666,0.0,29.333333333333332
