,dataset,criteria,avg_test_error,precision_at_k,ground_truth_hit,avg_size
0,BFGS_orig_results_f3_100_1,MSE_train_opt,8.215298760821798e-07,0.647887323943662,0.0,46.971830985915496
1,BFGS_orig_results_f3_100_1,AIC,4.837167121381995e-07,0.7183098591549296,1.0,33.929577464788736
2,BFGS_orig_results_f3_100_1,BIC,4.837167121381995e-07,0.7183098591549296,1.0,33.929577464788736
3,BFGS_orig_results_f3_100_1,AICc,4.837167121381995e-07,0.7183098591549296,1.0,33.929577464788736
4,BFGS_orig_results_f3_100_1,MDL,6.170330558474106e-07,0.7183098591549296,1.0,33.95774647887324
5,BFGS_orig_results_f3_100_1,Err_in,8.196155612150777e-07,0.647887323943662,0.0,46.08450704225352
