,dataset,criteria,avg_test_error,precision_at_k,ground_truth_hit,avg_size
0,BFGS_pert_results_f5_100_3,MSE_train_opt,0.027295576637432484,0.5555555555555556,0.0,49.0
1,BFGS_pert_results_f5_100_3,AIC,0.027295519704878875,0.5555555555555556,1.0,44.94444444444444
2,BFGS_pert_results_f5_100_3,BIC,0.027295519704878875,0.5555555555555556,1.0,44.94444444444444
3,BFGS_pert_results_f5_100_3,AICc,0.027295519704878875,0.5555555555555556,1.0,44.94444444444444
4,BFGS_pert_results_f5_100_3,MDL,0.025424165891350086,0.5555555555555556,1.0,39.611111111111114
5,BFGS_pert_results_f5_100_3,Err_in,7.918628403405378,0.05555555555555555,0.0,56.888888888888886
