,dataset,criteria,avg_test_error,precision_at_k,ground_truth_hit,avg_size
0,BFGS_pert_results_f2_100_2,MSE_train_opt,0.012783543346755114,0.8,0.0,44.666666666666664
1,BFGS_pert_results_f2_100_2,AIC,0.012786287562739071,0.7555555555555555,1.0,40.06666666666667
2,BFGS_pert_results_f2_100_2,BIC,0.012786440085228779,0.7555555555555555,1.0,39.888888888888886
3,BFGS_pert_results_f2_100_2,AICc,0.012786287562739074,0.7555555555555555,1.0,40.06666666666667
4,BFGS_pert_results_f2_100_2,MDL,0.012817095853456199,0.7333333333333333,1.0,38.37777777777778
5,BFGS_pert_results_f2_100_2,Err_in,0.01401874391307159,0.5555555555555556,0.0,42.022222222222226
