,dataset,criteria,avg_test_error,precision_at_k,ground_truth_hit,avg_size
0,BFGS_orig_results_f7_100_2,MSE_train_opt,0.008477836191903317,0.1111111111111111,0.0,33.55555555555556
1,BFGS_orig_results_f7_100_2,AIC,0.008429804634323482,0.1111111111111111,1.0,24.11111111111111
2,BFGS_orig_results_f7_100_2,BIC,0.008429804634323482,0.1111111111111111,1.0,24.11111111111111
3,BFGS_orig_results_f7_100_2,AICc,0.008429804634323482,0.1111111111111111,1.0,24.11111111111111
4,BFGS_orig_results_f7_100_2,MDL,0.008393463900713324,0.14814814814814814,1.0,23.37037037037037
5,BFGS_orig_results_f7_100_2,Err_in,0.008304494808259138,0.2222222222222222,0.0,31.25925925925926
