,dataset,criteria,avg_test_error,precision_at_k,ground_truth_hit,avg_size
0,BFGS_cluster_results_f4_100_2,MSE_train_opt,0.0012536789667193377,0.4918032786885246,0.0,54.81967213114754
1,BFGS_cluster_results_f4_100_2,AIC,0.0007626748821842311,0.819672131147541,1.0,33.9344262295082
2,BFGS_cluster_results_f4_100_2,BIC,0.0007626748821842311,0.819672131147541,1.0,33.9344262295082
3,BFGS_cluster_results_f4_100_2,AICc,0.0007626748821842311,0.819672131147541,1.0,33.9344262295082
4,BFGS_cluster_results_f4_100_2,MDL,0.0007735842403303081,0.819672131147541,1.0,33.68852459016394
5,BFGS_cluster_results_f4_100_2,Err_in,0.0008066457781826001,0.7704918032786885,1.0,42.21311475409836
