,dataset,criteria,avg_test_error,precision_at_k,ground_truth_hit,avg_size
0,BFGS_orig_results_f5_100_3,MSE_train_opt,6.971474081064116e-05,0.32142857142857145,0.0,49.464285714285715
1,BFGS_orig_results_f5_100_3,AIC,3.073535863272448e-05,0.6071428571428571,1.0,34.482142857142854
2,BFGS_orig_results_f5_100_3,BIC,3.073535863272448e-05,0.6071428571428571,1.0,34.482142857142854
3,BFGS_orig_results_f5_100_3,AICc,3.073535863272448e-05,0.6071428571428571,1.0,34.482142857142854
4,BFGS_orig_results_f5_100_3,MDL,2.4625249446684485e-05,0.6785714285714286,1.0,33.482142857142854
5,BFGS_orig_results_f5_100_3,Err_in,6.971474081064116e-05,0.32142857142857145,0.0,49.464285714285715
