,dataset,criteria,avg_test_error,precision_at_k,ground_truth_hit,avg_size
0,BFGS_orig_results_f1_100_10,MSE_train_opt,0.013505571475469047,0.55,1.0,36.96666666666667
1,BFGS_orig_results_f1_100_10,AIC,0.012690442432215126,0.6,1.0,32.06666666666667
2,BFGS_orig_results_f1_100_10,BIC,0.01229704969584238,0.6333333333333333,1.0,31.766666666666666
3,BFGS_orig_results_f1_100_10,AICc,0.012690442432215126,0.6,1.0,32.06666666666667
4,BFGS_orig_results_f1_100_10,MDL,0.011524247622817119,0.7333333333333333,1.0,30.966666666666665
5,BFGS_orig_results_f1_100_10,Err_in,0.011003284237004593,0.8666666666666667,1.0,34.53333333333333
