,dataset,criteria,avg_test_error,precision_at_k,ground_truth_hit,avg_size
0,BFGS_orig_results_f4_100_2,MSE_train_opt,0.017192901589179868,0.0,0.0,43.90909090909091
1,BFGS_orig_results_f4_100_2,AIC,0.0005747413923071358,0.18181818181818182,1.0,31.454545454545453
2,BFGS_orig_results_f4_100_2,BIC,0.0005803440117809812,0.18181818181818182,1.0,31.545454545454547
3,BFGS_orig_results_f4_100_2,AICc,0.0005747413923071358,0.18181818181818182,1.0,31.454545454545453
4,BFGS_orig_results_f4_100_2,MDL,2.199659986258211e-05,0.2727272727272727,1.0,29.636363636363637
5,BFGS_orig_results_f4_100_2,Err_in,0.017192901589179868,0.0,0.0,43.90909090909091
