,dataset,criteria,avg_test_error,precision_at_k,ground_truth_hit,avg_size
0,BFGS_cluster_results_f2_100_2,MSE_train_opt,5.885067392011965e-05,0.6285714285714286,0.0,45.142857142857146
1,BFGS_cluster_results_f2_100_2,AIC,2.8865216038920815e-05,0.8714285714285714,1.0,29.314285714285713
2,BFGS_cluster_results_f2_100_2,BIC,2.2203805610050245e-05,0.9,1.0,28.714285714285715
3,BFGS_cluster_results_f2_100_2,AICc,2.6891769914875435e-05,0.8857142857142857,1.0,29.042857142857144
4,BFGS_cluster_results_f2_100_2,MDL,2.0653312710077888e-05,0.9142857142857143,1.0,28.5
5,BFGS_cluster_results_f2_100_2,Err_in,2.2849828585442162e-05,0.8714285714285714,1.0,31.285714285714285
