,dataset,criteria,avg_test_error,precision_at_k,ground_truth_hit,avg_size
0,BFGS_pert_results_f4_100_2,MSE_train_opt,0.0011440704055445895,0.9333333333333333,0.0,41.666666666666664
1,BFGS_pert_results_f4_100_2,AIC,0.0011440704055445895,0.9333333333333333,0.0,41.666666666666664
2,BFGS_pert_results_f4_100_2,BIC,0.003853568773507931,0.8,0.0,36.13333333333333
3,BFGS_pert_results_f4_100_2,AICc,0.0021025337444049107,0.8666666666666667,0.0,38.266666666666666
4,BFGS_pert_results_f4_100_2,MDL,0.0048476282582047186,0.7333333333333333,0.0,35.2
5,BFGS_pert_results_f4_100_2,Err_in,0.02528123468722987,0.06666666666666667,0.0,53.333333333333336
