,dataset,criteria,avg_test_error,precision_at_k,ground_truth_hit,avg_size
0,BFGS_pert_results_f5_100_3,MSE_train_opt,0.032342338613641025,0.45454545454545453,0.0,50.0
1,BFGS_pert_results_f5_100_3,AIC,0.03234229218545668,0.45454545454545453,1.0,41.72727272727273
2,BFGS_pert_results_f5_100_3,BIC,0.03234229218545668,0.45454545454545453,1.0,41.72727272727273
3,BFGS_pert_results_f5_100_3,AICc,0.03234229218545668,0.45454545454545453,1.0,41.72727272727273
4,BFGS_pert_results_f5_100_3,MDL,0.030811184470395533,0.45454545454545453,1.0,37.5
5,BFGS_pert_results_f5_100_3,Err_in,6.483894709465729,0.18181818181818182,0.0,59.13636363636363
