,dataset,criteria,avg_test_error,precision_at_k,ground_truth_hit,avg_size
0,BFGS_cluster_results_f4_100_2,MSE_train_opt,0.001909128940455389,0.0,0.0,61.77777777777778
1,BFGS_cluster_results_f4_100_2,AIC,0.0013938465663545776,0.0,1.0,35.666666666666664
2,BFGS_cluster_results_f4_100_2,BIC,0.0006366954853095334,0.2222222222222222,1.0,27.88888888888889
3,BFGS_cluster_results_f4_100_2,AICc,0.0013143687236106777,0.0,1.0,34.44444444444444
4,BFGS_cluster_results_f4_100_2,MDL,0.0005741040337739666,0.2222222222222222,1.0,27.444444444444443
5,BFGS_cluster_results_f4_100_2,Err_in,0.0011846024074338444,0.1111111111111111,0.0,57.888888888888886
