,dataset,criteria,avg_test_error,precision_at_k,ground_truth_hit,avg_size
0,BFGS_cluster_results_f7_100_2,MSE_train_opt,0.010295429401016269,0.08695652173913043,0.0,35.26086956521739
1,BFGS_cluster_results_f7_100_2,AIC,0.009100260254646608,0.21739130434782608,1.0,23.434782608695652
2,BFGS_cluster_results_f7_100_2,BIC,0.009100260254646608,0.21739130434782608,1.0,23.434782608695652
3,BFGS_cluster_results_f7_100_2,AICc,0.009100260254646608,0.21739130434782608,1.0,23.434782608695652
4,BFGS_cluster_results_f7_100_2,MDL,0.008345157634251175,0.2608695652173913,1.0,22.869565217391305
5,BFGS_cluster_results_f7_100_2,Err_in,0.008760880290628117,0.2608695652173913,0.0,29.47826086956522
