,dataset,criteria,avg_test_error,precision_at_k,ground_truth_hit,avg_size
0,BFGS_orig_results_f4_100_2,MSE_train_opt,0.007379285474915005,0.0,0.0,46.5
1,BFGS_orig_results_f4_100_2,AIC,0.0007326385290358642,0.2692307692307692,1.0,33.07692307692308
2,BFGS_orig_results_f4_100_2,BIC,0.00027774261653780636,0.2692307692307692,1.0,32.65384615384615
3,BFGS_orig_results_f4_100_2,AICc,0.00027774261653780636,0.2692307692307692,1.0,32.65384615384615
4,BFGS_orig_results_f4_100_2,MDL,0.00023485593314440795,0.38461538461538464,1.0,32.07692307692308
5,BFGS_orig_results_f4_100_2,Err_in,0.007379285474915005,0.0,0.0,46.5
