,dataset,criteria,avg_test_error,precision_at_k,ground_truth_hit,avg_size
0,BFGS_cluster_results_f4_100_2,MSE_train_opt,0.001097694625726061,0.7922077922077922,1.0,50.675324675324674
1,BFGS_cluster_results_f4_100_2,AIC,0.0008980512361340261,0.8571428571428571,1.0,38.84415584415584
2,BFGS_cluster_results_f4_100_2,BIC,0.0008805375911739986,0.8701298701298701,1.0,38.33766233766234
3,BFGS_cluster_results_f4_100_2,AICc,0.0008805375911739986,0.8701298701298701,1.0,38.33766233766234
4,BFGS_cluster_results_f4_100_2,MDL,0.0008658738917622364,0.8701298701298701,1.0,38.311688311688314
5,BFGS_cluster_results_f4_100_2,Err_in,0.0009460812486507675,0.8311688311688312,1.0,46.96103896103896
