,dataset,criteria,avg_test_error,precision_at_k,ground_truth_hit,avg_size
0,BFGS_cluster_results_f1_100_10,MSE_train_opt,0.03689618195765793,0.2222222222222222,0.0,49.98148148148148
1,BFGS_cluster_results_f1_100_10,AIC,0.02060814453304758,0.6666666666666666,1.0,34.666666666666664
2,BFGS_cluster_results_f1_100_10,BIC,0.017687568079314212,0.7407407407407407,1.0,33.55555555555556
3,BFGS_cluster_results_f1_100_10,AICc,0.020608144533047584,0.6666666666666666,1.0,34.666666666666664
4,BFGS_cluster_results_f1_100_10,MDL,0.014577025995727097,0.8333333333333334,1.0,32.5
5,BFGS_cluster_results_f1_100_10,Err_in,0.014593667014282309,0.8518518518518519,1.0,33.851851851851855
