,dataset,criteria,avg_test_error,precision_at_k,ground_truth_hit,avg_size
0,BFGS_orig_results_f3_100_1,MSE_train_opt,1.0761099568769822e-06,0.23076923076923078,0.0,43.75
1,BFGS_orig_results_f3_100_1,AIC,3.957716053748459e-07,0.5,1.0,29.98076923076923
2,BFGS_orig_results_f3_100_1,BIC,3.957716053748459e-07,0.5,1.0,29.98076923076923
3,BFGS_orig_results_f3_100_1,AICc,3.957716053748459e-07,0.5,1.0,29.98076923076923
4,BFGS_orig_results_f3_100_1,MDL,4.4584621447650766e-07,0.5384615384615384,1.0,29.71153846153846
5,BFGS_orig_results_f3_100_1,Err_in,1.0882736659306797e-06,0.23076923076923078,0.0,43.55769230769231
