,dataset,criteria,avg_test_error,precision_at_k,ground_truth_hit,avg_size
0,BFGS_orig_results_f5_100_3,MSE_train_opt,4.8775294616499856e-05,0.8271604938271605,0.0,47.25925925925926
1,BFGS_orig_results_f5_100_3,AIC,4.074539959200296e-05,0.8395061728395061,1.0,39.97530864197531
2,BFGS_orig_results_f5_100_3,BIC,4.074539959200296e-05,0.8395061728395061,1.0,39.97530864197531
3,BFGS_orig_results_f5_100_3,AICc,4.074539959200296e-05,0.8395061728395061,1.0,39.97530864197531
4,BFGS_orig_results_f5_100_3,MDL,3.54454246766954e-05,0.8518518518518519,1.0,39.82716049382716
5,BFGS_orig_results_f5_100_3,Err_in,4.8775294616499856e-05,0.8271604938271605,0.0,47.25925925925926
