,dataset,criteria,avg_test_error,precision_at_k,ground_truth_hit,avg_size
0,BFGS_cluster_results_f3_100_1,MSE_train_opt,5.639754630461176e-05,0.9333333333333333,0.0,44.03333333333333
1,BFGS_cluster_results_f3_100_1,AIC,5.017032554373863e-05,0.9444444444444444,1.0,40.06666666666667
2,BFGS_cluster_results_f3_100_1,BIC,4.984179419449e-05,0.9444444444444444,1.0,39.75555555555555
3,BFGS_cluster_results_f3_100_1,AICc,4.984179419449e-05,0.9444444444444444,1.0,39.75555555555555
4,BFGS_cluster_results_f3_100_1,MDL,5.035895635650847e-05,0.9444444444444444,1.0,40.18888888888889
5,BFGS_cluster_results_f3_100_1,Err_in,4.771652006455449e-05,0.9555555555555556,1.0,41.577777777777776
