,dataset,criteria,avg_test_error,precision_at_k,ground_truth_hit,avg_size
0,BFGS_cluster_results_f1_100_10,MSE_train_opt,0.03643789099008662,0.2545454545454545,0.0,49.63636363636363
1,BFGS_cluster_results_f1_100_10,AIC,0.020423042979082862,0.6727272727272727,1.0,34.67272727272727
2,BFGS_cluster_results_f1_100_10,BIC,0.017555567796444363,0.7454545454545455,1.0,33.56363636363636
3,BFGS_cluster_results_f1_100_10,AICc,0.020423042979082866,0.6727272727272727,1.0,34.67272727272727
4,BFGS_cluster_results_f1_100_10,MDL,0.01454002098874431,0.8363636363636363,1.0,32.63636363636363
5,BFGS_cluster_results_f1_100_10,Err_in,0.01461524717260176,0.8363636363636363,1.0,33.836363636363636
