,dataset,criteria,avg_test_error,precision_at_k,ground_truth_hit,avg_size
0,BFGS_pert_results_f6_100_2,MSE_train_opt,0.23820739877796207,0.9411764705882353,0.0,52.23529411764706
1,BFGS_pert_results_f6_100_2,AIC,0.23871347937229828,0.8823529411764706,0.0,51.23529411764706
2,BFGS_pert_results_f6_100_2,BIC,0.23875691128513232,0.8823529411764706,0.0,51.0
3,BFGS_pert_results_f6_100_2,AICc,0.23871347937229828,0.8823529411764706,0.0,51.23529411764706
4,BFGS_pert_results_f6_100_2,MDL,0.2407922397151894,0.7647058823529411,0.0,47.1764705882353
5,BFGS_pert_results_f6_100_2,Err_in,0.9447275540636793,0.23529411764705882,1.0,48.05882352941177
