,dataset,criteria,avg_test_error,precision_at_k,ground_truth_hit,avg_size
0,BFGS_cluster_results_f4_100_2,MSE_train_opt,0.0012925070964189878,0.41379310344827586,0.0,56.172413793103445
1,BFGS_cluster_results_f4_100_2,AIC,0.0007721237973376396,0.7758620689655172,1.0,33.62068965517241
2,BFGS_cluster_results_f4_100_2,BIC,0.0007697356120508018,0.7758620689655172,1.0,33.44827586206897
3,BFGS_cluster_results_f4_100_2,AICc,0.0007740156859483137,0.7758620689655172,1.0,33.46551724137931
4,BFGS_cluster_results_f4_100_2,MDL,0.0006914653497475068,0.8275862068965517,1.0,32.94827586206897
5,BFGS_cluster_results_f4_100_2,Err_in,0.000785027873409876,0.7758620689655172,1.0,41.224137931034484
