,dataset,criteria,avg_test_error,precision_at_k,ground_truth_hit,avg_size
0,BFGS_pert_results_f6_100_2,MSE_train_opt,0.38856806832447965,1.0,0.0,50.44736842105263
1,BFGS_pert_results_f6_100_2,AIC,0.38856806832447965,1.0,0.0,50.44736842105263
2,BFGS_pert_results_f6_100_2,BIC,0.3885680683244796,1.0,0.0,50.44736842105263
3,BFGS_pert_results_f6_100_2,AICc,0.38856806832447965,1.0,0.0,50.44736842105263
4,BFGS_pert_results_f6_100_2,MDL,0.38856806832447965,1.0,0.0,50.44736842105263
5,BFGS_pert_results_f6_100_2,Err_in,0.9257249808596166,0.5,1.0,47.1578947368421
