,dataset,criteria,avg_test_error,precision_at_k,ground_truth_hit,avg_size
0,BFGS_pert_results_f1_100_10,MSE_train_opt,0.015002240197150511,0.2564102564102564,1.0,37.51282051282051
1,BFGS_pert_results_f1_100_10,AIC,0.012829275667043977,0.4358974358974359,1.0,32.15384615384615
2,BFGS_pert_results_f1_100_10,BIC,0.01282927566704398,0.4358974358974359,1.0,32.15384615384615
3,BFGS_pert_results_f1_100_10,AICc,0.012829275667043977,0.4358974358974359,1.0,32.15384615384615
4,BFGS_pert_results_f1_100_10,MDL,0.010939907691305628,0.5897435897435898,1.0,30.205128205128204
5,BFGS_pert_results_f1_100_10,Err_in,0.011247621748524018,0.46153846153846156,0.0,36.35897435897436
