,dataset,criteria,avg_test_error,precision_at_k,ground_truth_hit,avg_size
0,BFGS_orig_results_f1_100_10,MSE_train_opt,0.017932731910058158,0.041666666666666664,0.0,38.041666666666664
1,BFGS_orig_results_f1_100_10,AIC,0.014779289152686878,0.125,1.0,32.583333333333336
2,BFGS_orig_results_f1_100_10,BIC,0.014187730856070996,0.125,1.0,32.458333333333336
3,BFGS_orig_results_f1_100_10,AICc,0.014779289152686878,0.125,1.0,32.583333333333336
4,BFGS_orig_results_f1_100_10,MDL,0.010428709751175371,0.25,1.0,29.708333333333332
5,BFGS_orig_results_f1_100_10,Err_in,0.011852089214855916,0.4166666666666667,0.0,39.708333333333336
