,dataset,criteria,avg_test_error,precision_at_k,ground_truth_hit,avg_size
0,BFGS_pert_results_f2_100_2,MSE_train_opt,0.01273466764651231,0.8181818181818182,0.0,45.02272727272727
1,BFGS_pert_results_f2_100_2,AIC,0.012737513676178801,0.75,1.0,40.40909090909091
2,BFGS_pert_results_f2_100_2,BIC,0.012737669665088729,0.75,1.0,40.22727272727273
3,BFGS_pert_results_f2_100_2,AICc,0.012737513676178803,0.75,1.0,40.40909090909091
4,BFGS_pert_results_f2_100_2,MDL,0.012768982710183875,0.7272727272727273,1.0,38.59090909090909
5,BFGS_pert_results_f2_100_2,Err_in,0.013998054952432231,0.5681818181818182,0.0,42.40909090909091
