,dataset,criteria,avg_test_error,precision_at_k,ground_truth_hit,avg_size
0,BFGS_orig_results_f4_100_2,MSE_train_opt,0.0043033571831234555,0.08695652173913043,0.0,44.71739130434783
1,BFGS_orig_results_f4_100_2,AIC,0.004236211693420157,0.391304347826087,1.0,34.95652173913044
2,BFGS_orig_results_f4_100_2,BIC,0.00019669638379782469,0.41304347826086957,1.0,34.93478260869565
3,BFGS_orig_results_f4_100_2,AICc,0.000807296363757963,0.391304347826087,1.0,34.93478260869565
4,BFGS_orig_results_f4_100_2,MDL,0.003940627456157179,0.5,1.0,34.02173913043478
5,BFGS_orig_results_f4_100_2,Err_in,0.0043033571831234555,0.08695652173913043,0.0,44.71739130434783
