,dataset,criteria,avg_test_error,precision_at_k,ground_truth_hit,avg_size
0,BFGS_pert_results_f6_100_2,MSE_train_opt,0.5183065623415488,0.9772727272727273,1.0,48.52272727272727
1,BFGS_pert_results_f6_100_2,AIC,0.5183065623415488,0.9772727272727273,1.0,48.52272727272727
2,BFGS_pert_results_f6_100_2,BIC,0.5183065623415488,0.9772727272727273,1.0,48.52272727272727
3,BFGS_pert_results_f6_100_2,AICc,0.5183065623415488,0.9772727272727273,1.0,48.52272727272727
4,BFGS_pert_results_f6_100_2,MDL,0.5183065623415488,0.9772727272727273,1.0,48.52272727272727
5,BFGS_pert_results_f6_100_2,Err_in,1.0121001998947592,0.5454545454545454,1.0,46.97727272727273
