,dataset,criteria,avg_test_error,precision_at_k,ground_truth_hit,avg_size
0,BFGS_cluster_results_f1_100_10,MSE_train_opt,0.034701213682075856,0.3728813559322034,0.0,48.42372881355932
1,BFGS_cluster_results_f1_100_10,AIC,0.019745382858676882,0.7627118644067796,1.0,34.57627118644068
2,BFGS_cluster_results_f1_100_10,BIC,0.018213256847248435,0.8135593220338984,1.0,33.57627118644068
3,BFGS_cluster_results_f1_100_10,AICc,0.019745382858676882,0.7627118644067796,1.0,34.57627118644068
4,BFGS_cluster_results_f1_100_10,MDL,0.01449241785563143,0.8813559322033898,1.0,33.03389830508475
5,BFGS_cluster_results_f1_100_10,Err_in,0.01468749581310342,0.8813559322033898,1.0,34.30508474576271
