,dataset,criteria,avg_test_error,precision_at_k,ground_truth_hit,avg_size
0,BFGS_cluster_results_f4_100_2,MSE_train_opt,0.0021146703555169335,0.0,0.0,60.666666666666664
1,BFGS_cluster_results_f4_100_2,AIC,0.0016441034739164333,0.0,0.0,37.166666666666664
2,BFGS_cluster_results_f4_100_2,BIC,0.0007035421554052334,0.16666666666666666,1.0,27.833333333333332
3,BFGS_cluster_results_f4_100_2,AICc,0.0014648456594027334,0.0,1.0,33.833333333333336
4,BFGS_cluster_results_f4_100_2,MDL,0.000609652521771,0.16666666666666666,1.0,27.166666666666668
5,BFGS_cluster_results_f4_100_2,Err_in,0.0011729272657392666,0.0,0.0,60.833333333333336
