,dataset,criteria,avg_test_error,precision_at_k,ground_truth_hit,avg_size
0,BFGS_cluster_results_f5_100_3,MSE_train_opt,0.010740182466560876,0.2777777777777778,0.0,53.77777777777778
1,BFGS_cluster_results_f5_100_3,AIC,0.00909811486484245,0.3888888888888889,1.0,35.5
2,BFGS_cluster_results_f5_100_3,BIC,0.008604044284419661,0.5,1.0,32.333333333333336
3,BFGS_cluster_results_f5_100_3,AICc,0.008724379552375972,0.4444444444444444,1.0,33.94444444444444
4,BFGS_cluster_results_f5_100_3,MDL,0.008775592221854017,0.5,1.0,30.88888888888889
5,BFGS_cluster_results_f5_100_3,Err_in,0.010917444216327883,0.5,1.0,35.55555555555556
