,dataset,criteria,avg_test_error,precision_at_k,ground_truth_hit,avg_size
0,BFGS_cluster_results_f1_100_10,MSE_train_opt,0.02729704306689438,0.8705882352941177,1.0,43.37647058823529
1,BFGS_cluster_results_f1_100_10,AIC,0.023697335390607338,0.9058823529411765,1.0,39.2
2,BFGS_cluster_results_f1_100_10,BIC,0.022137470444211937,0.9294117647058824,1.0,38.50588235294118
3,BFGS_cluster_results_f1_100_10,AICc,0.022876555454412528,0.9176470588235294,1.0,38.811764705882354
4,BFGS_cluster_results_f1_100_10,MDL,0.021343292179775146,0.9294117647058824,1.0,38.1764705882353
5,BFGS_cluster_results_f1_100_10,Err_in,0.01949243324359527,0.9529411764705882,1.0,40.67058823529412
