,dataset,criteria,avg_test_error,precision_at_k,ground_truth_hit,avg_size
0,BFGS_orig_results_f1_100_10,MSE_train_opt,0.01397911254658358,0.46153846153846156,1.0,37.86538461538461
1,BFGS_orig_results_f1_100_10,AIC,0.012512022927173629,0.5769230769230769,1.0,31.596153846153847
2,BFGS_orig_results_f1_100_10,BIC,0.012228842593878313,0.5769230769230769,1.0,31.557692307692307
3,BFGS_orig_results_f1_100_10,AICc,0.012512022927173629,0.5769230769230769,1.0,31.596153846153847
4,BFGS_orig_results_f1_100_10,MDL,0.011692979104185895,0.5769230769230769,1.0,30.846153846153847
5,BFGS_orig_results_f1_100_10,Err_in,0.011085031775015028,0.7692307692307693,1.0,35.09615384615385
