,dataset,criteria,avg_test_error,precision_at_k,ground_truth_hit,avg_size
0,BFGS_pert_results_f5_100_3,MSE_train_opt,0.038935689086047505,0.3548387096774194,0.0,45.74193548387097
1,BFGS_pert_results_f5_100_3,AIC,0.03895360797966364,0.4838709677419355,1.0,38.83870967741935
2,BFGS_pert_results_f5_100_3,BIC,0.03895360797966364,0.4838709677419355,1.0,38.83870967741935
3,BFGS_pert_results_f5_100_3,AICc,0.03895360797966364,0.4838709677419355,1.0,38.83870967741935
4,BFGS_pert_results_f5_100_3,MDL,0.03784906347065142,0.4838709677419355,1.0,35.38709677419355
5,BFGS_pert_results_f5_100_3,Err_in,4.615680824751609,0.25806451612903225,0.0,52.935483870967744
