,dataset,criteria,avg_test_error,precision_at_k,ground_truth_hit,avg_size
0,BFGS_cluster_results_f5_100_3,MSE_train_opt,0.06922165367019083,0.9259259259259259,1.0,47.24074074074074
1,BFGS_cluster_results_f5_100_3,AIC,0.06922165367019083,0.9259259259259259,1.0,47.24074074074074
2,BFGS_cluster_results_f5_100_3,BIC,0.06922165367019081,0.9259259259259259,1.0,47.24074074074074
3,BFGS_cluster_results_f5_100_3,AICc,0.06922165367019083,0.9259259259259259,1.0,47.24074074074074
4,BFGS_cluster_results_f5_100_3,MDL,0.06984078641755011,0.9259259259259259,1.0,46.7962962962963
5,BFGS_cluster_results_f5_100_3,Err_in,0.0685557240435758,0.9444444444444444,1.0,44.870370370370374
