,dataset,criteria,avg_test_error,precision_at_k,ground_truth_hit,avg_size
0,BFGS_pert_results_f4_100_2,MSE_train_opt,0.002451470531130396,0.0,0.0,36.142857142857146
1,BFGS_pert_results_f4_100_2,AIC,0.00011979884374607027,0.42857142857142855,0.0,31.428571428571427
2,BFGS_pert_results_f4_100_2,BIC,0.00011979884374607027,0.42857142857142855,0.0,31.428571428571427
3,BFGS_pert_results_f4_100_2,AICc,0.00011979884374607027,0.42857142857142855,0.0,31.428571428571427
4,BFGS_pert_results_f4_100_2,MDL,4.226201467096769e-05,0.42857142857142855,0.0,31.428571428571427
5,BFGS_pert_results_f4_100_2,Err_in,0.03195705336611211,0.0,0.0,61.285714285714285
