,dataset,criteria,avg_test_error,precision_at_k,ground_truth_hit,avg_size
0,BFGS_orig_results_f6_100_2,MSE_train_opt,0.0005574430370154224,0.72,0.0,52.86
1,BFGS_orig_results_f6_100_2,AIC,0.0006112733804289561,0.5,1.0,32.2
2,BFGS_orig_results_f6_100_2,BIC,0.0006112733804289561,0.5,1.0,32.2
3,BFGS_orig_results_f6_100_2,AICc,0.0006112733804289561,0.5,1.0,32.2
4,BFGS_orig_results_f6_100_2,MDL,0.0005926280364227127,0.52,1.0,32.14
5,BFGS_orig_results_f6_100_2,Err_in,0.0005574430370154224,0.72,0.0,52.86
