,dataset,criteria,avg_test_error,precision_at_k,ground_truth_hit,avg_size
0,BFGS_orig_results_f6_100_2,MSE_train_opt,0.0005481038697663696,0.75,0.0,53.09615384615385
1,BFGS_orig_results_f6_100_2,AIC,0.0006134859323686866,0.5192307692307693,1.0,32.40384615384615
2,BFGS_orig_results_f6_100_2,BIC,0.0006134859323686867,0.5192307692307693,1.0,32.40384615384615
3,BFGS_orig_results_f6_100_2,AICc,0.0006134859323686867,0.5192307692307693,1.0,32.40384615384615
4,BFGS_orig_results_f6_100_2,MDL,0.0005865866718330789,0.5384615384615384,1.0,32.38461538461539
5,BFGS_orig_results_f6_100_2,Err_in,0.0005481038697663696,0.75,0.0,53.09615384615385
