,dataset,criteria,avg_test_error,precision_at_k,ground_truth_hit,avg_size
0,BFGS_orig_results_f7_100_2,MSE_train_opt,0.008385342824959759,0.9325842696629213,1.0,30.179775280898877
1,BFGS_orig_results_f7_100_2,AIC,0.008276281780595324,0.9438202247191011,1.0,28.662921348314608
2,BFGS_orig_results_f7_100_2,BIC,0.008276281780595326,0.9438202247191011,1.0,28.662921348314608
3,BFGS_orig_results_f7_100_2,AICc,0.008276281780595324,0.9438202247191011,1.0,28.662921348314608
4,BFGS_orig_results_f7_100_2,MDL,0.008314118615847,0.9438202247191011,1.0,28.51685393258427
5,BFGS_orig_results_f7_100_2,Err_in,0.008270831394084749,0.9550561797752809,1.0,29.707865168539325
