,dataset,criteria,avg_test_error,precision_at_k,ground_truth_hit,avg_size
0,BFGS_orig_results_f5_100_3,MSE_train_opt,6.849920086167619e-05,0.3508771929824561,0.0,49.31578947368421
1,BFGS_orig_results_f5_100_3,AIC,3.023796513985808e-05,0.631578947368421,1.0,34.578947368421055
2,BFGS_orig_results_f5_100_3,BIC,3.023796513985808e-05,0.631578947368421,1.0,34.578947368421055
3,BFGS_orig_results_f5_100_3,AICc,3.023796513985808e-05,0.631578947368421,1.0,34.578947368421055
4,BFGS_orig_results_f5_100_3,MDL,2.4648109373258157e-05,0.6842105263157895,1.0,33.6140350877193
5,BFGS_orig_results_f5_100_3,Err_in,6.849920086167619e-05,0.3508771929824561,0.0,49.31578947368421
