,dataset,criteria,avg_test_error,precision_at_k,ground_truth_hit,avg_size
0,BFGS_cluster_results_f3_100_1,MSE_train_opt,0.00011148619884659698,0.0,0.0,60.05128205128205
1,BFGS_cluster_results_f3_100_1,AIC,1.7094704311111442e-05,0.5641025641025641,1.0,26.923076923076923
2,BFGS_cluster_results_f3_100_1,BIC,1.572085383122678e-05,0.5897435897435898,1.0,26.743589743589745
3,BFGS_cluster_results_f3_100_1,AICc,1.7094704311111442e-05,0.5641025641025641,1.0,26.923076923076923
4,BFGS_cluster_results_f3_100_1,MDL,1.3063416971547138e-05,0.6410256410256411,1.0,26.28205128205128
5,BFGS_cluster_results_f3_100_1,Err_in,1.2124857632869127e-05,0.8717948717948718,1.0,29.41025641025641
