,dataset,criteria,avg_test_error,precision_at_k,ground_truth_hit,avg_size
0,BFGS_cluster_results_f5_100_3,MSE_train_opt,1.9627016575398961,0.9333333333333333,1.0,46.733333333333334
1,BFGS_cluster_results_f5_100_3,AIC,1.9627016575398963,0.9333333333333333,1.0,46.733333333333334
2,BFGS_cluster_results_f5_100_3,BIC,1.9627016575398963,0.9333333333333333,1.0,46.733333333333334
3,BFGS_cluster_results_f5_100_3,AICc,1.9627016575398961,0.9333333333333333,1.0,46.733333333333334
4,BFGS_cluster_results_f5_100_3,MDL,1.9627016575398963,0.9333333333333333,1.0,46.733333333333334
5,BFGS_cluster_results_f5_100_3,Err_in,1.9816777311764067,0.9333333333333333,1.0,46.77777777777778
