,dataset,criteria,avg_test_error,precision_at_k,ground_truth_hit,avg_size
0,BFGS_orig_results_f2_100_2,MSE_train_opt,2.0290219377743348e-05,0.0,0.0,45.166666666666664
1,BFGS_orig_results_f2_100_2,AIC,4.308759928884916e-06,0.16666666666666666,1.0,23.333333333333332
2,BFGS_orig_results_f2_100_2,BIC,4.308759928884916e-06,0.16666666666666666,1.0,23.333333333333332
3,BFGS_orig_results_f2_100_2,AICc,4.308759928884916e-06,0.16666666666666666,1.0,23.333333333333332
4,BFGS_orig_results_f2_100_2,MDL,3.9440925270737306e-06,0.16666666666666666,1.0,22.833333333333332
5,BFGS_orig_results_f2_100_2,Err_in,2.0290219377743348e-05,0.0,0.0,45.166666666666664
