,dataset,criteria,avg_test_error,precision_at_k,ground_truth_hit,avg_size
0,BFGS_cluster_results_f6_100_2,MSE_train_opt,0.35709144457661,0.5526315789473685,1.0,53.71052631578947
1,BFGS_cluster_results_f6_100_2,AIC,0.348490009063352,0.6052631578947368,1.0,49.60526315789474
2,BFGS_cluster_results_f6_100_2,BIC,0.33856678117204525,0.631578947368421,1.0,46.78947368421053
3,BFGS_cluster_results_f6_100_2,AICc,0.33870830307168476,0.631578947368421,1.0,47.36842105263158
4,BFGS_cluster_results_f6_100_2,MDL,0.3546774488063055,0.631578947368421,1.0,36.68421052631579
5,BFGS_cluster_results_f6_100_2,Err_in,0.2713322769612825,0.5526315789473685,1.0,48.3421052631579
