,dataset,criteria,avg_test_error,precision_at_k,ground_truth_hit,avg_size
0,BFGS_orig_results_f5_100_3,MSE_train_opt,0.00010629909687590403,0.0,0.0,54.61538461538461
1,BFGS_orig_results_f5_100_3,AIC,3.1845540347239864e-05,0.11538461538461539,1.0,31.692307692307693
2,BFGS_orig_results_f5_100_3,BIC,2.954588399833335e-05,0.11538461538461539,1.0,31.73076923076923
3,BFGS_orig_results_f5_100_3,AICc,3.184554034723986e-05,0.11538461538461539,1.0,31.692307692307693
4,BFGS_orig_results_f5_100_3,MDL,1.2922038833698182e-05,0.3076923076923077,1.0,29.53846153846154
5,BFGS_orig_results_f5_100_3,Err_in,0.00010629909687590403,0.0,0.0,54.61538461538461
