,dataset,criteria,avg_test_error,precision_at_k,ground_truth_hit,avg_size
0,BFGS_cluster_results_f1_100_10,MSE_train_opt,0.05129901349367582,0.0,0.0,58.48148148148148
1,BFGS_cluster_results_f1_100_10,AIC,0.029262710411286186,0.14814814814814814,1.0,37.22222222222222
2,BFGS_cluster_results_f1_100_10,BIC,0.019879756232742428,0.25925925925925924,1.0,33.18518518518518
3,BFGS_cluster_results_f1_100_10,AICc,0.02641883731441848,0.14814814814814814,1.0,36.074074074074076
4,BFGS_cluster_results_f1_100_10,MDL,0.013562990540406498,0.5925925925925926,1.0,30.185185185185187
5,BFGS_cluster_results_f1_100_10,Err_in,0.013271897805481566,0.8518518518518519,1.0,31.51851851851852
