,dataset,criteria,avg_test_error,precision_at_k,ground_truth_hit,avg_size
0,BFGS_orig_results_f1_100_10,MSE_train_opt,0.012588701095489083,0.8690476190476191,1.0,35.404761904761905
1,BFGS_orig_results_f1_100_10,AIC,0.012633019666533034,0.8690476190476191,1.0,33.154761904761905
2,BFGS_orig_results_f1_100_10,BIC,0.01236693265573182,0.8809523809523809,1.0,32.76190476190476
3,BFGS_orig_results_f1_100_10,AICc,0.012633019666533034,0.8690476190476191,1.0,33.154761904761905
4,BFGS_orig_results_f1_100_10,MDL,0.011981675054954807,0.9047619047619048,1.0,32.476190476190474
5,BFGS_orig_results_f1_100_10,Err_in,0.011663139682668463,0.9166666666666666,1.0,35.142857142857146
