,dataset,criteria,avg_test_error,precision_at_k,ground_truth_hit,avg_size
0,BFGS_orig_results_f6_100_2,MSE_train_opt,0.0007427389236966333,0.08333333333333333,0.0,52.75
1,BFGS_orig_results_f6_100_2,AIC,0.0005364689717309588,0.16666666666666666,1.0,29.583333333333332
2,BFGS_orig_results_f6_100_2,BIC,0.0005364689717309588,0.16666666666666666,1.0,29.583333333333332
3,BFGS_orig_results_f6_100_2,AICc,0.0005364689717309588,0.16666666666666666,1.0,29.583333333333332
4,BFGS_orig_results_f6_100_2,MDL,0.0004870194733551656,0.16666666666666666,1.0,28.75
5,BFGS_orig_results_f6_100_2,Err_in,0.0007427389236966333,0.08333333333333333,0.0,52.75
