,dataset,criteria,avg_test_error,precision_at_k,ground_truth_hit,avg_size
0,BFGS_cluster_results_f3_100_1,MSE_train_opt,6.10213357987757e-05,0.8292682926829268,0.0,45.30487804878049
1,BFGS_cluster_results_f3_100_1,AIC,4.460534267793907e-05,0.8902439024390244,1.0,35.84146341463415
2,BFGS_cluster_results_f3_100_1,BIC,4.460534267793907e-05,0.8902439024390244,1.0,35.84146341463415
3,BFGS_cluster_results_f3_100_1,AICc,4.460534267793907e-05,0.8902439024390244,1.0,35.84146341463415
4,BFGS_cluster_results_f3_100_1,MDL,4.35398295265061e-05,0.9024390243902439,1.0,35.78048780487805
5,BFGS_cluster_results_f3_100_1,Err_in,4.5398343697613726e-05,0.9146341463414634,1.0,39.65853658536585
