,dataset,criteria,avg_test_error,precision_at_k,ground_truth_hit,avg_size
0,BFGS_orig_results_f6_100_2,MSE_train_opt,0.0005779581905462569,0.8059701492537313,0.0,48.61194029850746
1,BFGS_orig_results_f6_100_2,AIC,0.0006294531712283643,0.6865671641791045,1.0,34.95522388059702
2,BFGS_orig_results_f6_100_2,BIC,0.0006294531712283643,0.6865671641791045,1.0,34.95522388059702
3,BFGS_orig_results_f6_100_2,AICc,0.0006294531712283643,0.6865671641791045,1.0,34.95522388059702
4,BFGS_orig_results_f6_100_2,MDL,0.0006294567911308478,0.6865671641791045,1.0,34.8955223880597
5,BFGS_orig_results_f6_100_2,Err_in,0.0005779581905462569,0.8059701492537313,0.0,48.61194029850746
