,dataset,criteria,avg_test_error,precision_at_k,ground_truth_hit,avg_size
0,BFGS_cluster_results_f6_100_2,MSE_train_opt,0.2549419205029528,0.8135593220338984,1.0,52.11864406779661
1,BFGS_cluster_results_f6_100_2,AIC,0.2549419205029528,0.8135593220338984,1.0,52.11864406779661
2,BFGS_cluster_results_f6_100_2,BIC,0.2549419205029528,0.8135593220338984,1.0,52.11864406779661
3,BFGS_cluster_results_f6_100_2,AICc,0.2549419205029528,0.8135593220338984,1.0,52.11864406779661
4,BFGS_cluster_results_f6_100_2,MDL,0.25848918363186213,0.7966101694915254,1.0,47.11864406779661
5,BFGS_cluster_results_f6_100_2,Err_in,0.27890466084128174,0.7796610169491526,1.0,51.271186440677965
