,dataset,criteria,avg_test_error,precision_at_k,ground_truth_hit,avg_size
0,BFGS_cluster_results_f6_100_2,MSE_train_opt,0.2529818940027448,0.9054054054054054,1.0,53.810810810810814
1,BFGS_cluster_results_f6_100_2,AIC,0.26014283549768885,0.9054054054054054,1.0,53.36486486486486
2,BFGS_cluster_results_f6_100_2,BIC,0.26014283549768885,0.9054054054054054,1.0,53.36486486486486
3,BFGS_cluster_results_f6_100_2,AICc,0.26014283549768885,0.9054054054054054,1.0,53.36486486486486
4,BFGS_cluster_results_f6_100_2,MDL,0.2796305873435479,0.8918918918918919,1.0,52.108108108108105
5,BFGS_cluster_results_f6_100_2,Err_in,0.2638804241015467,0.9054054054054054,1.0,53.189189189189186
