,dataset,criteria,avg_test_error,precision_at_k,ground_truth_hit,avg_size
0,BFGS_cluster_results_f6_100_2,MSE_train_opt,0.5616001410532795,0.9893617021276596,1.0,51.5
1,BFGS_cluster_results_f6_100_2,AIC,0.5616001410532796,0.9893617021276596,1.0,51.5
2,BFGS_cluster_results_f6_100_2,BIC,0.5690884594056165,0.9893617021276596,1.0,51.287234042553195
3,BFGS_cluster_results_f6_100_2,AICc,0.5616001410532796,0.9893617021276596,1.0,51.5
4,BFGS_cluster_results_f6_100_2,MDL,0.5690884594056164,0.9893617021276596,1.0,51.287234042553195
5,BFGS_cluster_results_f6_100_2,Err_in,0.58872850295761,0.9787234042553191,1.0,51.287234042553195
