,dataset,criteria,avg_test_error,precision_at_k,ground_truth_hit,avg_size
0,BFGS_orig_results_f6_100_2,MSE_train_opt,0.000549604547511876,0.4583333333333333,0.0,55.916666666666664
1,BFGS_orig_results_f6_100_2,AIC,0.0006774877699435997,0.25,1.0,30.0
2,BFGS_orig_results_f6_100_2,BIC,0.0006774877699435997,0.25,1.0,30.0
3,BFGS_orig_results_f6_100_2,AICc,0.0006774877699435997,0.25,1.0,30.0
4,BFGS_orig_results_f6_100_2,MDL,0.0005464055903376435,0.25,1.0,29.541666666666668
5,BFGS_orig_results_f6_100_2,Err_in,0.000549604547511876,0.4583333333333333,0.0,55.916666666666664
