,dataset,criteria,avg_test_error,precision_at_k,ground_truth_hit,avg_size
0,BFGS_orig_results_f6_100_2,MSE_train_opt,0.0006800313137752144,0.0,0.0,54.142857142857146
1,BFGS_orig_results_f6_100_2,AIC,0.0003448994571975571,0.14285714285714285,1.0,29.0
2,BFGS_orig_results_f6_100_2,BIC,0.0003448994571975571,0.14285714285714285,1.0,29.0
3,BFGS_orig_results_f6_100_2,AICc,0.0003448994571975571,0.14285714285714285,1.0,29.0
4,BFGS_orig_results_f6_100_2,MDL,0.00046716604445311424,0.14285714285714285,1.0,28.571428571428573
5,BFGS_orig_results_f6_100_2,Err_in,0.0006800313137752144,0.0,0.0,54.142857142857146
