,dataset,criteria,avg_test_error,precision_at_k,ground_truth_hit,avg_size
0,BFGS_pert_results_f4_100_2,MSE_train_opt,0.5264292622523524,0.7555555555555555,0.0,47.977777777777774
1,BFGS_pert_results_f4_100_2,AIC,0.52675997494142,0.6888888888888889,1.0,44.022222222222226
2,BFGS_pert_results_f4_100_2,BIC,0.014701000478643915,0.6888888888888889,1.0,42.51111111111111
3,BFGS_pert_results_f4_100_2,AICc,0.5266782764042807,0.6888888888888889,1.0,43.2
4,BFGS_pert_results_f4_100_2,MDL,0.5278629301701226,0.5333333333333333,1.0,34.91111111111111
5,BFGS_pert_results_f4_100_2,Err_in,0.02063899894734477,0.5555555555555556,0.0,50.022222222222226
