,dataset,criteria,avg_test_error,precision_at_k,ground_truth_hit,avg_size
0,BFGS_pert_results_f7_100_2,MSE_train_opt,0.008499141757811992,0.3,1.0,31.15
1,BFGS_pert_results_f7_100_2,AIC,0.00840228995837637,0.425,1.0,24.3
2,BFGS_pert_results_f7_100_2,BIC,0.00840228995837637,0.425,1.0,24.3
3,BFGS_pert_results_f7_100_2,AICc,0.00840228995837637,0.425,1.0,24.3
4,BFGS_pert_results_f7_100_2,MDL,0.008402284226102752,0.4,1.0,23.825
5,BFGS_pert_results_f7_100_2,Err_in,0.008388693348783676,0.4,0.0,27.75
