,dataset,criteria,avg_test_error,precision_at_k,ground_truth_hit,avg_size
0,BFGS_cluster_results_f3_100_1,MSE_train_opt,0.00014936834692238154,0.0,0.0,82.55555555555556
1,BFGS_cluster_results_f3_100_1,AIC,1.8326095452067014e-05,0.1111111111111111,1.0,23.333333333333332
2,BFGS_cluster_results_f3_100_1,BIC,1.8326095452067014e-05,0.1111111111111111,1.0,23.333333333333332
3,BFGS_cluster_results_f3_100_1,AICc,1.8326095452067014e-05,0.1111111111111111,1.0,23.333333333333332
4,BFGS_cluster_results_f3_100_1,MDL,1.4474148935017521e-05,0.2222222222222222,1.0,22.88888888888889
5,BFGS_cluster_results_f3_100_1,Err_in,2.0108519100036334e-05,0.2222222222222222,0.0,32.333333333333336
