,dataset,criteria,avg_test_error,precision_at_k,ground_truth_hit,avg_size
0,BFGS_pert_results_f3_100_1,MSE_train_opt,0.0007732494277952403,0.9714285714285714,0.0,44.285714285714285
1,BFGS_pert_results_f3_100_1,AIC,0.0007732494277952404,0.9714285714285714,0.0,44.285714285714285
2,BFGS_pert_results_f3_100_1,BIC,0.0007972754568897318,0.9142857142857143,1.0,42.97142857142857
3,BFGS_pert_results_f3_100_1,AICc,0.0007813235030763604,0.9428571428571428,1.0,43.31428571428572
4,BFGS_pert_results_f3_100_1,MDL,0.0014883356877881566,0.5714285714285714,1.0,28.0
5,BFGS_pert_results_f3_100_1,Err_in,0.0018768735639013124,0.5714285714285714,1.0,45.22857142857143
