,dataset,criteria,avg_test_error,precision_at_k,ground_truth_hit,avg_size
0,BFGS_cluster_results_f3_100_1,MSE_train_opt,0.00010213367029162749,0.0,0.0,56.84090909090909
1,BFGS_cluster_results_f3_100_1,AIC,2.1963427917511978e-05,0.5681818181818182,1.0,27.931818181818183
2,BFGS_cluster_results_f3_100_1,BIC,1.7797039717560467e-05,0.5909090909090909,1.0,27.613636363636363
3,BFGS_cluster_results_f3_100_1,AICc,2.0835683263462705e-05,0.5681818181818182,1.0,27.772727272727273
4,BFGS_cluster_results_f3_100_1,MDL,1.2681493475539333e-05,0.7045454545454546,1.0,26.772727272727273
5,BFGS_cluster_results_f3_100_1,Err_in,1.187723745900119e-05,0.8636363636363636,1.0,29.931818181818183
