,dataset,criteria,avg_test_error,precision_at_k,ground_truth_hit,avg_size
0,BFGS_cluster_results_f6_100_2,MSE_train_opt,0.08150623966913932,0.7333333333333333,0.0,59.13333333333333
1,BFGS_cluster_results_f6_100_2,AIC,0.16538259846768888,0.7333333333333333,1.0,56.4
2,BFGS_cluster_results_f6_100_2,BIC,0.5931975728852354,0.6,1.0,41.733333333333334
3,BFGS_cluster_results_f6_100_2,AICc,0.2750739287024598,0.6666666666666666,1.0,48.86666666666667
4,BFGS_cluster_results_f6_100_2,MDL,0.6181992804496397,0.3333333333333333,1.0,30.6
5,BFGS_cluster_results_f6_100_2,Err_in,0.20647643477014826,0.13333333333333333,0.0,55.333333333333336
