,dataset,criteria,avg_test_error,precision_at_k,ground_truth_hit,avg_size
0,BFGS_orig_results_f3_100_1,MSE_train_opt,9.886399741000203e-07,0.3620689655172414,0.0,45.89655172413793
1,BFGS_orig_results_f3_100_1,AIC,5.543540840164956e-07,0.5689655172413793,1.0,31.051724137931036
2,BFGS_orig_results_f3_100_1,BIC,5.543540840164956e-07,0.5689655172413793,1.0,31.051724137931036
3,BFGS_orig_results_f3_100_1,AICc,5.543540840164956e-07,0.5689655172413793,1.0,31.051724137931036
4,BFGS_orig_results_f3_100_1,MDL,5.479041662633123e-07,0.5862068965517241,1.0,30.913793103448278
5,BFGS_orig_results_f3_100_1,Err_in,9.86971912811247e-07,0.3793103448275862,0.0,45.810344827586206
