,dataset,criteria,avg_test_error,precision_at_k,ground_truth_hit,avg_size
0,BFGS_cluster_results_f5_100_3,MSE_train_opt,0.012860465402998721,0.6296296296296297,1.0,50.55555555555556
1,BFGS_cluster_results_f5_100_3,AIC,0.006621757071962663,0.6666666666666666,1.0,36.96296296296296
2,BFGS_cluster_results_f5_100_3,BIC,0.006448511791918908,0.7037037037037037,1.0,33.51851851851852
3,BFGS_cluster_results_f5_100_3,AICc,0.006443269962843283,0.7037037037037037,1.0,35.18518518518518
4,BFGS_cluster_results_f5_100_3,MDL,0.006472515966851734,0.7037037037037037,1.0,32.925925925925924
5,BFGS_cluster_results_f5_100_3,Err_in,0.008663113575198242,0.6296296296296297,1.0,36.333333333333336
