,dataset,criteria,avg_test_error,precision_at_k,ground_truth_hit,avg_size
0,BFGS_pert_results_f5_100_3,MSE_train_opt,0.04286668385545256,0.3170731707317073,0.0,45.829268292682926
1,BFGS_pert_results_f5_100_3,AIC,0.04288023229744308,0.4634146341463415,1.0,37.34146341463415
2,BFGS_pert_results_f5_100_3,BIC,0.04288023229744308,0.4634146341463415,1.0,37.34146341463415
3,BFGS_pert_results_f5_100_3,AICc,0.04288023229744308,0.4634146341463415,1.0,37.34146341463415
4,BFGS_pert_results_f5_100_3,MDL,0.04203965755985824,0.5853658536585366,1.0,34.48780487804878
5,BFGS_pert_results_f5_100_3,Err_in,3.501994707138319,0.3902439024390244,0.0,51.1219512195122
