,dataset,criteria,avg_test_error,precision_at_k,ground_truth_hit,avg_size
0,BFGS_cluster_results_f5_100_3,MSE_train_opt,0.07013480629347173,0.9473684210526315,1.0,46.824561403508774
1,BFGS_cluster_results_f5_100_3,AIC,0.07013480629347173,0.9473684210526315,1.0,46.824561403508774
2,BFGS_cluster_results_f5_100_3,BIC,0.07013480629347173,0.9473684210526315,1.0,46.824561403508774
3,BFGS_cluster_results_f5_100_3,AICc,0.07013480629347173,0.9473684210526315,1.0,46.824561403508774
4,BFGS_cluster_results_f5_100_3,MDL,0.07013480629347173,0.9473684210526315,1.0,46.824561403508774
5,BFGS_cluster_results_f5_100_3,Err_in,0.07139065879243536,0.9649122807017544,1.0,46.175438596491226
