,dataset,criteria,avg_test_error,precision_at_k,ground_truth_hit,avg_size
0,BFGS_cluster_results_f4_100_2,MSE_train_opt,0.0010354602330238292,0.8953488372093024,1.0,48.58139534883721
1,BFGS_cluster_results_f4_100_2,AIC,0.0009707874359387664,0.9186046511627907,1.0,42.848837209302324
2,BFGS_cluster_results_f4_100_2,BIC,0.0009637332218235522,0.9302325581395349,1.0,42.76744186046512
3,BFGS_cluster_results_f4_100_2,AICc,0.0009637332218235525,0.9302325581395349,1.0,42.76744186046512
4,BFGS_cluster_results_f4_100_2,MDL,0.0009239300128919499,0.9302325581395349,1.0,42.54651162790697
5,BFGS_cluster_results_f4_100_2,Err_in,0.000967286391752644,0.9302325581395349,1.0,47.02325581395349
