,dataset,criteria,avg_test_error,precision_at_k,ground_truth_hit,avg_size
0,BFGS_orig_results_f2_100_2,MSE_train_opt,1.8616234757276206e-05,0.0,0.0,36.51724137931034
1,BFGS_orig_results_f2_100_2,AIC,4.442769267625758e-06,0.27586206896551724,1.0,24.689655172413794
2,BFGS_orig_results_f2_100_2,BIC,4.442769267625758e-06,0.27586206896551724,1.0,24.689655172413794
3,BFGS_orig_results_f2_100_2,AICc,4.442769267625758e-06,0.27586206896551724,1.0,24.689655172413794
4,BFGS_orig_results_f2_100_2,MDL,6.335160661940225e-06,0.27586206896551724,1.0,24.379310344827587
5,BFGS_orig_results_f2_100_2,Err_in,1.8616234757276206e-05,0.0,0.0,36.51724137931034
