,dataset,criteria,avg_test_error,precision_at_k,ground_truth_hit,avg_size
0,BFGS_pert_results_f6_100_2,MSE_train_opt,0.10499486062504432,1.0,0.0,51.333333333333336
1,BFGS_pert_results_f6_100_2,AIC,0.10499486062504432,1.0,0.0,51.333333333333336
2,BFGS_pert_results_f6_100_2,BIC,0.10567690047715626,0.8888888888888888,0.0,49.111111111111114
3,BFGS_pert_results_f6_100_2,AICc,0.10499486062504432,1.0,0.0,51.333333333333336
4,BFGS_pert_results_f6_100_2,MDL,0.10567690047715626,0.8888888888888888,0.0,49.111111111111114
5,BFGS_pert_results_f6_100_2,Err_in,0.9427084890738909,0.0,1.0,45.111111111111114
