,dataset,criteria,avg_test_error,precision_at_k,ground_truth_hit,avg_size
0,BFGS_orig_results_f1_100_10,MSE_train_opt,0.014275075026133857,0.4166666666666667,1.0,38.416666666666664
1,BFGS_orig_results_f1_100_10,AIC,0.012685735150466554,0.5,1.0,31.729166666666668
2,BFGS_orig_results_f1_100_10,BIC,0.012378953258932271,0.5,1.0,31.645833333333332
3,BFGS_orig_results_f1_100_10,AICc,0.012685735150466554,0.5,1.0,31.729166666666668
4,BFGS_orig_results_f1_100_10,MDL,0.011114386890722978,0.5625,1.0,30.708333333333332
5,BFGS_orig_results_f1_100_10,Err_in,0.011139820607789487,0.7291666666666666,1.0,35.479166666666664
