,dataset,criteria,avg_test_error,precision_at_k,ground_truth_hit,avg_size
0,BFGS_orig_results_f7_100_2,MSE_train_opt,0.008400269453403645,0.7692307692307693,1.0,30.43076923076923
1,BFGS_orig_results_f7_100_2,AIC,0.0084271808301743,0.7076923076923077,1.0,25.661538461538463
2,BFGS_orig_results_f7_100_2,BIC,0.0084271808301743,0.7076923076923077,1.0,25.661538461538463
3,BFGS_orig_results_f7_100_2,AICc,0.0084271808301743,0.7076923076923077,1.0,25.661538461538463
4,BFGS_orig_results_f7_100_2,MDL,0.008400396326982374,0.7384615384615385,1.0,25.307692307692307
5,BFGS_orig_results_f7_100_2,Err_in,0.008203076649666564,0.7384615384615385,1.0,30.676923076923078
