,dataset,criteria,avg_test_error,precision_at_k,ground_truth_hit,avg_size
0,BFGS_pert_results_f2_100_2,MSE_train_opt,0.012630049511701082,0.8333333333333334,0.0,43.95238095238095
1,BFGS_pert_results_f2_100_2,AIC,0.012632929333195445,0.7857142857142857,1.0,41.142857142857146
2,BFGS_pert_results_f2_100_2,BIC,0.012633092750148702,0.7857142857142857,1.0,40.95238095238095
3,BFGS_pert_results_f2_100_2,AICc,0.012632929333195446,0.7857142857142857,1.0,41.142857142857146
4,BFGS_pert_results_f2_100_2,MDL,0.012665971265283894,0.7619047619047619,1.0,39.142857142857146
5,BFGS_pert_results_f2_100_2,Err_in,0.014017601545848076,0.5238095238095238,0.0,42.73809523809524
