,dataset,criteria,avg_test_error,precision_at_k,ground_truth_hit,avg_size
0,BFGS_orig_results_f5_100_3,MSE_train_opt,4.759998631291048e-05,0.8554216867469879,0.0,46.91566265060241
1,BFGS_orig_results_f5_100_3,AIC,4.091850766457542e-05,0.8674698795180723,1.0,41.204819277108435
2,BFGS_orig_results_f5_100_3,BIC,4.091850766457542e-05,0.8674698795180723,1.0,41.204819277108435
3,BFGS_orig_results_f5_100_3,AICc,4.091850766457542e-05,0.8674698795180723,1.0,41.204819277108435
4,BFGS_orig_results_f5_100_3,MDL,4.033409544470979e-05,0.8674698795180723,1.0,40.57831325301205
5,BFGS_orig_results_f5_100_3,Err_in,4.759998631291048e-05,0.8554216867469879,0.0,46.91566265060241
