,dataset,criteria,avg_test_error,precision_at_k,ground_truth_hit,avg_size
0,BFGS_cluster_results_f2_100_2,MSE_train_opt,0.0001603928627776239,0.0,0.0,79.66666666666667
1,BFGS_cluster_results_f2_100_2,AIC,2.2312242401364957e-05,0.13333333333333333,1.0,25.933333333333334
2,BFGS_cluster_results_f2_100_2,BIC,1.5204762751443002e-05,0.13333333333333333,1.0,24.0
3,BFGS_cluster_results_f2_100_2,AICc,2.1518461255212834e-05,0.13333333333333333,1.0,25.666666666666668
4,BFGS_cluster_results_f2_100_2,MDL,1.5128622705503018e-05,0.2,1.0,23.333333333333332
5,BFGS_cluster_results_f2_100_2,Err_in,1.5161788702938474e-05,0.3333333333333333,0.0,28.6
