,dataset,criteria,avg_test_error,precision_at_k,ground_truth_hit,avg_size
0,BFGS_cluster_results_f5_100_3,MSE_train_opt,0.014441690322251718,0.5416666666666666,0.0,52.666666666666664
1,BFGS_cluster_results_f5_100_3,AIC,0.007367056742784883,0.5416666666666666,1.0,36.5
2,BFGS_cluster_results_f5_100_3,BIC,0.006888523917363974,0.625,1.0,33.333333333333336
3,BFGS_cluster_results_f5_100_3,AICc,0.00716467159985746,0.5833333333333334,1.0,34.791666666666664
4,BFGS_cluster_results_f5_100_3,MDL,0.006903010193104305,0.625,1.0,31.916666666666668
5,BFGS_cluster_results_f5_100_3,Err_in,0.008731380532509363,0.5833333333333334,1.0,36.875
