,dataset,criteria,avg_test_error,precision_at_k,ground_truth_hit,avg_size
0,BFGS_pert_results_f1_100_10,MSE_train_opt,0.015383463586610833,0.16666666666666666,1.0,37.861111111111114
1,BFGS_pert_results_f1_100_10,AIC,0.013029419298684099,0.3611111111111111,1.0,32.30555555555556
2,BFGS_pert_results_f1_100_10,BIC,0.0130294192986841,0.3611111111111111,1.0,32.30555555555556
3,BFGS_pert_results_f1_100_10,AICc,0.013029419298684099,0.3611111111111111,1.0,32.30555555555556
4,BFGS_pert_results_f1_100_10,MDL,0.010982603237789193,0.5833333333333334,1.0,30.194444444444443
5,BFGS_pert_results_f1_100_10,Err_in,0.011023000325967846,0.4722222222222222,0.0,36.611111111111114
