,dataset,criteria,avg_test_error,precision_at_k,ground_truth_hit,avg_size
0,BFGS_orig_results_f6_100_2,MSE_train_opt,0.0005449837156989306,0.7796610169491526,0.0,50.88135593220339
1,BFGS_orig_results_f6_100_2,AIC,0.0006323363925891997,0.5932203389830508,1.0,33.79661016949152
2,BFGS_orig_results_f6_100_2,BIC,0.0006417495232162794,0.5932203389830508,1.0,33.847457627118644
3,BFGS_orig_results_f6_100_2,AICc,0.0006417495232162794,0.5932203389830508,1.0,33.847457627118644
4,BFGS_orig_results_f6_100_2,MDL,0.0006024441291776374,0.6101694915254238,1.0,33.42372881355932
5,BFGS_orig_results_f6_100_2,Err_in,0.0005449837156989306,0.7796610169491526,0.0,50.88135593220339
