,dataset,criteria,avg_test_error,precision_at_k,ground_truth_hit,avg_size
0,BFGS_cluster_results_f7_100_2,MSE_train_opt,0.009105432829408707,0.5932203389830508,1.0,30.677966101694917
1,BFGS_cluster_results_f7_100_2,AIC,0.008818941593823034,0.6949152542372882,1.0,24.627118644067796
2,BFGS_cluster_results_f7_100_2,BIC,0.008719600318648529,0.6949152542372882,1.0,24.52542372881356
3,BFGS_cluster_results_f7_100_2,AICc,0.008719600318648529,0.6949152542372882,1.0,24.52542372881356
4,BFGS_cluster_results_f7_100_2,MDL,0.0086857366180528,0.7288135593220338,1.0,24.338983050847457
5,BFGS_cluster_results_f7_100_2,Err_in,0.008539021355814708,0.6779661016949152,0.0,27.779661016949152
