,dataset,criteria,avg_test_error,precision_at_k,ground_truth_hit,avg_size
0,BFGS_orig_results_f6_100_2,MSE_train_opt,0.0006449352412158438,0.9213483146067416,0.0,47.97752808988764
1,BFGS_orig_results_f6_100_2,AIC,0.0006319448547408584,0.9213483146067416,1.0,42.831460674157306
2,BFGS_orig_results_f6_100_2,BIC,0.0006319448547408583,0.9213483146067416,1.0,42.831460674157306
3,BFGS_orig_results_f6_100_2,AICc,0.0006319448547408583,0.9213483146067416,1.0,42.831460674157306
4,BFGS_orig_results_f6_100_2,MDL,0.0006320953051756382,0.9213483146067416,1.0,42.662921348314605
5,BFGS_orig_results_f6_100_2,Err_in,0.0006449352412158438,0.9213483146067416,0.0,47.97752808988764
