,dataset,criteria,avg_test_error,precision_at_k,ground_truth_hit,avg_size
0,BFGS_orig_results_f1_100_10,MSE_train_opt,0.012618320728639264,0.8554216867469879,1.0,35.397590361445786
1,BFGS_orig_results_f1_100_10,AIC,0.012649619349168712,0.8554216867469879,1.0,33.024096385542165
2,BFGS_orig_results_f1_100_10,BIC,0.012393880379969262,0.8674698795180723,1.0,32.72289156626506
3,BFGS_orig_results_f1_100_10,AICc,0.012649619349168712,0.8554216867469879,1.0,33.024096385542165
4,BFGS_orig_results_f1_100_10,MDL,0.01202691662419782,0.891566265060241,1.0,32.506024096385545
5,BFGS_orig_results_f1_100_10,Err_in,0.011511890546613255,0.927710843373494,1.0,34.975903614457835
