,dataset,criteria,avg_test_error,precision_at_k,ground_truth_hit,avg_size
0,BFGS_pert_results_f5_100_3,MSE_train_opt,0.03654797368242729,0.37037037037037035,0.0,48.0
1,BFGS_pert_results_f5_100_3,AIC,0.03654793576307637,0.37037037037037035,1.0,39.851851851851855
2,BFGS_pert_results_f5_100_3,BIC,0.03654793576307637,0.37037037037037035,1.0,39.851851851851855
3,BFGS_pert_results_f5_100_3,AICc,0.03654793576307637,0.37037037037037035,1.0,39.851851851851855
4,BFGS_pert_results_f5_100_3,MDL,0.03530036653412837,0.4444444444444444,1.0,36.111111111111114
5,BFGS_pert_results_f5_100_3,Err_in,5.291329425829088,0.25925925925925924,0.0,54.074074074074076
