,dataset,criteria,avg_test_error,precision_at_k,ground_truth_hit,avg_size
0,BFGS_orig_results_f3_100_1,MSE_train_opt,6.480969895914704e-07,0.9333333333333333,0.0,48.01111111111111
1,BFGS_orig_results_f3_100_1,AIC,5.428167682389453e-07,0.9444444444444444,1.0,42.233333333333334
2,BFGS_orig_results_f3_100_1,BIC,5.428167682389453e-07,0.9444444444444444,1.0,42.233333333333334
3,BFGS_orig_results_f3_100_1,AICc,5.428167682389454e-07,0.9444444444444444,1.0,42.233333333333334
4,BFGS_orig_results_f3_100_1,MDL,5.428167682389453e-07,0.9444444444444444,1.0,42.233333333333334
5,BFGS_orig_results_f3_100_1,Err_in,6.46585609818336e-07,0.9333333333333333,0.0,46.7
