,dataset,criteria,avg_test_error,precision_at_k,ground_truth_hit,avg_size
0,BFGS_cluster_results_f6_100_2,MSE_train_opt,0.41662354221395576,0.9550561797752809,1.0,52.056179775280896
1,BFGS_cluster_results_f6_100_2,AIC,0.4166235422139559,0.9550561797752809,1.0,52.056179775280896
2,BFGS_cluster_results_f6_100_2,BIC,0.4023535473038955,0.9662921348314607,1.0,51.337078651685395
3,BFGS_cluster_results_f6_100_2,AICc,0.4166235422139558,0.9550561797752809,1.0,52.056179775280896
4,BFGS_cluster_results_f6_100_2,MDL,0.4023535473038955,0.9662921348314607,1.0,51.337078651685395
5,BFGS_cluster_results_f6_100_2,Err_in,0.5040097098762534,0.9550561797752809,1.0,51.29213483146067
