,dataset,criteria,avg_test_error,precision_at_k,ground_truth_hit,avg_size
0,BFGS_pert_results_f5_100_3,MSE_train_opt,0.04343347844803429,0.37209302325581395,0.0,45.74418604651163
1,BFGS_pert_results_f5_100_3,AIC,0.04344639244050934,0.5116279069767442,1.0,37.116279069767444
2,BFGS_pert_results_f5_100_3,BIC,0.04344639244050934,0.5116279069767442,1.0,37.116279069767444
3,BFGS_pert_results_f5_100_3,AICc,0.04344639244050934,0.5116279069767442,1.0,37.116279069767444
4,BFGS_pert_results_f5_100_3,MDL,0.042644918488687095,0.5581395348837209,1.0,34.48837209302326
5,BFGS_pert_results_f5_100_3,Err_in,3.341671826229807,0.37209302325581395,0.0,50.51162790697674
