,dataset,criteria,avg_test_error,precision_at_k,ground_truth_hit,avg_size
0,BFGS_pert_results_f1_100_10,MSE_train_opt,0.016182802663808674,0.0967741935483871,1.0,38.935483870967744
1,BFGS_pert_results_f1_100_10,AIC,0.013449074819091737,0.1935483870967742,1.0,32.516129032258064
2,BFGS_pert_results_f1_100_10,BIC,0.01344907481909174,0.1935483870967742,1.0,32.516129032258064
3,BFGS_pert_results_f1_100_10,AICc,0.01344907481909174,0.1935483870967742,1.0,32.516129032258064
4,BFGS_pert_results_f1_100_10,MDL,0.01104870226984825,0.41935483870967744,1.0,30.032258064516128
5,BFGS_pert_results_f1_100_10,Err_in,0.011119040959112435,0.3870967741935484,0.0,37.83870967741935
