,dataset,criteria,avg_test_error,precision_at_k,ground_truth_hit,avg_size
0,BFGS_cluster_results_f1_100_10,MSE_train_opt,0.027914219356515915,0.8292682926829268,1.0,43.8780487804878
1,BFGS_cluster_results_f1_100_10,AIC,0.023879549082143865,0.8780487804878049,1.0,39.08536585365854
2,BFGS_cluster_results_f1_100_10,BIC,0.019336054525265177,0.926829268292683,1.0,37.84146341463415
3,BFGS_cluster_results_f1_100_10,AICc,0.02083645063487165,0.9146341463414634,1.0,37.97560975609756
4,BFGS_cluster_results_f1_100_10,MDL,0.021326494302220327,0.9024390243902439,1.0,37.23170731707317
5,BFGS_cluster_results_f1_100_10,Err_in,0.018294957535439398,0.9390243902439024,1.0,39.792682926829265
