,dataset,criteria,avg_test_error,precision_at_k,ground_truth_hit,avg_size
0,BFGS_pert_results_f1_100_10,MSE_train_opt,0.016997440288316866,0.07407407407407407,0.0,37.7037037037037
1,BFGS_pert_results_f1_100_10,AIC,0.01387323130571143,0.18518518518518517,1.0,32.55555555555556
2,BFGS_pert_results_f1_100_10,BIC,0.013873231305711433,0.18518518518518517,1.0,32.55555555555556
3,BFGS_pert_results_f1_100_10,AICc,0.013873231305711433,0.18518518518518517,1.0,32.55555555555556
4,BFGS_pert_results_f1_100_10,MDL,0.010754051995192722,0.37037037037037035,1.0,29.88888888888889
5,BFGS_pert_results_f1_100_10,Err_in,0.010810185912419725,0.4074074074074074,0.0,37.03703703703704
