,dataset,criteria,avg_test_error,precision_at_k,ground_truth_hit,avg_size
0,BFGS_pert_results_f4_100_2,MSE_train_opt,0.002833944648975062,0.0,0.0,36.666666666666664
1,BFGS_pert_results_f4_100_2,AIC,0.00013976531770374862,0.3333333333333333,0.0,31.5
2,BFGS_pert_results_f4_100_2,BIC,0.00012078161154924865,0.5,0.0,31.333333333333332
3,BFGS_pert_results_f4_100_2,AICc,0.00013976531770374862,0.3333333333333333,0.0,31.5
4,BFGS_pert_results_f4_100_2,MDL,2.3201379772395643e-05,0.5,0.0,31.166666666666668
5,BFGS_pert_results_f4_100_2,Err_in,0.03324817811266897,0.0,0.0,59.0
