,dataset,criteria,avg_test_error,precision_at_k,ground_truth_hit,avg_size
0,BFGS_orig_results_f5_100_3,MSE_train_opt,9.175837977838449e-05,0.02564102564102564,0.0,52.07692307692308
1,BFGS_orig_results_f5_100_3,AIC,2.68526558643053e-05,0.3333333333333333,1.0,32.48717948717949
2,BFGS_orig_results_f5_100_3,BIC,2.3975727175128286e-05,0.358974358974359,1.0,31.846153846153847
3,BFGS_orig_results_f5_100_3,AICc,2.68526558643053e-05,0.3333333333333333,1.0,32.48717948717949
4,BFGS_orig_results_f5_100_3,MDL,1.602219005329865e-05,0.48717948717948717,1.0,31.153846153846153
5,BFGS_orig_results_f5_100_3,Err_in,9.175837977838449e-05,0.02564102564102564,0.0,52.07692307692308
