,dataset,criteria,avg_test_error,precision_at_k,ground_truth_hit,avg_size
0,BFGS_orig_results_f2_100_2,MSE_train_opt,1.0540519826438033e-05,0.5714285714285714,0.0,37.6031746031746
1,BFGS_orig_results_f2_100_2,AIC,7.044390536269501e-06,0.6825396825396826,1.0,28.238095238095237
2,BFGS_orig_results_f2_100_2,BIC,7.044390536269501e-06,0.6825396825396826,1.0,28.238095238095237
3,BFGS_orig_results_f2_100_2,AICc,7.044390536269501e-06,0.6825396825396826,1.0,28.238095238095237
4,BFGS_orig_results_f2_100_2,MDL,6.826974331852284e-06,0.6984126984126984,1.0,28.174603174603174
5,BFGS_orig_results_f2_100_2,Err_in,1.0540519826438033e-05,0.5714285714285714,0.0,37.6031746031746
