,dataset,criteria,avg_test_error,precision_at_k,ground_truth_hit,avg_size
0,BFGS_cluster_results_f3_100_1,MSE_train_opt,8.517240787212238e-05,0.2857142857142857,0.0,52.892857142857146
1,BFGS_cluster_results_f3_100_1,AIC,2.506609169405788e-05,0.8035714285714286,1.0,29.267857142857142
2,BFGS_cluster_results_f3_100_1,BIC,1.9907168324746686e-05,0.8035714285714286,1.0,28.803571428571427
3,BFGS_cluster_results_f3_100_1,AICc,1.9907168324746686e-05,0.8035714285714286,1.0,28.803571428571427
4,BFGS_cluster_results_f3_100_1,MDL,1.4957741887139139e-05,0.875,1.0,28.571428571428573
5,BFGS_cluster_results_f3_100_1,Err_in,1.921338387606791e-05,0.8392857142857143,1.0,31.535714285714285
