,dataset,criteria,avg_test_error,precision_at_k,ground_truth_hit,avg_size
0,BFGS_orig_results_f5_100_3,MSE_train_opt,5.9794581446140886e-05,0.5606060606060606,0.0,47.65151515151515
1,BFGS_orig_results_f5_100_3,AIC,3.272692836087793e-05,0.7424242424242424,1.0,36.22727272727273
2,BFGS_orig_results_f5_100_3,BIC,2.9892570955190043e-05,0.7575757575757576,1.0,35.666666666666664
3,BFGS_orig_results_f5_100_3,AICc,2.9892570955190043e-05,0.7575757575757576,1.0,35.666666666666664
4,BFGS_orig_results_f5_100_3,MDL,2.5804787998536267e-05,0.7878787878787878,1.0,35.196969696969695
5,BFGS_orig_results_f5_100_3,Err_in,5.9794581446140886e-05,0.5606060606060606,0.0,47.65151515151515
