,dataset,criteria,avg_test_error,precision_at_k,ground_truth_hit,avg_size
0,BFGS_orig_results_f4_100_2,MSE_train_opt,0.00520623373316541,0.02702702702702703,0.0,45.86486486486486
1,BFGS_orig_results_f4_100_2,AIC,0.0005407453661611713,0.2702702702702703,1.0,33.972972972972975
2,BFGS_orig_results_f4_100_2,BIC,0.00020075063575515317,0.32432432432432434,1.0,33.270270270270274
3,BFGS_orig_results_f4_100_2,AICc,0.00020075063575515317,0.32432432432432434,1.0,33.270270270270274
4,BFGS_orig_results_f4_100_2,MDL,0.004454675636717009,0.3783783783783784,1.0,33.0
5,BFGS_orig_results_f4_100_2,Err_in,0.00520623373316541,0.02702702702702703,0.0,45.86486486486486
