,dataset,criteria,avg_test_error,precision_at_k,ground_truth_hit,avg_size
0,BFGS_orig_results_f4_100_2,MSE_train_opt,0.0023888107276050794,0.8433734939759037,0.0,47.33734939759036
1,BFGS_orig_results_f4_100_2,AIC,0.0023831024960337113,0.8433734939759037,1.0,41.83132530120482
2,BFGS_orig_results_f4_100_2,BIC,0.0023831024960337113,0.8433734939759037,1.0,41.83132530120482
3,BFGS_orig_results_f4_100_2,AICc,0.0023831024960337113,0.8433734939759037,1.0,41.83132530120482
4,BFGS_orig_results_f4_100_2,MDL,0.0023702377526752445,0.8554216867469879,1.0,42.096385542168676
5,BFGS_orig_results_f4_100_2,Err_in,0.0023888107276050794,0.8433734939759037,0.0,47.33734939759036
