,dataset,criteria,avg_test_error,precision_at_k,ground_truth_hit,avg_size
0,BFGS_cluster_results_f4_100_2,MSE_train_opt,0.001566770145595029,0.02631578947368421,0.0,65.07894736842105
1,BFGS_cluster_results_f4_100_2,AIC,0.0008699960119418922,0.5,1.0,32.39473684210526
2,BFGS_cluster_results_f4_100_2,BIC,0.0007618273029442343,0.5789473684210527,1.0,31.0
3,BFGS_cluster_results_f4_100_2,AICc,0.0008161087045920158,0.5263157894736842,1.0,31.894736842105264
4,BFGS_cluster_results_f4_100_2,MDL,0.0005931342986149238,0.7105263157894737,1.0,30.18421052631579
5,BFGS_cluster_results_f4_100_2,Err_in,0.0007186558035738603,0.6842105263157895,1.0,40.71052631578947
