,dataset,criteria,avg_test_error,precision_at_k,ground_truth_hit,avg_size
0,BFGS_orig_results_f1_100_10,MSE_train_opt,0.014356937143927275,0.3829787234042553,1.0,37.59574468085106
1,BFGS_orig_results_f1_100_10,AIC,0.012733780284538043,0.48936170212765956,1.0,31.78723404255319
2,BFGS_orig_results_f1_100_10,BIC,0.012420471703015247,0.48936170212765956,1.0,31.70212765957447
3,BFGS_orig_results_f1_100_10,AICc,0.012733780284538043,0.48936170212765956,1.0,31.78723404255319
4,BFGS_orig_results_f1_100_10,MDL,0.011129001405845287,0.5319148936170213,1.0,30.680851063829788
5,BFGS_orig_results_f1_100_10,Err_in,0.011154974527380065,0.7446808510638298,1.0,35.61702127659574
