,dataset,criteria,avg_test_error,precision_at_k,ground_truth_hit,avg_size
0,BFGS_orig_results_f3_100_1,MSE_train_opt,1.6127254921373794e-06,0.0,0.0,45.39393939393939
1,BFGS_orig_results_f3_100_1,AIC,5.764133891512361e-07,0.30303030303030304,1.0,26.303030303030305
2,BFGS_orig_results_f3_100_1,BIC,5.764133891512361e-07,0.30303030303030304,1.0,26.303030303030305
3,BFGS_orig_results_f3_100_1,AICc,5.764133891512361e-07,0.30303030303030304,1.0,26.303030303030305
4,BFGS_orig_results_f3_100_1,MDL,5.5561266041889e-07,0.3939393939393939,1.0,26.242424242424242
5,BFGS_orig_results_f3_100_1,Err_in,1.6235805757991937e-06,0.0,0.0,43.484848484848484
