,dataset,criteria,avg_test_error,precision_at_k,ground_truth_hit,avg_size
0,BFGS_pert_results_f7_100_2,MSE_train_opt,0.008485143372599055,0.38636363636363635,1.0,30.522727272727273
1,BFGS_pert_results_f7_100_2,AIC,0.0083970965575434,0.5454545454545454,1.0,24.318181818181817
2,BFGS_pert_results_f7_100_2,BIC,0.0083970965575434,0.5454545454545454,1.0,24.318181818181817
3,BFGS_pert_results_f7_100_2,AICc,0.0083970965575434,0.5454545454545454,1.0,24.318181818181817
4,BFGS_pert_results_f7_100_2,MDL,0.008397089563038003,0.5454545454545454,1.0,24.09090909090909
5,BFGS_pert_results_f7_100_2,Err_in,0.008384742742436425,0.4318181818181818,0.0,27.977272727272727
