,dataset,criteria,avg_test_error,precision_at_k,ground_truth_hit,avg_size
0,BFGS_pert_results_f1_100_10,MSE_train_opt,0.01552506092508433,0.14285714285714285,1.0,38.08571428571429
1,BFGS_pert_results_f1_100_10,AIC,0.013103758196232195,0.34285714285714286,1.0,32.4
2,BFGS_pert_results_f1_100_10,BIC,0.013103758196232197,0.34285714285714286,1.0,32.4
3,BFGS_pert_results_f1_100_10,AICc,0.013103758196232194,0.34285714285714286,1.0,32.4
4,BFGS_pert_results_f1_100_10,MDL,0.010998462899260066,0.5428571428571428,1.0,30.2
5,BFGS_pert_results_f1_100_10,Err_in,0.011040012356549563,0.45714285714285713,0.0,36.82857142857143
