,dataset,criteria,avg_test_error,precision_at_k,ground_truth_hit,avg_size
0,BFGS_orig_results_f1_100_10,MSE_train_opt,0.01251851074596076,0.9325842696629213,1.0,35.30337078651685
1,BFGS_orig_results_f1_100_10,AIC,0.012509940856302129,0.9213483146067416,1.0,33.449438202247194
2,BFGS_orig_results_f1_100_10,BIC,0.01237274898170945,0.9213483146067416,1.0,33.258426966292134
3,BFGS_orig_results_f1_100_10,AICc,0.01237274898170945,0.9213483146067416,1.0,33.258426966292134
4,BFGS_orig_results_f1_100_10,MDL,0.012060253172994887,0.9325842696629213,1.0,33.12359550561798
5,BFGS_orig_results_f1_100_10,Err_in,0.012025664508167508,0.9325842696629213,1.0,35.13483146067416
