,dataset,criteria,avg_test_error,precision_at_k,ground_truth_hit,avg_size
0,BFGS_pert_results_f5_100_3,MSE_train_opt,0.040777640916640594,0.34285714285714286,0.0,47.2
1,BFGS_pert_results_f5_100_3,AIC,0.04079351198382195,0.42857142857142855,1.0,37.8
2,BFGS_pert_results_f5_100_3,BIC,0.04079351198382195,0.42857142857142855,1.0,37.8
3,BFGS_pert_results_f5_100_3,AICc,0.04079351198382195,0.42857142857142855,1.0,37.8
4,BFGS_pert_results_f5_100_3,MDL,0.03980884405732511,0.4857142857142857,1.0,34.97142857142857
5,BFGS_pert_results_f5_100_3,Err_in,4.092899039654953,0.3142857142857143,0.0,51.0
