,dataset,criteria,avg_test_error,precision_at_k,ground_truth_hit,avg_size
0,BFGS_pert_results_f5_100_3,MSE_train_opt,0.03126088962233597,0.47619047619047616,0.0,47.857142857142854
1,BFGS_pert_results_f5_100_3,AIC,0.03126084093114857,0.47619047619047616,1.0,42.42857142857143
2,BFGS_pert_results_f5_100_3,BIC,0.03126084093114857,0.47619047619047616,1.0,42.42857142857143
3,BFGS_pert_results_f5_100_3,AICc,0.03126084093114857,0.47619047619047616,1.0,42.42857142857143
4,BFGS_pert_results_f5_100_3,MDL,0.02965682337165441,0.47619047619047616,1.0,37.80952380952381
5,BFGS_pert_results_f5_100_3,Err_in,6.792640997307788,0.14285714285714285,0.0,59.476190476190474
