,dataset,criteria,avg_test_error,precision_at_k,ground_truth_hit,avg_size
0,BFGS_orig_results_f2_100_2,MSE_train_opt,1.3689020983858986e-05,0.0975609756097561,0.0,38.951219512195124
1,BFGS_orig_results_f2_100_2,AIC,7.1320707518797184e-06,0.3902439024390244,1.0,25.414634146341463
2,BFGS_orig_results_f2_100_2,BIC,7.1320707518797184e-06,0.3902439024390244,1.0,25.414634146341463
3,BFGS_orig_results_f2_100_2,AICc,7.1320707518797184e-06,0.3902439024390244,1.0,25.414634146341463
4,BFGS_orig_results_f2_100_2,MDL,6.750415536937566e-06,0.43902439024390244,1.0,25.73170731707317
5,BFGS_orig_results_f2_100_2,Err_in,1.3689020983858986e-05,0.0975609756097561,0.0,38.951219512195124
