,dataset,criteria,avg_test_error,precision_at_k,ground_truth_hit,avg_size
0,BFGS_cluster_results_f1_100_10,MSE_train_opt,0.047628903992156635,0.0,0.0,55.60606060606061
1,BFGS_cluster_results_f1_100_10,AIC,0.026259167814273076,0.24242424242424243,1.0,36.42424242424242
2,BFGS_cluster_results_f1_100_10,BIC,0.018161174698807948,0.5454545454545454,1.0,32.666666666666664
3,BFGS_cluster_results_f1_100_10,AICc,0.024770675546819384,0.36363636363636365,1.0,35.42424242424242
4,BFGS_cluster_results_f1_100_10,MDL,0.013127023015923027,0.696969696969697,1.0,30.727272727272727
5,BFGS_cluster_results_f1_100_10,Err_in,0.01331021920062872,0.8181818181818182,1.0,31.939393939393938
