,dataset,criteria,avg_test_error,precision_at_k,ground_truth_hit,avg_size
0,BFGS_orig_results_f5_100_3,MSE_train_opt,8.080006444919647e-05,0.13043478260869565,0.0,50.95652173913044
1,BFGS_orig_results_f5_100_3,AIC,2.418280653303989e-05,0.45652173913043476,1.0,33.08695652173913
2,BFGS_orig_results_f5_100_3,BIC,2.418280653303989e-05,0.45652173913043476,1.0,33.08695652173913
3,BFGS_orig_results_f5_100_3,AICc,2.418280653303989e-05,0.45652173913043476,1.0,33.08695652173913
4,BFGS_orig_results_f5_100_3,MDL,1.8503484248390826e-05,0.5652173913043478,1.0,32.08695652173913
5,BFGS_orig_results_f5_100_3,Err_in,8.080006444919647e-05,0.13043478260869565,0.0,50.95652173913044
