,dataset,criteria,avg_test_error,precision_at_k,ground_truth_hit,avg_size
0,BFGS_orig_results_f5_100_3,MSE_train_opt,5.4837616814873365e-05,0.6805555555555556,0.0,46.34722222222222
1,BFGS_orig_results_f5_100_3,AIC,4.055384069841171e-05,0.7638888888888888,1.0,37.19444444444444
2,BFGS_orig_results_f5_100_3,BIC,4.055384069841171e-05,0.7638888888888888,1.0,37.19444444444444
3,BFGS_orig_results_f5_100_3,AICc,4.0553840698411714e-05,0.7638888888888888,1.0,37.19444444444444
4,BFGS_orig_results_f5_100_3,MDL,3.2279975805450176e-05,0.7916666666666666,1.0,36.72222222222222
5,BFGS_orig_results_f5_100_3,Err_in,5.4837616814873365e-05,0.6805555555555556,0.0,46.34722222222222
