,dataset,criteria,avg_test_error,precision_at_k,ground_truth_hit,avg_size
0,BFGS_cluster_results_f7_100_2,MSE_train_opt,0.008860746644882239,0.9080459770114943,1.0,28.896551724137932
1,BFGS_cluster_results_f7_100_2,AIC,0.00870333631622496,0.9425287356321839,1.0,26.57471264367816
2,BFGS_cluster_results_f7_100_2,BIC,0.00870333631622496,0.9425287356321839,1.0,26.57471264367816
3,BFGS_cluster_results_f7_100_2,AICc,0.00870333631622496,0.9425287356321839,1.0,26.57471264367816
4,BFGS_cluster_results_f7_100_2,MDL,0.008702148331306546,0.9425287356321839,1.0,26.49425287356322
5,BFGS_cluster_results_f7_100_2,Err_in,0.008556709990679057,0.9540229885057471,1.0,27.873563218390803
