,dataset,criteria,avg_test_error,precision_at_k,ground_truth_hit,avg_size
0,BFGS_cluster_results_f2_100_2,MSE_train_opt,0.00011892940394432909,0.0,0.0,68.11111111111111
1,BFGS_cluster_results_f2_100_2,AIC,1.9134849283841546e-05,0.4444444444444444,1.0,25.333333333333332
2,BFGS_cluster_results_f2_100_2,BIC,1.5186249817225908e-05,0.4444444444444444,1.0,24.296296296296298
3,BFGS_cluster_results_f2_100_2,AICc,1.869385982744653e-05,0.4444444444444444,1.0,25.11111111111111
4,BFGS_cluster_results_f2_100_2,MDL,1.5124792118463552e-05,0.48148148148148145,1.0,23.962962962962962
5,BFGS_cluster_results_f2_100_2,Err_in,1.5162416686305633e-05,0.48148148148148145,0.0,27.11111111111111
