,dataset,criteria,avg_test_error,precision_at_k,ground_truth_hit,avg_size
0,BFGS_cluster_results_f2_100_2,MSE_train_opt,0.00012659047062996666,0.0,0.0,82.33333333333333
1,BFGS_cluster_results_f2_100_2,AIC,4.673159619776385e-05,0.0,0.0,33.0
2,BFGS_cluster_results_f2_100_2,BIC,1.5163103807033785e-05,0.0,0.0,24.0
3,BFGS_cluster_results_f2_100_2,AICc,1.5163103807033785e-05,0.0,0.0,24.0
4,BFGS_cluster_results_f2_100_2,MDL,1.5163116466223076e-05,0.0,1.0,22.333333333333332
5,BFGS_cluster_results_f2_100_2,Err_in,1.5163107442890151e-05,0.0,0.0,25.666666666666668
