,dataset,criteria,avg_test_error,precision_at_k,ground_truth_hit,avg_size
0,BFGS_cluster_results_f4_100_2,MSE_train_opt,0.0015772222921393122,0.0,0.0,66.33333333333333
1,BFGS_cluster_results_f4_100_2,AIC,0.0008606125734797667,0.42424242424242425,1.0,32.0
2,BFGS_cluster_results_f4_100_2,BIC,0.0007824861411178426,0.48484848484848486,1.0,30.78787878787879
3,BFGS_cluster_results_f4_100_2,AICc,0.0008306984846645849,0.45454545454545453,1.0,31.424242424242426
4,BFGS_cluster_results_f4_100_2,MDL,0.0005252148001865455,0.6666666666666666,1.0,29.666666666666668
5,BFGS_cluster_results_f4_100_2,Err_in,0.0007513297603637181,0.5757575757575758,1.0,40.81818181818182
