,dataset,criteria,avg_test_error,precision_at_k,ground_truth_hit,avg_size
0,BFGS_orig_results_f5_100_3,MSE_train_opt,0.00010206509825611424,0.0,0.0,53.73913043478261
1,BFGS_orig_results_f5_100_3,AIC,3.526822222809222e-05,0.08695652173913043,1.0,31.304347826086957
2,BFGS_orig_results_f5_100_3,BIC,3.205012397288575e-05,0.08695652173913043,1.0,31.652173913043477
3,BFGS_orig_results_f5_100_3,AICc,3.526822222809222e-05,0.08695652173913043,1.0,31.304347826086957
4,BFGS_orig_results_f5_100_3,MDL,1.2807191455108928e-05,0.30434782608695654,1.0,29.47826086956522
5,BFGS_orig_results_f5_100_3,Err_in,0.00010206509825611424,0.0,0.0,53.73913043478261
