,dataset,criteria,avg_test_error,precision_at_k,ground_truth_hit,avg_size
0,BFGS_orig_results_f6_100_2,MSE_train_opt,0.0005781824623127977,0.8028169014084507,0.0,48.929577464788736
1,BFGS_orig_results_f6_100_2,AIC,0.0006317787355997916,0.7323943661971831,1.0,35.929577464788736
2,BFGS_orig_results_f6_100_2,BIC,0.0006317787355997916,0.7323943661971831,1.0,35.929577464788736
3,BFGS_orig_results_f6_100_2,AICc,0.0006317787355997916,0.7323943661971831,1.0,35.929577464788736
4,BFGS_orig_results_f6_100_2,MDL,0.0006150738061897706,0.7464788732394366,1.0,35.83098591549296
5,BFGS_orig_results_f6_100_2,Err_in,0.0005781824623127977,0.8028169014084507,0.0,48.929577464788736
