,dataset,criteria,avg_test_error,precision_at_k,ground_truth_hit,avg_size
0,BFGS_pert_results_f2_100_2,MSE_train_opt,0.011532503311477626,0.14285714285714285,0.0,48.714285714285715
1,BFGS_pert_results_f2_100_2,AIC,0.01152627434368374,0.14285714285714285,0.0,44.0
2,BFGS_pert_results_f2_100_2,BIC,0.011486859146698827,0.14285714285714285,0.0,43.57142857142857
3,BFGS_pert_results_f2_100_2,AICc,0.011486859146698827,0.14285714285714285,0.0,43.57142857142857
4,BFGS_pert_results_f2_100_2,MDL,0.011405547649491915,0.14285714285714285,0.0,27.0
5,BFGS_pert_results_f2_100_2,Err_in,0.013537203400834042,0.14285714285714285,0.0,31.0
