,dataset,criteria,avg_test_error,precision_at_k,ground_truth_hit,avg_size
0,BFGS_cluster_results_f1_100_10,MSE_train_opt,0.030342922394560337,0.6666666666666666,0.0,45.59722222222222
1,BFGS_cluster_results_f1_100_10,AIC,0.02171661415308851,0.7916666666666666,1.0,37.763888888888886
2,BFGS_cluster_results_f1_100_10,BIC,0.01966592765538824,0.8333333333333334,1.0,36.111111111111114
3,BFGS_cluster_results_f1_100_10,AICc,0.019160140583284895,0.8333333333333334,1.0,36.31944444444444
4,BFGS_cluster_results_f1_100_10,MDL,0.017802586710601524,0.875,1.0,34.97222222222222
5,BFGS_cluster_results_f1_100_10,Err_in,0.016010440696531687,0.9166666666666666,1.0,37.833333333333336
