,dataset,criteria,avg_test_error,precision_at_k,ground_truth_hit,avg_size
0,BFGS_pert_results_f4_100_2,MSE_train_opt,0.008109711982089358,0.8846153846153846,0.0,44.88461538461539
1,BFGS_pert_results_f4_100_2,AIC,0.008109711982089358,0.8846153846153846,0.0,44.88461538461539
2,BFGS_pert_results_f4_100_2,BIC,0.008581037999470832,0.8461538461538461,0.0,42.88461538461539
3,BFGS_pert_results_f4_100_2,AICc,0.008160221612749267,0.8846153846153846,0.0,43.69230769230769
4,BFGS_pert_results_f4_100_2,MDL,0.011138706523095152,0.6538461538461539,1.0,34.23076923076923
5,BFGS_pert_results_f4_100_2,Err_in,0.022932990267617068,0.34615384615384615,0.0,51.0
