,dataset,criteria,avg_test_error,precision_at_k,ground_truth_hit,avg_size
0,BFGS_cluster_results_f2_100_2,MSE_train_opt,0.00018200685095275714,0.0,0.0,80.85714285714286
1,BFGS_cluster_results_f2_100_2,AIC,2.8692464357432828e-05,0.0,0.0,27.142857142857142
2,BFGS_cluster_results_f2_100_2,BIC,1.5163110824375075e-05,0.0,0.0,23.428571428571427
3,BFGS_cluster_results_f2_100_2,AICc,1.5163110824375075e-05,0.0,0.0,23.428571428571427
4,BFGS_cluster_results_f2_100_2,MDL,1.5163115821846822e-05,0.0,1.0,23.0
5,BFGS_cluster_results_f2_100_2,Err_in,1.5089206671152626e-05,0.14285714285714285,0.0,28.571428571428573
