,dataset,criteria,avg_test_error,precision_at_k,ground_truth_hit,avg_size
0,BFGS_cluster_results_f6_100_2,MSE_train_opt,0.5334080442961328,0.967391304347826,1.0,51.95652173913044
1,BFGS_cluster_results_f6_100_2,AIC,0.533408044296133,0.967391304347826,1.0,51.95652173913044
2,BFGS_cluster_results_f6_100_2,BIC,0.5410610795361078,0.967391304347826,1.0,51.70652173913044
3,BFGS_cluster_results_f6_100_2,AICc,0.5410610795361078,0.967391304347826,1.0,51.70652173913044
4,BFGS_cluster_results_f6_100_2,MDL,0.5395689341718873,0.967391304347826,1.0,50.80434782608695
5,BFGS_cluster_results_f6_100_2,Err_in,0.5682396370670818,0.9565217391304348,1.0,50.641304347826086
