,dataset,criteria,avg_test_error,precision_at_k,ground_truth_hit,avg_size
0,BFGS_cluster_results_f7_100_2,MSE_train_opt,0.009664458804625945,0.35294117647058826,0.0,32.85294117647059
1,BFGS_cluster_results_f7_100_2,AIC,0.008855962509019337,0.35294117647058826,1.0,23.764705882352942
2,BFGS_cluster_results_f7_100_2,BIC,0.008855962509019337,0.35294117647058826,1.0,23.764705882352942
3,BFGS_cluster_results_f7_100_2,AICc,0.008855962509019337,0.35294117647058826,1.0,23.764705882352942
4,BFGS_cluster_results_f7_100_2,MDL,0.008508077932098202,0.38235294117647056,1.0,23.205882352941178
5,BFGS_cluster_results_f7_100_2,Err_in,0.008681567695058871,0.35294117647058826,0.0,29.38235294117647
