,dataset,criteria,avg_test_error,precision_at_k,ground_truth_hit,avg_size
0,BFGS_cluster_results_f4_100_2,MSE_train_opt,0.0010547053720680146,0.8795180722891566,1.0,49.27710843373494
1,BFGS_cluster_results_f4_100_2,AIC,0.0009279769600596785,0.9156626506024096,1.0,41.06024096385542
2,BFGS_cluster_results_f4_100_2,BIC,0.0009279769600596782,0.9156626506024096,1.0,41.06024096385542
3,BFGS_cluster_results_f4_100_2,AICc,0.0009279769600596784,0.9156626506024096,1.0,41.06024096385542
4,BFGS_cluster_results_f4_100_2,MDL,0.000894154062529794,0.9156626506024096,1.0,41.10843373493976
5,BFGS_cluster_results_f4_100_2,Err_in,0.0009513614265659396,0.9036144578313253,1.0,46.963855421686745
