,dataset,criteria,avg_test_error,precision_at_k,ground_truth_hit,avg_size
0,BFGS_cluster_results_f5_100_3,MSE_train_opt,0.07070754456778375,0.9830508474576272,1.0,46.813559322033896
1,BFGS_cluster_results_f5_100_3,AIC,0.07070754456778375,0.9830508474576272,1.0,46.813559322033896
2,BFGS_cluster_results_f5_100_3,BIC,0.07070754456778375,0.9830508474576272,1.0,46.813559322033896
3,BFGS_cluster_results_f5_100_3,AICc,0.07070754456778375,0.9830508474576272,1.0,46.813559322033896
4,BFGS_cluster_results_f5_100_3,MDL,0.07070754456778375,0.9830508474576272,1.0,46.813559322033896
5,BFGS_cluster_results_f5_100_3,Err_in,0.07550752560111937,0.9661016949152542,1.0,45.898305084745765
