,dataset,criteria,avg_test_error,precision_at_k,ground_truth_hit,avg_size
0,BFGS_cluster_results_f2_100_2,MSE_train_opt,0.00013768551838244287,0.0,0.0,73.13636363636364
1,BFGS_cluster_results_f2_100_2,AIC,2.00375190893339e-05,0.3181818181818182,1.0,25.681818181818183
2,BFGS_cluster_results_f2_100_2,BIC,1.5191508243390135e-05,0.4090909090909091,1.0,24.227272727272727
3,BFGS_cluster_results_f2_100_2,AICc,1.9496304272357155e-05,0.36363636363636365,1.0,25.40909090909091
4,BFGS_cluster_results_f2_100_2,MDL,1.5139597907346154e-05,0.36363636363636365,1.0,23.727272727272727
5,BFGS_cluster_results_f2_100_2,Err_in,1.5162207624452493e-05,0.4090909090909091,0.0,27.681818181818183
