,dataset,criteria,avg_test_error,precision_at_k,ground_truth_hit,avg_size
0,BFGS_pert_results_f1_100_10,MSE_train_opt,0.01802665860847303,0.0,0.0,38.26086956521739
1,BFGS_pert_results_f1_100_10,AIC,0.014328258687317796,0.13043478260869565,1.0,32.56521739130435
2,BFGS_pert_results_f1_100_10,BIC,0.014328258687317798,0.13043478260869565,1.0,32.56521739130435
3,BFGS_pert_results_f1_100_10,AICc,0.014328258687317798,0.13043478260869565,1.0,32.56521739130435
4,BFGS_pert_results_f1_100_10,MDL,0.010428747800230283,0.2608695652173913,1.0,29.652173913043477
5,BFGS_pert_results_f1_100_10,Err_in,0.01065984491712694,0.43478260869565216,0.0,37.52173913043478
