,dataset,criteria,avg_test_error,precision_at_k,ground_truth_hit,avg_size
0,BFGS_cluster_results_f2_100_2,MSE_train_opt,0.00017236159880598982,0.0,0.0,82.91666666666667
1,BFGS_cluster_results_f2_100_2,AIC,2.3107300806097242e-05,0.08333333333333333,1.0,25.916666666666668
2,BFGS_cluster_results_f2_100_2,BIC,1.5215176920206395e-05,0.16666666666666666,1.0,23.916666666666668
3,BFGS_cluster_results_f2_100_2,AICc,2.3107300806097246e-05,0.08333333333333333,1.0,25.916666666666668
4,BFGS_cluster_results_f2_100_2,MDL,1.5120002001732165e-05,0.08333333333333333,1.0,23.166666666666668
5,BFGS_cluster_results_f2_100_2,Err_in,1.5161460808765989e-05,0.3333333333333333,0.0,29.083333333333332
