,dataset,criteria,avg_test_error,precision_at_k,ground_truth_hit,avg_size
0,BFGS_orig_results_f4_100_2,MSE_train_opt,0.004601347013472408,0.046511627906976744,0.0,45.23255813953488
1,BFGS_orig_results_f4_100_2,AIC,0.0008607161067165097,0.37209302325581395,1.0,34.74418604651163
2,BFGS_orig_results_f4_100_2,BIC,0.00019778381816046024,0.37209302325581395,1.0,34.25581395348837
3,BFGS_orig_results_f4_100_2,AICc,0.0004901113295308704,0.37209302325581395,1.0,34.76744186046512
4,BFGS_orig_results_f4_100_2,MDL,0.0042150973441150855,0.4418604651162791,1.0,33.627906976744185
5,BFGS_orig_results_f4_100_2,Err_in,0.004601347013472408,0.046511627906976744,0.0,45.23255813953488
