,dataset,criteria,avg_test_error,precision_at_k,ground_truth_hit,avg_size
0,BFGS_orig_results_f2_100_2,MSE_train_opt,1.1091164468357883e-05,0.42857142857142855,0.0,38.142857142857146
1,BFGS_orig_results_f2_100_2,AIC,6.574861774170897e-06,0.6428571428571429,1.0,27.321428571428573
2,BFGS_orig_results_f2_100_2,BIC,6.574861774170897e-06,0.6428571428571429,1.0,27.321428571428573
3,BFGS_orig_results_f2_100_2,AICc,6.574861774170897e-06,0.6428571428571429,1.0,27.321428571428573
4,BFGS_orig_results_f2_100_2,MDL,6.590579650238839e-06,0.6607142857142857,1.0,27.107142857142858
5,BFGS_orig_results_f2_100_2,Err_in,1.1091164468357883e-05,0.42857142857142855,0.0,38.142857142857146
