,dataset,criteria,avg_test_error,precision_at_k,ground_truth_hit,avg_size
0,BFGS_cluster_results_f5_100_3,MSE_train_opt,1.9453805796056605,0.945054945054945,1.0,46.69230769230769
1,BFGS_cluster_results_f5_100_3,AIC,1.945380579605661,0.945054945054945,1.0,46.69230769230769
2,BFGS_cluster_results_f5_100_3,BIC,1.945380579605661,0.945054945054945,1.0,46.69230769230769
3,BFGS_cluster_results_f5_100_3,AICc,1.9453805796056605,0.945054945054945,1.0,46.69230769230769
4,BFGS_cluster_results_f5_100_3,MDL,1.945380579605661,0.945054945054945,1.0,46.69230769230769
5,BFGS_cluster_results_f5_100_3,Err_in,1.9645196935976021,0.945054945054945,1.0,46.53846153846154
