,dataset,criteria,avg_test_error,precision_at_k,ground_truth_hit,avg_size
0,BFGS_orig_results_f4_100_2,MSE_train_opt,0.0037383085395327376,0.2830188679245283,0.0,46.39622641509434
1,BFGS_orig_results_f4_100_2,AIC,0.00367779671125941,0.5094339622641509,1.0,35.735849056603776
2,BFGS_orig_results_f4_100_2,BIC,0.003449947452768156,0.5283018867924528,1.0,35.62264150943396
3,BFGS_orig_results_f4_100_2,AICc,0.0036777967112594104,0.5094339622641509,1.0,35.735849056603776
4,BFGS_orig_results_f4_100_2,MDL,0.003438119800318417,0.6037735849056604,1.0,35.132075471698116
5,BFGS_orig_results_f4_100_2,Err_in,0.0037383085395327376,0.2830188679245283,0.0,46.39622641509434
