,dataset,criteria,avg_test_error,precision_at_k,ground_truth_hit,avg_size
0,BFGS_orig_results_f6_100_2,MSE_train_opt,0.0006968078816658287,0.14285714285714285,0.0,57.857142857142854
1,BFGS_orig_results_f6_100_2,AIC,0.0005202002609734575,0.21428571428571427,1.0,29.571428571428573
2,BFGS_orig_results_f6_100_2,BIC,0.0005202002609734575,0.21428571428571427,1.0,29.571428571428573
3,BFGS_orig_results_f6_100_2,AICc,0.0005202002609734575,0.21428571428571427,1.0,29.571428571428573
4,BFGS_orig_results_f6_100_2,MDL,0.0005024893909216277,0.14285714285714285,1.0,28.785714285714285
5,BFGS_orig_results_f6_100_2,Err_in,0.0006968078816658287,0.14285714285714285,0.0,57.857142857142854
