,dataset,criteria,avg_test_error,precision_at_k,ground_truth_hit,avg_size
0,BFGS_cluster_results_f6_100_2,MSE_train_opt,0.24518608913957324,0.8840579710144928,1.0,54.768115942028984
1,BFGS_cluster_results_f6_100_2,AIC,0.24784198896290305,0.8840579710144928,1.0,53.53623188405797
2,BFGS_cluster_results_f6_100_2,BIC,0.247841988962903,0.8840579710144928,1.0,53.53623188405797
3,BFGS_cluster_results_f6_100_2,AICc,0.247841988962903,0.8840579710144928,1.0,53.53623188405797
4,BFGS_cluster_results_f6_100_2,MDL,0.25936107423876387,0.8840579710144928,1.0,51.333333333333336
5,BFGS_cluster_results_f6_100_2,Err_in,0.2660003900138415,0.8840579710144928,1.0,52.7536231884058
