,dataset,criteria,avg_test_error,precision_at_k,ground_truth_hit,avg_size
0,BFGS_cluster_results_f7_100_2,MSE_train_opt,0.009626764429627958,0.37142857142857144,0.0,32.628571428571426
1,BFGS_cluster_results_f7_100_2,AIC,0.008841368076380538,0.4,1.0,23.742857142857144
2,BFGS_cluster_results_f7_100_2,BIC,0.008841368076380538,0.4,1.0,23.742857142857144
3,BFGS_cluster_results_f7_100_2,AICc,0.008841368076380538,0.4,1.0,23.742857142857144
4,BFGS_cluster_results_f7_100_2,MDL,0.008503423010601007,0.4,1.0,23.257142857142856
5,BFGS_cluster_results_f7_100_2,Err_in,0.008671955980578135,0.34285714285714286,0.0,29.228571428571428
