,dataset,criteria,avg_test_error,precision_at_k,ground_truth_hit,avg_size
0,BFGS_orig_results_f1_100_10,MSE_train_opt,0.014624849298427068,0.3181818181818182,1.0,38.06818181818182
1,BFGS_orig_results_f1_100_10,AIC,0.012891021436338322,0.4318181818181818,1.0,31.954545454545453
2,BFGS_orig_results_f1_100_10,BIC,0.012556349387753907,0.45454545454545453,1.0,31.886363636363637
3,BFGS_orig_results_f1_100_10,AICc,0.012891021436338322,0.4318181818181818,1.0,31.954545454545453
4,BFGS_orig_results_f1_100_10,MDL,0.011103322871929711,0.5454545454545454,1.0,30.5
5,BFGS_orig_results_f1_100_10,Err_in,0.011204572582840269,0.6590909090909091,1.0,35.93181818181818
