,dataset,criteria,avg_test_error,precision_at_k,ground_truth_hit,avg_size
0,BFGS_cluster_results_f3_100_1,MSE_train_opt,0.00018350031453265195,0.0,0.0,73.4375
1,BFGS_cluster_results_f3_100_1,AIC,1.5469663696843415e-05,0.1875,1.0,24.4375
2,BFGS_cluster_results_f3_100_1,BIC,1.5469663696843415e-05,0.1875,1.0,24.4375
3,BFGS_cluster_results_f3_100_1,AICc,1.5469663696843415e-05,0.1875,1.0,24.4375
4,BFGS_cluster_results_f3_100_1,MDL,1.3252922888907756e-05,0.125,1.0,23.8125
5,BFGS_cluster_results_f3_100_1,Err_in,1.5250181336105323e-05,0.25,0.0,31.125
