,dataset,criteria,avg_test_error,precision_at_k,ground_truth_hit,avg_size
0,BFGS_orig_results_f1_100_10,MSE_train_opt,0.014196554519935857,0.40816326530612246,1.0,38.30612244897959
1,BFGS_orig_results_f1_100_10,AIC,0.012639650481825042,0.5102040816326531,1.0,31.6734693877551
2,BFGS_orig_results_f1_100_10,BIC,0.012339126794946828,0.5306122448979592,1.0,31.612244897959183
3,BFGS_orig_results_f1_100_10,AICc,0.012639650481825042,0.5102040816326531,1.0,31.6734693877551
4,BFGS_orig_results_f1_100_10,MDL,0.011104920232858837,0.5714285714285714,1.0,30.755102040816325
5,BFGS_orig_results_f1_100_10,Err_in,0.011125284547382241,0.7346938775510204,1.0,35.3469387755102
