,dataset,criteria,avg_test_error,precision_at_k,ground_truth_hit,avg_size
0,BFGS_orig_results_f7_100_2,MSE_train_opt,0.008494420816431958,0.041666666666666664,0.0,34.291666666666664
1,BFGS_orig_results_f7_100_2,AIC,0.008399506937042963,0.0,1.0,23.583333333333332
2,BFGS_orig_results_f7_100_2,BIC,0.008399506937042963,0.0,1.0,23.583333333333332
3,BFGS_orig_results_f7_100_2,AICc,0.008399506937042963,0.0,1.0,23.583333333333332
4,BFGS_orig_results_f7_100_2,MDL,0.008399505747613271,0.08333333333333333,1.0,23.208333333333332
5,BFGS_orig_results_f7_100_2,Err_in,0.008299415342060584,0.16666666666666666,0.0,31.375
