,dataset,criteria,avg_test_error,precision_at_k,ground_truth_hit,avg_size
0,BFGS_orig_results_f7_100_2,MSE_train_opt,0.00845052033060963,0.17647058823529413,0.0,32.64705882352941
1,BFGS_orig_results_f7_100_2,AIC,0.008412377443084167,0.23529411764705882,1.0,24.235294117647058
2,BFGS_orig_results_f7_100_2,BIC,0.008412377443084167,0.23529411764705882,1.0,24.235294117647058
3,BFGS_orig_results_f7_100_2,AICc,0.008412377443084167,0.23529411764705882,1.0,24.235294117647058
4,BFGS_orig_results_f7_100_2,MDL,0.008412371511342864,0.2647058823529412,1.0,23.705882352941178
5,BFGS_orig_results_f7_100_2,Err_in,0.008073522685370373,0.38235294117647056,0.0,31.08823529411765
