,dataset,criteria,avg_test_error,precision_at_k,ground_truth_hit,avg_size
0,BFGS_orig_results_f2_100_2,MSE_train_opt,1.023450703699677e-05,0.6470588235294118,0.0,37.970588235294116
1,BFGS_orig_results_f2_100_2,AIC,7.399488698523347e-06,0.7352941176470589,1.0,29.102941176470587
2,BFGS_orig_results_f2_100_2,BIC,7.399488698523347e-06,0.7352941176470589,1.0,29.102941176470587
3,BFGS_orig_results_f2_100_2,AICc,7.399488698523347e-06,0.7352941176470589,1.0,29.102941176470587
4,BFGS_orig_results_f2_100_2,MDL,6.673685941045896e-06,0.7352941176470589,1.0,29.147058823529413
5,BFGS_orig_results_f2_100_2,Err_in,1.023450703699677e-05,0.6470588235294118,0.0,37.970588235294116
