,dataset,criteria,avg_test_error,precision_at_k,ground_truth_hit,avg_size
0,BFGS_orig_results_f7_100_2,MSE_train_opt,0.008410290136378881,0.6545454545454545,1.0,30.618181818181817
1,BFGS_orig_results_f7_100_2,AIC,0.008442316944702394,0.5818181818181818,1.0,25.12727272727273
2,BFGS_orig_results_f7_100_2,BIC,0.008442316944702394,0.5818181818181818,1.0,25.12727272727273
3,BFGS_orig_results_f7_100_2,AICc,0.008442316944702394,0.5818181818181818,1.0,25.12727272727273
4,BFGS_orig_results_f7_100_2,MDL,0.008386618201305398,0.6363636363636364,1.0,24.727272727272727
5,BFGS_orig_results_f7_100_2,Err_in,0.008177243864673176,0.6363636363636364,1.0,30.727272727272727
