,dataset,criteria,avg_test_error,precision_at_k,ground_truth_hit,avg_size
0,BFGS_cluster_results_f2_100_2,MSE_train_opt,0.00016803692590089292,0.0,0.0,80.64285714285714
1,BFGS_cluster_results_f2_100_2,AIC,2.2822895127314992e-05,0.14285714285714285,1.0,26.142857142857142
2,BFGS_cluster_results_f2_100_2,BIC,1.5207738293128041e-05,0.14285714285714285,1.0,23.928571428571427
3,BFGS_cluster_results_f2_100_2,AICc,2.197241500035294e-05,0.14285714285714285,1.0,25.714285714285715
4,BFGS_cluster_results_f2_100_2,MDL,1.5126160099565277e-05,0.14285714285714285,1.0,23.285714285714285
5,BFGS_cluster_results_f2_100_2,Err_in,1.5161694467934386e-05,0.35714285714285715,0.0,28.928571428571427
