,dataset,criteria,avg_test_error,precision_at_k,ground_truth_hit,avg_size
0,BFGS_cluster_results_f7_100_2,MSE_train_opt,0.008849160399963524,0.9325842696629213,1.0,28.820224719101123
1,BFGS_cluster_results_f7_100_2,AIC,0.008695287393258202,0.9550561797752809,1.0,26.752808988764045
2,BFGS_cluster_results_f7_100_2,BIC,0.008695287393258202,0.9550561797752809,1.0,26.752808988764045
3,BFGS_cluster_results_f7_100_2,AICc,0.008695287393258202,0.9550561797752809,1.0,26.752808988764045
4,BFGS_cluster_results_f7_100_2,MDL,0.00869412602770205,0.9550561797752809,1.0,26.741573033707866
5,BFGS_cluster_results_f7_100_2,Err_in,0.008561055024324814,0.9662921348314607,1.0,27.8876404494382
