,dataset,criteria,avg_test_error,precision_at_k,ground_truth_hit,avg_size
0,BFGS_pert_results_f7_100_2,MSE_train_opt,0.008482032659758885,0.4,1.0,31.266666666666666
1,BFGS_pert_results_f7_100_2,AIC,0.00839596959193736,0.5333333333333333,1.0,24.355555555555554
2,BFGS_pert_results_f7_100_2,BIC,0.00839596959193736,0.5333333333333333,1.0,24.355555555555554
3,BFGS_pert_results_f7_100_2,AICc,0.00839596959193736,0.5333333333333333,1.0,24.355555555555554
4,BFGS_pert_results_f7_100_2,MDL,0.008395935425866393,0.5555555555555556,1.0,24.177777777777777
5,BFGS_pert_results_f7_100_2,Err_in,0.008383862661241444,0.4666666666666667,0.0,28.044444444444444
