,dataset,criteria,avg_test_error,precision_at_k,ground_truth_hit,avg_size
0,BFGS_pert_results_f1_100_10,MSE_train_opt,0.02585374810145477,0.0,0.0,41.57142857142857
1,BFGS_pert_results_f1_100_10,AIC,0.019682736914205728,0.14285714285714285,1.0,32.57142857142857
2,BFGS_pert_results_f1_100_10,BIC,0.018038439504583344,0.14285714285714285,1.0,31.571428571428573
3,BFGS_pert_results_f1_100_10,AICc,0.018038439504583344,0.14285714285714285,1.0,31.571428571428573
4,BFGS_pert_results_f1_100_10,MDL,0.010430289663269641,0.14285714285714285,1.0,29.0
5,BFGS_pert_results_f1_100_10,Err_in,0.01028045561524717,0.2857142857142857,0.0,33.857142857142854
