,dataset,criteria,avg_test_error,precision_at_k,ground_truth_hit,avg_size
0,BFGS_orig_results_f1_100_10,MSE_train_opt,0.012543602042092459,0.9080459770114943,1.0,35.252873563218394
1,BFGS_orig_results_f1_100_10,AIC,0.012675290975803681,0.896551724137931,1.0,33.47126436781609
2,BFGS_orig_results_f1_100_10,BIC,0.012419548961216623,0.9080459770114943,1.0,33.18390804597701
3,BFGS_orig_results_f1_100_10,AICc,0.012419548961216623,0.9080459770114943,1.0,33.18390804597701
4,BFGS_orig_results_f1_100_10,MDL,0.012060440584372608,0.9195402298850575,1.0,32.839080459770116
5,BFGS_orig_results_f1_100_10,Err_in,0.011772471869864822,0.9310344827586207,1.0,35.08045977011494
