,dataset,criteria,avg_test_error,precision_at_k,ground_truth_hit,avg_size
0,BFGS_orig_results_f3_100_1,MSE_train_opt,7.201077662127437e-07,0.8148148148148148,0.0,48.04938271604938
1,BFGS_orig_results_f3_100_1,AIC,6.007639257452337e-07,0.8395061728395061,1.0,37.50617283950617
2,BFGS_orig_results_f3_100_1,BIC,6.007639257452337e-07,0.8395061728395061,1.0,37.50617283950617
3,BFGS_orig_results_f3_100_1,AICc,6.007639257452337e-07,0.8395061728395061,1.0,37.50617283950617
4,BFGS_orig_results_f3_100_1,MDL,5.952815749659799e-07,0.8395061728395061,1.0,37.7037037037037
5,BFGS_orig_results_f3_100_1,Err_in,7.184284553537066e-07,0.8148148148148148,0.0,47.358024691358025
