,dataset,criteria,avg_test_error,precision_at_k,ground_truth_hit,avg_size
0,BFGS_orig_results_f1_100_10,MSE_train_opt,0.012765285281986186,0.7974683544303798,1.0,35.58227848101266
1,BFGS_orig_results_f1_100_10,AIC,0.012778583525027636,0.810126582278481,1.0,32.88607594936709
2,BFGS_orig_results_f1_100_10,BIC,0.012506132669812023,0.8227848101265823,1.0,32.620253164556964
3,BFGS_orig_results_f1_100_10,AICc,0.012778583525027636,0.810126582278481,1.0,32.88607594936709
4,BFGS_orig_results_f1_100_10,MDL,0.011603583123957727,0.8860759493670886,1.0,32.10126582278481
5,BFGS_orig_results_f1_100_10,Err_in,0.011455837854027207,0.9113924050632911,1.0,34.9873417721519
