,dataset,criteria,avg_test_error,precision_at_k,ground_truth_hit,avg_size
0,BFGS_orig_results_f4_100_2,MSE_train_opt,0.002872409474485508,0.6086956521739131,0.0,45.608695652173914
1,BFGS_orig_results_f4_100_2,AIC,0.0028507046243899945,0.6811594202898551,1.0,38.21739130434783
2,BFGS_orig_results_f4_100_2,BIC,0.002826410461990126,0.7101449275362319,1.0,38.072463768115945
3,BFGS_orig_results_f4_100_2,AICc,0.002842603828112364,0.6956521739130435,1.0,38.130434782608695
4,BFGS_orig_results_f4_100_2,MDL,0.002651373979492028,0.7246376811594203,1.0,38.14492753623188
5,BFGS_orig_results_f4_100_2,Err_in,0.002872409474485508,0.6086956521739131,0.0,45.608695652173914
