,dataset,criteria,avg_test_error,precision_at_k,ground_truth_hit,avg_size
0,BFGS_cluster_results_f1_100_10,MSE_train_opt,0.026122735083446445,0.9565217391304348,1.0,42.56521739130435
1,BFGS_cluster_results_f1_100_10,AIC,0.02452970929974878,0.9565217391304348,1.0,41.23913043478261
2,BFGS_cluster_results_f1_100_10,BIC,0.024835325076227016,0.967391304347826,1.0,40.619565217391305
3,BFGS_cluster_results_f1_100_10,AICc,0.024312427620187184,0.967391304347826,1.0,40.78260869565217
4,BFGS_cluster_results_f1_100_10,MDL,0.024241352879621286,0.9782608695652174,1.0,40.53260869565217
5,BFGS_cluster_results_f1_100_10,Err_in,0.02284407018387712,0.9782608695652174,1.0,41.51086956521739
