,dataset,criteria,avg_test_error,precision_at_k,ground_truth_hit,avg_size
0,BFGS_orig_results_f2_100_2,MSE_train_opt,1.0853287437354328e-05,0.6521739130434783,0.0,37.78260869565217
1,BFGS_orig_results_f2_100_2,AIC,7.373672387499638e-06,0.7536231884057971,1.0,29.405797101449274
2,BFGS_orig_results_f2_100_2,BIC,7.373672387499638e-06,0.7536231884057971,1.0,29.405797101449274
3,BFGS_orig_results_f2_100_2,AICc,7.373672387499638e-06,0.7536231884057971,1.0,29.405797101449274
4,BFGS_orig_results_f2_100_2,MDL,6.576965854943783e-06,0.7536231884057971,1.0,29.3768115942029
5,BFGS_orig_results_f2_100_2,Err_in,1.0853287437354328e-05,0.6521739130434783,0.0,37.78260869565217
