,dataset,criteria,avg_test_error,precision_at_k,ground_truth_hit,avg_size
0,BFGS_pert_results_f4_100_2,MSE_train_opt,0.006792629373306799,0.8695652173913043,0.0,45.82608695652174
1,BFGS_pert_results_f4_100_2,AIC,0.0068411757449182405,0.8695652173913043,0.0,44.17391304347826
2,BFGS_pert_results_f4_100_2,BIC,0.006653877216213315,0.8695652173913043,0.0,42.34782608695652
3,BFGS_pert_results_f4_100_2,AICc,0.007280144508495457,0.8260869565217391,0.0,43.04347826086956
4,BFGS_pert_results_f4_100_2,MDL,0.009563781967254407,0.6956521739130435,1.0,34.869565217391305
5,BFGS_pert_results_f4_100_2,Err_in,0.023461582241102202,0.2608695652173913,0.0,52.78260869565217
