,dataset,criteria,avg_test_error,precision_at_k,ground_truth_hit,avg_size
0,BFGS_cluster_results_f2_100_2,MSE_train_opt,0.00010192956022009928,0.0,0.0,60.714285714285715
1,BFGS_cluster_results_f2_100_2,AIC,2.2383588421135634e-05,0.4857142857142857,1.0,25.6
2,BFGS_cluster_results_f2_100_2,BIC,1.9689928386714677e-05,0.4857142857142857,1.0,25.0
3,BFGS_cluster_results_f2_100_2,AICc,2.2383588421135634e-05,0.4857142857142857,1.0,25.6
4,BFGS_cluster_results_f2_100_2,MDL,1.930511985669923e-05,0.5428571428571428,1.0,24.542857142857144
5,BFGS_cluster_results_f2_100_2,Err_in,1.5162575633732388e-05,0.6857142857142857,0.0,27.142857142857142
