,dataset,criteria,avg_test_error,precision_at_k,ground_truth_hit,avg_size
0,BFGS_cluster_results_f2_100_2,MSE_train_opt,8.31215430311753e-05,0.044444444444444446,0.0,55.62222222222222
1,BFGS_cluster_results_f2_100_2,AIC,2.078853584153271e-05,0.6888888888888889,1.0,26.08888888888889
2,BFGS_cluster_results_f2_100_2,BIC,1.8683994373790682e-05,0.6888888888888889,1.0,25.57777777777778
3,BFGS_cluster_results_f2_100_2,AICc,2.078853584153271e-05,0.6888888888888889,1.0,26.08888888888889
4,BFGS_cluster_results_f2_100_2,MDL,1.840525039948502e-05,0.7555555555555555,1.0,25.4
5,BFGS_cluster_results_f2_100_2,Err_in,1.567783222622653e-05,0.8222222222222222,0.0,27.933333333333334
