,dataset,criteria,avg_test_error,precision_at_k,ground_truth_hit,avg_size
0,BFGS_cluster_results_f5_100_3,MSE_train_opt,0.09289621202215538,0.9420289855072463,1.0,47.43478260869565
1,BFGS_cluster_results_f5_100_3,AIC,0.09289621202215538,0.9420289855072463,1.0,47.43478260869565
2,BFGS_cluster_results_f5_100_3,BIC,0.09287985478355158,0.9420289855072463,1.0,46.95652173913044
3,BFGS_cluster_results_f5_100_3,AICc,0.09289621202215538,0.9420289855072463,1.0,47.43478260869565
4,BFGS_cluster_results_f5_100_3,MDL,0.09295182384391064,0.9420289855072463,1.0,46.85507246376812
5,BFGS_cluster_results_f5_100_3,Err_in,0.09639806318336971,0.927536231884058,1.0,45.869565217391305
