,dataset,criteria,avg_test_error,precision_at_k,ground_truth_hit,avg_size
0,BFGS_orig_results_f5_100_3,MSE_train_opt,6.732397154946176e-05,0.3793103448275862,0.0,49.06896551724138
1,BFGS_orig_results_f5_100_3,AIC,2.971662091331032e-05,0.6551724137931034,1.0,34.63793103448276
2,BFGS_orig_results_f5_100_3,BIC,2.971662091331032e-05,0.6551724137931034,1.0,34.63793103448276
3,BFGS_orig_results_f5_100_3,AICc,2.971662091331032e-05,0.6551724137931034,1.0,34.63793103448276
4,BFGS_orig_results_f5_100_3,MDL,2.5058245915082903e-05,0.6896551724137931,1.0,33.775862068965516
5,BFGS_orig_results_f5_100_3,Err_in,6.732397154946176e-05,0.3793103448275862,0.0,49.06896551724138
