,dataset,criteria,avg_test_error,precision_at_k,ground_truth_hit,avg_size
0,BFGS_orig_results_f5_100_3,MSE_train_opt,5.890277565495778e-05,0.582089552238806,0.0,47.43283582089552
1,BFGS_orig_results_f5_100_3,AIC,3.223846674355139e-05,0.7611940298507462,1.0,36.23880597014925
2,BFGS_orig_results_f5_100_3,BIC,3.246907350124243e-05,0.7611940298507462,1.0,35.88059701492537
3,BFGS_orig_results_f5_100_3,AICc,3.246907350124243e-05,0.7611940298507462,1.0,35.88059701492537
4,BFGS_orig_results_f5_100_3,MDL,2.745128463610886e-05,0.7910447761194029,1.0,35.38805970149254
5,BFGS_orig_results_f5_100_3,Err_in,5.890277565495778e-05,0.582089552238806,0.0,47.43283582089552
