,dataset,criteria,avg_test_error,precision_at_k,ground_truth_hit,avg_size
0,BFGS_orig_results_f4_100_2,MSE_train_opt,0.010007113244278318,0.0,0.0,45.21052631578947
1,BFGS_orig_results_f4_100_2,AIC,0.0009825791394158525,0.15789473684210525,1.0,32.421052631578945
2,BFGS_orig_results_f4_100_2,BIC,0.0003409254803260782,0.21052631578947367,1.0,31.36842105263158
3,BFGS_orig_results_f4_100_2,AICc,0.00034692033490117853,0.15789473684210525,1.0,31.526315789473685
4,BFGS_orig_results_f4_100_2,MDL,0.0002639021058336923,0.3684210526315789,1.0,31.105263157894736
5,BFGS_orig_results_f4_100_2,Err_in,0.010007113244278318,0.0,0.0,45.21052631578947
