,dataset,criteria,avg_test_error,precision_at_k,ground_truth_hit,avg_size
0,BFGS_orig_results_f2_100_2,MSE_train_opt,1.6485609232466188e-05,0.0,0.0,36.892857142857146
1,BFGS_orig_results_f2_100_2,AIC,4.541493344184244e-06,0.2857142857142857,1.0,24.642857142857142
2,BFGS_orig_results_f2_100_2,BIC,4.541493344184244e-06,0.2857142857142857,1.0,24.642857142857142
3,BFGS_orig_results_f2_100_2,AICc,4.541493344184244e-06,0.2857142857142857,1.0,24.642857142857142
4,BFGS_orig_results_f2_100_2,MDL,6.550405607062984e-06,0.2857142857142857,1.0,24.357142857142858
5,BFGS_orig_results_f2_100_2,Err_in,1.6485609232466188e-05,0.0,0.0,36.892857142857146
