,dataset,criteria,avg_test_error,precision_at_k,ground_truth_hit,avg_size
0,BFGS_pert_results_f2_100_2,MSE_train_opt,0.011619522937062343,0.896551724137931,0.0,46.93103448275862
1,BFGS_pert_results_f2_100_2,AIC,0.011619522937062346,0.896551724137931,0.0,46.93103448275862
2,BFGS_pert_results_f2_100_2,BIC,0.011619522937062346,0.896551724137931,0.0,46.93103448275862
3,BFGS_pert_results_f2_100_2,AICc,0.011619522937062346,0.896551724137931,0.0,46.93103448275862
4,BFGS_pert_results_f2_100_2,MDL,0.011840764855797508,0.8275862068965517,0.0,38.827586206896555
5,BFGS_pert_results_f2_100_2,Err_in,0.013911761513483903,0.4482758620689655,0.0,41.724137931034484
