,dataset,criteria,avg_test_error,precision_at_k,ground_truth_hit,avg_size
0,BFGS_pert_results_f7_100_2,MSE_train_opt,0.008521139253626792,0.22857142857142856,1.0,31.514285714285716
1,BFGS_pert_results_f7_100_2,AIC,0.008410456796355643,0.2,1.0,24.257142857142856
2,BFGS_pert_results_f7_100_2,BIC,0.008410456796355643,0.2,1.0,24.257142857142856
3,BFGS_pert_results_f7_100_2,AICc,0.008410456796355643,0.2,1.0,24.257142857142856
4,BFGS_pert_results_f7_100_2,MDL,0.008410451339510345,0.22857142857142856,1.0,23.771428571428572
5,BFGS_pert_results_f7_100_2,Err_in,0.008394913720547206,0.3142857142857143,0.0,27.571428571428573
