,dataset,criteria,avg_test_error,precision_at_k,ground_truth_hit,avg_size
0,BFGS_orig_results_f3_100_1,MSE_train_opt,1.2686046243388202e-06,0.06976744186046512,0.0,45.13953488372093
1,BFGS_orig_results_f3_100_1,AIC,4.6772788309599913e-07,0.3953488372093023,1.0,28.023255813953487
2,BFGS_orig_results_f3_100_1,BIC,4.6772788309599913e-07,0.3953488372093023,1.0,28.023255813953487
3,BFGS_orig_results_f3_100_1,AICc,4.6772788309599913e-07,0.3953488372093023,1.0,28.023255813953487
4,BFGS_orig_results_f3_100_1,MDL,4.503225958247153e-07,0.4186046511627907,1.0,27.86046511627907
5,BFGS_orig_results_f3_100_1,Err_in,1.2761769501919785e-06,0.06976744186046512,0.0,43.30232558139535
