,dataset,criteria,avg_test_error,precision_at_k,ground_truth_hit,avg_size
0,BFGS_pert_results_f2_100_2,MSE_train_opt,0.012830157088332305,0.8043478260869565,0.0,45.23913043478261
1,BFGS_pert_results_f2_100_2,AIC,0.012834217542329256,0.7608695652173914,1.0,39.73913043478261
2,BFGS_pert_results_f2_100_2,BIC,0.012833127782450727,0.7608695652173914,1.0,39.65217391304348
3,BFGS_pert_results_f2_100_2,AICc,0.01283421754232926,0.7608695652173914,1.0,39.73913043478261
4,BFGS_pert_results_f2_100_2,MDL,0.012863008082793417,0.7391304347826086,1.0,38.21739130434783
5,BFGS_pert_results_f2_100_2,Err_in,0.013978910120673977,0.5869565217391305,0.0,42.67391304347826
