,dataset,criteria,avg_test_error,precision_at_k,ground_truth_hit,avg_size
0,BFGS_pert_results_f1_100_10,MSE_train_opt,0.01637464415712606,0.1,0.0,39.333333333333336
1,BFGS_pert_results_f1_100_10,AIC,0.013549791545488379,0.2,1.0,32.56666666666667
2,BFGS_pert_results_f1_100_10,BIC,0.013549791545488382,0.2,1.0,32.56666666666667
3,BFGS_pert_results_f1_100_10,AICc,0.013549791545488382,0.2,1.0,32.56666666666667
4,BFGS_pert_results_f1_100_10,MDL,0.011069407259699618,0.36666666666666664,1.0,30.0
5,BFGS_pert_results_f1_100_10,Err_in,0.011142090514656934,0.36666666666666664,0.0,36.63333333333333
