,dataset,criteria,avg_test_error,precision_at_k,ground_truth_hit,avg_size
0,BFGS_cluster_results_f4_100_2,MSE_train_opt,0.001065190932717001,0.9787234042553191,1.0,49.191489361702125
1,BFGS_cluster_results_f4_100_2,AIC,0.0010662314177887777,0.9787234042553191,1.0,47.861702127659576
2,BFGS_cluster_results_f4_100_2,BIC,0.001007976888763034,0.9893617021276596,1.0,47.5531914893617
3,BFGS_cluster_results_f4_100_2,AICc,0.001007976888763034,0.9893617021276596,1.0,47.5531914893617
4,BFGS_cluster_results_f4_100_2,MDL,0.001007976888763034,0.9893617021276596,1.0,47.5531914893617
5,BFGS_cluster_results_f4_100_2,Err_in,0.0010378052462500396,0.9787234042553191,1.0,48.255319148936174
