,dataset,criteria,avg_test_error,precision_at_k,ground_truth_hit,avg_size
0,BFGS_orig_results_f2_100_2,MSE_train_opt,9.954334748340404e-06,0.75,0.0,39.4078947368421
1,BFGS_orig_results_f2_100_2,AIC,8.638862999695363e-06,0.8157894736842105,1.0,31.07894736842105
2,BFGS_orig_results_f2_100_2,BIC,8.638862999695363e-06,0.8157894736842105,1.0,31.07894736842105
3,BFGS_orig_results_f2_100_2,AICc,8.638862999695363e-06,0.8157894736842105,1.0,31.07894736842105
4,BFGS_orig_results_f2_100_2,MDL,7.79894041090307e-06,0.8289473684210527,1.0,31.36842105263158
5,BFGS_orig_results_f2_100_2,Err_in,9.954334748340404e-06,0.75,0.0,39.4078947368421
