,dataset,criteria,avg_test_error,precision_at_k,ground_truth_hit,avg_size
0,BFGS_orig_results_f2_100_2,MSE_train_opt,1.3205864979274297e-05,0.15555555555555556,0.0,39.333333333333336
1,BFGS_orig_results_f2_100_2,AIC,6.4985714490575305e-06,0.5333333333333333,1.0,25.8
2,BFGS_orig_results_f2_100_2,BIC,6.4985714490575305e-06,0.5333333333333333,1.0,25.8
3,BFGS_orig_results_f2_100_2,AICc,6.4985714490575305e-06,0.5333333333333333,1.0,25.8
4,BFGS_orig_results_f2_100_2,MDL,6.804103589416805e-06,0.5111111111111111,1.0,25.955555555555556
5,BFGS_orig_results_f2_100_2,Err_in,1.3205864979274297e-05,0.15555555555555556,0.0,39.333333333333336
