,dataset,criteria,avg_test_error,precision_at_k,ground_truth_hit,avg_size
0,BFGS_cluster_results_f7_100_2,MSE_train_opt,0.01185963069700136,0.0,0.0,40.333333333333336
1,BFGS_cluster_results_f7_100_2,AIC,0.009322172313867757,0.08333333333333333,1.0,22.666666666666668
2,BFGS_cluster_results_f7_100_2,BIC,0.009322172313867757,0.08333333333333333,1.0,22.666666666666668
3,BFGS_cluster_results_f7_100_2,AICc,0.009322172313867757,0.08333333333333333,1.0,22.666666666666668
4,BFGS_cluster_results_f7_100_2,MDL,0.008345157908659093,0.0,1.0,22.333333333333332
5,BFGS_cluster_results_f7_100_2,Err_in,0.009136854217615549,0.16666666666666666,0.0,29.333333333333332
