,dataset,criteria,avg_test_error,precision_at_k,ground_truth_hit,avg_size
0,BFGS_orig_results_f3_100_1,MSE_train_opt,8.577738370037743e-07,0.5882352941176471,0.0,47.529411764705884
1,BFGS_orig_results_f3_100_1,AIC,4.931522425012661e-07,0.7058823529411765,1.0,33.01470588235294
2,BFGS_orig_results_f3_100_1,BIC,4.931522425012661e-07,0.7058823529411765,1.0,33.01470588235294
3,BFGS_orig_results_f3_100_1,AICc,4.931522425012661e-07,0.7058823529411765,1.0,33.01470588235294
4,BFGS_orig_results_f3_100_1,MDL,4.820678033023333e-07,0.7058823529411765,1.0,33.05882352941177
5,BFGS_orig_results_f3_100_1,Err_in,8.557734856213628e-07,0.5882352941176471,0.0,46.10294117647059
