,dataset,criteria,avg_test_error,precision_at_k,ground_truth_hit,avg_size
0,BFGS_orig_results_f7_100_2,MSE_train_opt,0.00838634575756407,0.9310344827586207,1.0,30.275862068965516
1,BFGS_orig_results_f7_100_2,AIC,0.008370375748635429,0.9195402298850575,1.0,28.379310344827587
2,BFGS_orig_results_f7_100_2,BIC,0.008276839369083749,0.9195402298850575,1.0,28.264367816091955
3,BFGS_orig_results_f7_100_2,AICc,0.008276839369083749,0.9195402298850575,1.0,28.264367816091955
4,BFGS_orig_results_f7_100_2,MDL,0.008406941421088589,0.9195402298850575,1.0,28.275862068965516
5,BFGS_orig_results_f7_100_2,Err_in,0.008254059083013781,0.9540229885057471,1.0,29.724137931034484
