,dataset,criteria,avg_test_error,precision_at_k,ground_truth_hit,avg_size
0,BFGS_cluster_results_f6_100_2,MSE_train_opt,0.42005881996474975,0.9555555555555556,1.0,52.03333333333333
1,BFGS_cluster_results_f6_100_2,AIC,0.4200588199647499,0.9555555555555556,1.0,52.03333333333333
2,BFGS_cluster_results_f6_100_2,BIC,0.4200588199647498,0.9555555555555556,1.0,52.03333333333333
3,BFGS_cluster_results_f6_100_2,AICc,0.4200588199647498,0.9555555555555556,1.0,52.03333333333333
4,BFGS_cluster_results_f6_100_2,MDL,0.510260764000551,0.9555555555555556,1.0,51.25555555555555
5,BFGS_cluster_results_f6_100_2,Err_in,0.519055659250223,0.9555555555555556,1.0,51.08888888888889
