,dataset,criteria,avg_test_error,precision_at_k,ground_truth_hit,avg_size
0,BFGS_cluster_results_f7_100_2,MSE_train_opt,0.009004808191860265,0.6911764705882353,1.0,30.0
1,BFGS_cluster_results_f7_100_2,AIC,0.008786325121735388,0.7941176470588235,1.0,25.323529411764707
2,BFGS_cluster_results_f7_100_2,BIC,0.008681724055672042,0.8088235294117647,1.0,25.16176470588235
3,BFGS_cluster_results_f7_100_2,AICc,0.00868172405567204,0.8088235294117647,1.0,25.16176470588235
4,BFGS_cluster_results_f7_100_2,MDL,0.008683555436771883,0.7647058823529411,1.0,24.955882352941178
5,BFGS_cluster_results_f7_100_2,Err_in,0.008513362953688647,0.8382352941176471,0.0,27.455882352941178
