,dataset,criteria,avg_test_error,precision_at_k,ground_truth_hit,avg_size
0,BFGS_pert_results_f1_100_10,MSE_train_opt,0.016776800099527638,0.07142857142857142,0.0,38.32142857142857
1,BFGS_pert_results_f1_100_10,AIC,0.013772807603158535,0.21428571428571427,1.0,32.57142857142857
2,BFGS_pert_results_f1_100_10,BIC,0.013772807603158538,0.21428571428571427,1.0,32.57142857142857
3,BFGS_pert_results_f1_100_10,AICc,0.013772807603158538,0.21428571428571427,1.0,32.57142857142857
4,BFGS_pert_results_f1_100_10,MDL,0.010742394354337978,0.39285714285714285,1.0,29.892857142857142
5,BFGS_pert_results_f1_100_10,Err_in,0.010842618122097218,0.39285714285714285,0.0,36.92857142857143
