,dataset,criteria,avg_test_error,precision_at_k,ground_truth_hit,avg_size
0,BFGS_orig_results_f4_100_2,MSE_train_opt,0.002305480120828158,0.8837209302325582,0.0,47.093023255813954
1,BFGS_orig_results_f4_100_2,AIC,0.0023028954836817744,0.8837209302325582,1.0,42.91860465116279
2,BFGS_orig_results_f4_100_2,BIC,0.0023011552039385306,0.8837209302325582,1.0,43.2093023255814
3,BFGS_orig_results_f4_100_2,AICc,0.0023011552039385306,0.8837209302325582,1.0,43.2093023255814
4,BFGS_orig_results_f4_100_2,MDL,0.0023021604664937383,0.8837209302325582,1.0,42.83720930232558
5,BFGS_orig_results_f4_100_2,Err_in,0.002305480120828158,0.8837209302325582,0.0,47.093023255813954
