,dataset,criteria,avg_test_error,precision_at_k,ground_truth_hit,avg_size
0,BFGS_cluster_results_f6_100_2,MSE_train_opt,0.38130194773652937,0.5294117647058824,1.0,51.85294117647059
1,BFGS_cluster_results_f6_100_2,AIC,0.3735956448511841,0.5588235294117647,1.0,49.705882352941174
2,BFGS_cluster_results_f6_100_2,BIC,0.37450888209318456,0.5588235294117647,1.0,44.35294117647059
3,BFGS_cluster_results_f6_100_2,AICc,0.373698072268923,0.5588235294117647,1.0,48.88235294117647
4,BFGS_cluster_results_f6_100_2,MDL,0.377174102838995,0.5588235294117647,1.0,36.470588235294116
5,BFGS_cluster_results_f6_100_2,Err_in,0.2662067391092847,0.5588235294117647,1.0,45.705882352941174
