,dataset,criteria,avg_test_error,precision_at_k,ground_truth_hit,avg_size
0,BFGS_orig_results_f4_100_2,MSE_train_opt,0.003302204347588437,0.43333333333333335,0.0,45.88333333333333
1,BFGS_orig_results_f4_100_2,AIC,0.0032680171355579327,0.5833333333333334,1.0,36.71666666666667
2,BFGS_orig_results_f4_100_2,BIC,0.0032493952791374883,0.6,1.0,36.53333333333333
3,BFGS_orig_results_f4_100_2,AICc,0.0032493952791374887,0.6,1.0,36.53333333333333
4,BFGS_orig_results_f4_100_2,MDL,0.003047255854028175,0.6333333333333333,1.0,36.45
5,BFGS_orig_results_f4_100_2,Err_in,0.003302204347588437,0.43333333333333335,0.0,45.88333333333333
