,dataset,criteria,avg_test_error,precision_at_k,ground_truth_hit,avg_size
0,BFGS_cluster_results_f4_100_2,MSE_train_opt,0.0015170660112710465,0.024390243902439025,0.0,64.29268292682927
1,BFGS_cluster_results_f4_100_2,AIC,0.0008425494969309853,0.5609756097560976,1.0,32.36585365853659
2,BFGS_cluster_results_f4_100_2,BIC,0.000742889282741378,0.6341463414634146,1.0,31.024390243902438
3,BFGS_cluster_results_f4_100_2,AICc,0.0007931987919125148,0.5853658536585366,1.0,31.853658536585368
4,BFGS_cluster_results_f4_100_2,MDL,0.0005851865177653804,0.7560975609756098,1.0,30.585365853658537
5,BFGS_cluster_results_f4_100_2,Err_in,0.0007028762629359025,0.7317073170731707,1.0,39.926829268292686
