,dataset,criteria,avg_test_error,precision_at_k,ground_truth_hit,avg_size
0,BFGS_pert_results_f7_100_2,MSE_train_opt,0.008526315128055692,0.20588235294117646,1.0,31.764705882352942
1,BFGS_pert_results_f7_100_2,AIC,0.008412377692302658,0.14705882352941177,1.0,24.235294117647058
2,BFGS_pert_results_f7_100_2,BIC,0.008412377692302658,0.14705882352941177,1.0,24.235294117647058
3,BFGS_pert_results_f7_100_2,AICc,0.008412377692302658,0.14705882352941177,1.0,24.235294117647058
4,BFGS_pert_results_f7_100_2,MDL,0.008412371682310741,0.20588235294117646,1.0,23.705882352941178
5,BFGS_pert_results_f7_100_2,Err_in,0.00839637641415178,0.29411764705882354,0.0,27.58823529411765
