,dataset,criteria,avg_test_error,precision_at_k,ground_truth_hit,avg_size
0,BFGS_orig_results_f4_100_2,MSE_train_opt,0.00833702221894168,0.0,0.0,45.78260869565217
1,BFGS_orig_results_f4_100_2,AIC,0.0008116958111083163,0.30434782608695654,1.0,32.34782608695652
2,BFGS_orig_results_f4_100_2,BIC,0.0002897690017281115,0.30434782608695654,1.0,32.26086956521739
3,BFGS_orig_results_f4_100_2,AICc,0.0002897690017281115,0.30434782608695654,1.0,32.26086956521739
4,BFGS_orig_results_f4_100_2,MDL,0.00022937967062413325,0.391304347826087,1.0,31.652173913043477
5,BFGS_orig_results_f4_100_2,Err_in,0.00833702221894168,0.0,0.0,45.78260869565217
