,dataset,criteria,avg_test_error,precision_at_k,ground_truth_hit,avg_size
0,BFGS_cluster_results_f1_100_10,MSE_train_opt,0.026401698468218902,0.9333333333333333,1.0,42.72222222222222
1,BFGS_cluster_results_f1_100_10,AIC,0.02450616692887878,0.9333333333333333,1.0,40.48888888888889
2,BFGS_cluster_results_f1_100_10,BIC,0.023779903537067732,0.9444444444444444,1.0,40.12222222222222
3,BFGS_cluster_results_f1_100_10,AICc,0.023779903537067732,0.9444444444444444,1.0,40.12222222222222
4,BFGS_cluster_results_f1_100_10,MDL,0.023859355561296928,0.9555555555555556,1.0,39.833333333333336
5,BFGS_cluster_results_f1_100_10,Err_in,0.022180911986037086,0.9555555555555556,1.0,41.41111111111111
