,dataset,criteria,avg_test_error,precision_at_k,ground_truth_hit,avg_size
0,BFGS_cluster_results_f5_100_3,MSE_train_opt,0.005582460595585999,0.0,0.0,82.33333333333333
1,BFGS_cluster_results_f5_100_3,AIC,0.0035150629460881,0.0,0.0,34.333333333333336
2,BFGS_cluster_results_f5_100_3,BIC,0.0011118832585071334,0.0,1.0,25.666666666666668
3,BFGS_cluster_results_f5_100_3,AICc,0.0035150629460881,0.0,0.0,34.333333333333336
4,BFGS_cluster_results_f5_100_3,MDL,0.0012643277016045667,0.0,0.0,25.333333333333332
5,BFGS_cluster_results_f5_100_3,Err_in,0.058037948279623726,0.0,0.0,45.0
