,dataset,criteria,avg_test_error,precision_at_k,ground_truth_hit,avg_size
0,BFGS_pert_results_f2_100_2,MSE_train_opt,0.011345632452943243,0.3333333333333333,0.0,45.111111111111114
1,BFGS_pert_results_f2_100_2,AIC,0.011500877023785844,0.2222222222222222,0.0,39.666666666666664
2,BFGS_pert_results_f2_100_2,BIC,0.011472075929103256,0.2222222222222222,0.0,39.333333333333336
3,BFGS_pert_results_f2_100_2,AICc,0.011500877023785844,0.2222222222222222,0.0,39.666666666666664
4,BFGS_pert_results_f2_100_2,MDL,0.011254535341024888,0.3333333333333333,0.0,26.88888888888889
5,BFGS_pert_results_f2_100_2,Err_in,0.013358182194910534,0.2222222222222222,0.0,35.666666666666664
