,dataset,criteria,avg_test_error,precision_at_k,ground_truth_hit,avg_size
0,BFGS_pert_results_f7_100_2,MSE_train_opt,0.008707471178866048,0.0,0.0,34.76470588235294
1,BFGS_pert_results_f7_100_2,AIC,0.00842183951202153,0.0,1.0,23.41176470588235
2,BFGS_pert_results_f7_100_2,BIC,0.00842183951202153,0.0,1.0,23.41176470588235
3,BFGS_pert_results_f7_100_2,AICc,0.00842183951202153,0.0,1.0,23.41176470588235
4,BFGS_pert_results_f7_100_2,MDL,0.008345175727385577,0.0,1.0,22.941176470588236
5,BFGS_pert_results_f7_100_2,Err_in,0.00844784470322733,0.17647058823529413,0.0,26.235294117647058
