,dataset,criteria,avg_test_error,precision_at_k,ground_truth_hit,avg_size
0,BFGS_orig_results_f2_100_2,MSE_train_opt,8.721959333692126e-06,0.9213483146067416,0.0,40.59550561797753
1,BFGS_orig_results_f2_100_2,AIC,7.996973546703175e-06,0.9213483146067416,1.0,36.06741573033708
2,BFGS_orig_results_f2_100_2,BIC,7.996973546703175e-06,0.9213483146067416,1.0,36.06741573033708
3,BFGS_orig_results_f2_100_2,AICc,7.996973546703175e-06,0.9213483146067416,1.0,36.06741573033708
4,BFGS_orig_results_f2_100_2,MDL,8.141802504380672e-06,0.9213483146067416,1.0,35.97752808988764
5,BFGS_orig_results_f2_100_2,Err_in,8.721959333692126e-06,0.9213483146067416,0.0,40.59550561797753
