,dataset,criteria,avg_test_error,precision_at_k,ground_truth_hit,avg_size
0,BFGS_cluster_results_f1_100_10,MSE_train_opt,0.027100886249420492,0.8837209302325582,1.0,43.2093023255814
1,BFGS_cluster_results_f1_100_10,AIC,0.02359082470291157,0.9186046511627907,1.0,39.325581395348834
2,BFGS_cluster_results_f1_100_10,BIC,0.022270193845424908,0.9302325581395349,1.0,38.627906976744185
3,BFGS_cluster_results_f1_100_10,AICc,0.023346523164110945,0.9186046511627907,1.0,39.22093023255814
4,BFGS_cluster_results_f1_100_10,MDL,0.021422280329718844,0.9302325581395349,1.0,38.44186046511628
5,BFGS_cluster_results_f1_100_10,Err_in,0.019994521263075635,0.9534883720930233,1.0,40.906976744186046
