,dataset,criteria,avg_test_error,precision_at_k,ground_truth_hit,avg_size
0,BFGS_orig_results_f7_100_2,MSE_train_opt,0.008397073942792935,0.8115942028985508,1.0,30.420289855072465
1,BFGS_orig_results_f7_100_2,AIC,0.008422426118610148,0.7536231884057971,1.0,25.869565217391305
2,BFGS_orig_results_f7_100_2,BIC,0.008422426118610148,0.7536231884057971,1.0,25.869565217391305
3,BFGS_orig_results_f7_100_2,AICc,0.008422426118610148,0.7536231884057971,1.0,25.869565217391305
4,BFGS_orig_results_f7_100_2,MDL,0.008397109925675677,0.782608695652174,1.0,25.652173913043477
5,BFGS_orig_results_f7_100_2,Err_in,0.008211567478724832,0.782608695652174,1.0,30.507246376811594
