,dataset,criteria,avg_test_error,precision_at_k,ground_truth_hit,avg_size
0,BFGS_orig_results_f6_100_2,MSE_train_opt,0.0005905525782101284,0.7777777777777778,0.0,49.73015873015873
1,BFGS_orig_results_f6_100_2,AIC,0.0006473561432104014,0.6190476190476191,1.0,34.333333333333336
2,BFGS_orig_results_f6_100_2,BIC,0.0006473561432104014,0.6190476190476191,1.0,34.333333333333336
3,BFGS_orig_results_f6_100_2,AICc,0.0006473561432104014,0.6190476190476191,1.0,34.333333333333336
4,BFGS_orig_results_f6_100_2,MDL,0.0006351546712928065,0.6349206349206349,1.0,34.142857142857146
5,BFGS_orig_results_f6_100_2,Err_in,0.0005905525782101284,0.7777777777777778,0.0,49.73015873015873
