,dataset,criteria,avg_test_error,precision_at_k,ground_truth_hit,avg_size
0,BFGS_orig_results_f4_100_2,MSE_train_opt,0.003145608039979716,0.49206349206349204,0.0,45.87301587301587
1,BFGS_orig_results_f4_100_2,AIC,0.003112398007273639,0.6349206349206349,1.0,37.01587301587302
2,BFGS_orig_results_f4_100_2,BIC,0.0030946624161435317,0.6507936507936508,1.0,36.93650793650794
3,BFGS_orig_results_f4_100_2,AICc,0.0031123980072736398,0.6349206349206349,1.0,37.01587301587302
4,BFGS_orig_results_f4_100_2,MDL,0.0029029557924551397,0.6666666666666666,1.0,36.92063492063492
5,BFGS_orig_results_f4_100_2,Err_in,0.003145608039979716,0.49206349206349204,0.0,45.87301587301587
