,dataset,criteria,avg_test_error,precision_at_k,ground_truth_hit,avg_size
0,BFGS_orig_results_f1_100_10,MSE_train_opt,0.0297818381382782,0.0,0.0,43.0
1,BFGS_orig_results_f1_100_10,AIC,0.026624092121904926,0.25,0.0,35.0
2,BFGS_orig_results_f1_100_10,BIC,0.0237465777079747,0.25,1.0,32.75
3,BFGS_orig_results_f1_100_10,AICc,0.0237465777079747,0.25,1.0,32.75
4,BFGS_orig_results_f1_100_10,MDL,0.010617562169578024,0.0,1.0,28.5
5,BFGS_orig_results_f1_100_10,Err_in,0.007614970616753525,0.75,0.0,34.25
