,dataset,criteria,avg_test_error,precision_at_k,ground_truth_hit,avg_size
0,BFGS_cluster_results_f6_100_2,MSE_train_opt,0.08488524924782666,0.7142857142857143,0.0,58.57142857142857
1,BFGS_cluster_results_f6_100_2,AIC,0.08488524924782663,0.7142857142857143,0.0,58.57142857142857
2,BFGS_cluster_results_f6_100_2,BIC,0.5432594642421296,0.5714285714285714,1.0,42.642857142857146
3,BFGS_cluster_results_f6_100_2,AICc,0.2612768998511234,0.6428571428571429,1.0,50.357142857142854
4,BFGS_cluster_results_f6_100_2,MDL,0.6621927325057368,0.2857142857142857,1.0,29.642857142857142
5,BFGS_cluster_results_f6_100_2,Err_in,0.1289153876902505,0.14285714285714285,0.0,57.214285714285715
