,dataset,criteria,avg_test_error,precision_at_k,ground_truth_hit,avg_size
0,BFGS_pert_results_f4_100_2,MSE_train_opt,0.00836889218099742,0.8888888888888888,0.0,44.77777777777778
1,BFGS_pert_results_f4_100_2,AIC,0.00836889218099742,0.8888888888888888,0.0,44.77777777777778
2,BFGS_pert_results_f4_100_2,BIC,0.008824207801888372,0.8518518518518519,0.0,43.629629629629626
3,BFGS_pert_results_f4_100_2,AICc,0.00882420780188837,0.8518518518518519,0.0,43.629629629629626
4,BFGS_pert_results_f4_100_2,MDL,0.011585945588727307,0.6296296296296297,1.0,34.111111111111114
5,BFGS_pert_results_f4_100_2,Err_in,0.022616099890430456,0.37037037037037035,0.0,50.48148148148148
