,dataset,criteria,avg_test_error,precision_at_k,ground_truth_hit,avg_size
0,BFGS_orig_results_f4_100_2,MSE_train_opt,0.0027529696315274172,0.6666666666666666,0.0,46.986111111111114
1,BFGS_orig_results_f4_100_2,AIC,0.002731925282152366,0.7361111111111112,1.0,38.69444444444444
2,BFGS_orig_results_f4_100_2,BIC,0.0027319252821523666,0.7361111111111112,1.0,38.69444444444444
3,BFGS_orig_results_f4_100_2,AICc,0.002731925282152366,0.7361111111111112,1.0,38.69444444444444
4,BFGS_orig_results_f4_100_2,MDL,0.0027164907253785404,0.75,1.0,38.77777777777778
5,BFGS_orig_results_f4_100_2,Err_in,0.0027529696315274172,0.6666666666666666,0.0,46.986111111111114
