,dataset,criteria,avg_test_error,precision_at_k,ground_truth_hit,avg_size
0,BFGS_cluster_results_f5_100_3,MSE_train_opt,0.015060458873986519,0.5217391304347826,0.0,53.34782608695652
1,BFGS_cluster_results_f5_100_3,AIC,0.0075562419022256475,0.5217391304347826,1.0,36.69565217391305
2,BFGS_cluster_results_f5_100_3,BIC,0.0070569033017864385,0.6086956521739131,1.0,33.391304347826086
3,BFGS_cluster_results_f5_100_3,AICc,0.0074487565299487775,0.5217391304347826,1.0,34.95652173913044
4,BFGS_cluster_results_f5_100_3,MDL,0.0071801243171897835,0.5652173913043478,1.0,31.695652173913043
5,BFGS_cluster_results_f5_100_3,Err_in,0.009104530002783833,0.5217391304347826,1.0,36.21739130434783
