,dataset,criteria,avg_test_error,precision_at_k,ground_truth_hit,avg_size
0,BFGS_orig_results_f7_100_2,MSE_train_opt,0.00840293597971626,0.7419354838709677,1.0,30.580645161290324
1,BFGS_orig_results_f7_100_2,AIC,0.008431149697915395,0.6774193548387096,1.0,25.338709677419356
2,BFGS_orig_results_f7_100_2,BIC,0.008431149697915395,0.6774193548387096,1.0,25.338709677419356
3,BFGS_orig_results_f7_100_2,AICc,0.008431149697915395,0.6774193548387096,1.0,25.338709677419356
4,BFGS_orig_results_f7_100_2,MDL,0.008403049355569035,0.7258064516129032,1.0,25.129032258064516
5,BFGS_orig_results_f7_100_2,Err_in,0.008196201687974632,0.7096774193548387,1.0,30.870967741935484
